datetime,temp,humidity,precip,windgust,windspeed,winddir,sealevelpressure,cloudcover,visibility
2026-01-01 00:00:00,26.6,88.8,0.8,14.8,12.6,49.4,1008.0,100.0,
2026-01-01 01:00:00,26.7,87.23,0.2,15.5,11.9,47.7,1008.0,98.1,
2026-01-01 02:00:00,26.7,87.23,0.2,16.6,11.5,45.0,1007.0,99.5,
2026-01-01 03:00:00,26.3,88.78,0.5,17.3,11.2,43.4,1007.0,99.0,
2026-01-01 04:00:00,26.1,89.83,0.2,17.6,11.2,45.0,1008.0,98.4,
2026-01-01 05:00:00,26.2,88.77,0.3,17.3,10.8,49.3,1008.0,99.5,
2026-01-01 06:00:00,26.9,86.21,0.3,18.0,10.4,52.3,1008.0,98.1,
2026-01-01 07:00:00,26.9,86.21,0.2,19.1,11.2,62.5,1009.0,98.5,
2026-01-01 08:00:00,27.1,85.71,0.2,19.4,10.4,61.3,1010.0,98.0,
2026-01-01 09:00:00,27.2,85.21,0.1,19.1,10.1,55.0,1010.0,95.6,
2026-01-01 10:00:00,27.3,84.21,0.1,18.0,8.6,47.7,1011.0,95.1,
2026-01-01 11:00:00,27.5,82.73,0.1,16.2,7.6,38.4,1010.0,94.4,
2026-01-01 12:00:00,27.6,81.75,0.0,14.4,7.9,33.9,1009.0,96.3,
2026-01-01 13:00:00,27.7,80.79,0.0,14.0,7.2,26.6,1008.0,90.5,
2026-01-01 14:00:00,27.8,80.32,0.0,12.6,7.6,353.0,1007.0,96.8,
2026-01-01 15:00:00,27.9,79.85,0.0,15.1,9.4,344.6,1007.0,95.4,
2026-01-01 16:00:00,27.9,79.38,0.0,15.1,9.0,341.9,1008.0,100.0,
2026-01-01 17:00:00,28.0,79.87,0.0,15.8,11.9,353.7,1008.0,99.0,
2026-01-01 18:00:00,27.8,81.78,0.0,17.3,12.6,358.4,1008.0,99.0,
2026-01-01 19:00:00,27.9,81.3,0.0,20.2,14.0,1.0,1009.0,98.1,
2026-01-01 20:00:00,27.9,81.79,0.0,20.5,15.1,11.2,1009.0,98.0,
2026-01-01 21:00:00,27.6,81.75,0.2,22.7,16.6,23.1,1010.0,97.0,
2026-01-01 22:00:00,26.9,84.67,1.3,23.4,15.5,31.8,1010.0,100.0,
2026-01-01 23:00:00,26.6,86.18,1.2,20.9,15.8,41.8,1010.0,99.5,
2026-01-02 00:00:00,26.1,89.3,1.8,17.3,16.9,38.7,1010.0,98.1,
2026-01-02 01:00:00,25.8,90.35,1.9,15.1,14.4,25.1,1010.0,99.1,
2026-01-02 02:00:00,26.0,87.69,0.9,14.4,14.0,35.4,1009.0,100.0,
2026-01-02 03:00:00,26.1,85.61,0.6,20.5,13.0,34.2,1009.0,99.0,
2026-01-02 04:00:00,25.9,87.69,0.6,19.1,10.4,40.6,1010.0,100.0,
2026-01-02 05:00:00,25.9,87.16,0.7,18.7,11.2,35.1,1009.0,100.0,
2026-01-02 06:00:00,26.3,86.67,0.3,20.9,13.0,20.4,1010.0,98.7,
2026-01-02 07:00:00,26.4,86.16,0.2,21.2,14.0,21.8,1010.0,97.3,
2026-01-02 08:00:00,26.4,86.68,0.5,19.8,16.2,30.7,1011.0,97.2,
2026-01-02 09:00:00,26.2,88.24,0.8,18.4,17.6,33.5,1011.0,92.9,
2026-01-02 10:00:00,26.3,87.72,0.2,17.6,18.7,36.5,1011.0,92.5,
2026-01-02 11:00:00,26.4,86.68,0.2,17.6,18.7,37.6,1011.0,89.2,
2026-01-02 12:00:00,26.7,84.65,0.0,19.4,17.3,32.8,1011.0,97.0,
2026-01-02 13:00:00,26.9,83.66,0.0,20.2,15.1,23.8,1009.0,97.4,
2026-01-02 14:00:00,27.1,82.68,0.0,20.2,15.5,17.0,1009.0,96.4,
2026-01-02 15:00:00,27.3,81.72,0.1,22.3,16.6,19.8,1009.0,99.7,
2026-01-02 16:00:00,27.4,81.73,0.2,24.1,17.3,31.5,1009.0,96.9,
2026-01-02 17:00:00,26.6,85.15,0.3,25.6,18.7,38.6,1010.0,100.0,
2026-01-02 18:00:00,26.3,88.25,1.1,26.3,16.9,31.2,1010.0,100.0,
2026-01-02 19:00:00,26.1,88.23,1.9,26.3,14.8,29.5,1011.0,99.5,
2026-01-02 20:00:00,26.5,86.17,0.6,25.2,17.3,19.9,1012.0,100.0,
2026-01-02 21:00:00,26.7,82.64,0.3,24.5,19.8,22.3,1012.0,99.1,
2026-01-02 22:00:00,26.7,83.14,0.9,24.8,19.4,21.6,1013.0,100.0,
2026-01-02 23:00:00,26.8,82.65,0.5,23.0,18.0,21.4,1013.0,99.5,
2026-01-03 00:00:00,26.4,85.13,1.1,22.0,18.0,23.0,1012.0,99.4,
2026-01-03 01:00:00,26.4,84.62,0.6,23.0,19.1,23.8,1012.0,100.0,
2026-01-03 02:00:00,26.7,82.14,0.3,26.3,20.5,26.9,1011.0,98.5,
2026-01-03 03:00:00,26.4,84.11,0.5,30.2,22.3,29.0,1011.0,100.0,
2026-01-03 04:00:00,26.5,83.62,0.2,34.6,25.9,32.6,1011.0,99.0,
2026-01-03 05:00:00,26.9,81.18,0.1,38.2,30.2,35.8,1011.0,99.5,
2026-01-03 06:00:00,27.0,80.22,0.1,40.3,28.4,33.9,1010.0,98.2,
2026-01-03 07:00:00,27.1,79.27,0.1,40.3,27.0,31.5,1011.0,99.1,
2026-01-03 08:00:00,27.1,79.75,0.1,39.2,27.0,28.6,1012.0,99.4,
2026-01-03 09:00:00,27.1,80.71,0.1,39.2,26.3,28.5,1012.0,100.0,
2026-01-03 10:00:00,27.2,80.73,0.1,38.9,26.6,31.1,1013.0,100.0,
2026-01-03 11:00:00,27.2,80.73,0.1,38.2,26.6,29.6,1012.0,99.6,
2026-01-03 12:00:00,27.3,79.77,0.1,37.8,26.3,25.4,1012.0,99.0,
2026-01-03 13:00:00,27.2,80.24,0.2,37.4,26.6,25.8,1010.0,99.6,
2026-01-03 14:00:00,27.0,82.17,0.3,36.7,28.1,31.4,1010.0,98.2,
2026-01-03 15:00:00,26.9,84.16,0.9,39.2,28.1,37.3,1009.0,99.5,
2026-01-03 16:00:00,26.8,85.17,0.9,38.9,26.6,39.1,1009.0,98.1,
2026-01-03 17:00:00,26.9,84.67,1.4,37.4,26.6,43.5,1010.0,97.5,
2026-01-03 18:00:00,26.5,86.69,1.4,38.9,26.3,26.8,1010.0,100.0,
2026-01-03 19:00:00,26.7,83.64,1.2,41.4,31.0,40.8,1010.0,100.0,
2026-01-03 20:00:00,26.9,82.66,0.8,41.8,33.5,48.1,1011.0,99.6,
2026-01-03 21:00:00,27.0,81.68,0.5,42.1,34.9,53.6,1012.0,100.0,
2026-01-03 22:00:00,26.6,84.13,0.4,41.8,33.8,57.1,1012.0,100.0,
2026-01-03 23:00:00,26.4,86.16,0.6,40.7,32.0,57.4,1012.0,100.0,
2026-01-04 00:00:00,26.4,86.16,0.7,40.7,30.2,55.9,1011.0,100.0,
2026-01-04 01:00:00,26.6,84.13,0.5,42.8,31.3,54.0,1011.0,100.0,
2026-01-04 02:00:00,26.5,84.12,0.4,42.5,32.0,55.0,1010.0,100.0,
2026-01-04 03:00:00,26.6,83.63,9.4,51.8,36.4,63.1,1010.0,100.0,
2026-01-04 04:00:00,26.6,83.63,7.7,52.6,39.6,66.5,1010.0,100.0,
2026-01-04 05:00:00,26.6,83.12,3.9,52.9,40.3,64.1,1011.0,100.0,
2026-01-04 06:00:00,26.5,84.12,1.9,54.7,37.4,32.4,1012.0,100.0,
2026-01-04 07:00:00,26.6,83.63,1.0,56.5,41.4,34.3,1012.0,100.0,
2026-01-04 08:00:00,26.6,84.13,0.8,56.9,45.4,36.9,1013.0,100.0,
2026-01-04 09:00:00,26.7,83.14,0.6,56.5,46.8,38.2,1013.0,100.0,
2026-01-04 10:00:00,26.9,82.16,0.4,55.4,45.7,35.6,1013.0,100.0,
2026-01-04 11:00:00,26.9,81.67,0.5,52.2,43.2,32.2,1013.0,100.0,
2026-01-04 12:00:00,26.6,84.64,0.7,50.8,42.5,30.0,1012.0,100.0,
2026-01-04 13:00:00,26.6,84.64,0.7,48.2,43.9,29.5,1011.0,100.0,
2026-01-04 14:00:00,26.8,83.15,0.6,45.0,45.0,28.6,1010.0,100.0,
2026-01-04 15:00:00,26.9,81.67,3.8,64.1,47.9,29.9,1010.0,100.0,
2026-01-04 16:00:00,27.0,79.73,4.3,65.5,46.1,30.6,1011.0,100.0,
2026-01-04 17:00:00,26.8,81.16,4.3,64.1,45.4,31.2,1011.0,100.0,
2026-01-04 18:00:00,26.6,82.62,3.5,62.3,33.5,35.9,1011.0,100.0,
2026-01-04 19:00:00,26.5,84.12,2.6,60.8,33.5,40.5,1012.0,100.0,
2026-01-04 20:00:00,26.4,85.64,1.7,59.4,36.4,37.4,1013.0,100.0,
2026-01-04 21:00:00,26.2,87.71,1.2,58.3,38.5,36.6,1013.0,100.0,
2026-01-04 22:00:00,26.3,87.72,1.3,54.0,42.5,38.5,1012.0,100.0,
2026-01-04 23:00:00,26.5,84.63,1.7,49.7,40.3,37.9,1012.0,100.0,
2026-01-05 00:00:00,26.5,84.63,1.6,50.0,35.3,34.9,1013.0,100.0,
2026-01-05 01:00:00,26.4,85.13,1.1,49.7,36.0,31.7,1012.0,100.0,
2026-01-05 02:00:00,26.2,86.14,0.8,47.9,36.4,27.3,1011.0,100.0,
2026-01-05 03:00:00,26.4,84.11,0.5,48.6,34.9,23.5,1010.0,100.0,
2026-01-05 04:00:00,26.7,83.14,0.6,47.2,33.5,22.0,1010.0,100.0,
2026-01-05 05:00:00,26.9,83.16,0.2,47.2,34.9,23.5,1010.0,100.0,
2026-01-05 06:00:00,26.5,84.12,0.2,49.0,37.8,26.7,1011.0,100.0,
2026-01-05 07:00:00,26.8,81.66,0.3,50.8,38.9,28.8,1011.0,100.0,
2026-01-05 08:00:00,26.8,83.15,0.4,50.4,38.2,31.4,1012.0,100.0,
2026-01-05 09:00:00,26.7,84.14,0.6,46.8,34.9,35.6,1012.0,100.0,
2026-01-05 10:00:00,26.4,87.2,1.3,42.8,32.8,36.3,1012.0,100.0,
2026-01-05 11:00:00,26.4,86.68,1.5,36.7,28.1,30.8,1011.0,100.0,
2026-01-05 12:00:00,26.2,87.19,1.3,31.7,25.2,21.1,1011.0,100.0,
2026-01-05 13:00:00,26.5,84.12,0.5,28.8,22.3,17.8,1010.0,96.9,
2026-01-05 14:00:00,26.7,83.64,0.1,28.4,18.4,21.2,1009.0,96.4,
2026-01-05 15:00:00,26.9,83.16,0.1,24.1,16.6,31.9,1009.0,98.1,
2026-01-05 16:00:00,27.1,82.19,0.0,22.3,16.9,43.3,1009.0,96.1,
2026-01-05 17:00:00,27.1,82.19,0.0,24.1,18.0,57.6,1009.0,94.4,
2026-01-05 18:00:00,27.4,84.22,0.0,26.3,21.2,64.5,1010.0,96.8,
2026-01-05 19:00:00,27.6,83.24,0.0,25.9,16.6,62.5,1011.0,96.7,
2026-01-05 20:00:00,27.7,82.75,0.0,22.3,13.7,51.4,1012.0,89.0,
2026-01-05 21:00:00,27.5,82.73,0.2,17.6,15.5,49.5,1012.0,89.1,
2026-01-05 22:00:00,27.3,83.7,0.2,18.7,17.6,51.5,1012.0,79.3,
2026-01-05 23:00:00,27.4,83.22,0.0,21.6,18.7,53.5,1012.0,76.1,
2026-01-06 00:00:00,27.3,83.7,0.0,22.0,20.2,57.0,1011.0,52.6,
2026-01-06 01:00:00,27.2,83.69,0.0,21.6,19.8,55.9,1011.0,38.8,
2026-01-06 02:00:00,27.0,83.17,0.3,20.5,19.4,60.0,1010.0,28.8,
2026-01-06 03:00:00,26.5,85.65,0.3,25.2,17.6,65.0,1010.0,47.2,
2026-01-06 04:00:00,26.3,86.15,0.5,23.4,15.8,69.5,1010.0,60.4,
2026-01-06 05:00:00,26.4,86.16,0.5,22.0,15.5,66.0,1010.0,84.9,
2026-01-06 06:00:00,26.8,85.17,0.4,23.8,15.1,35.8,1010.0,95.4,
2026-01-06 07:00:00,26.8,85.68,0.3,23.8,15.5,34.6,1011.0,81.0,
2026-01-06 08:00:00,26.9,85.69,0.1,22.7,18.4,32.5,1012.0,52.9,
2026-01-06 09:00:00,27.0,85.19,0.1,21.6,21.2,34.9,1012.0,54.5,
2026-01-06 10:00:00,27.0,84.68,0.2,22.3,23.4,39.1,1012.0,81.2,
2026-01-06 11:00:00,26.8,85.68,0.3,22.7,23.4,39.3,1012.0,81.6,
2026-01-06 12:00:00,26.7,86.19,0.2,21.6,22.3,35.6,1011.0,79.8,
2026-01-06 13:00:00,26.7,86.71,0.1,22.3,22.0,29.8,1010.0,64.7,
2026-01-06 14:00:00,27.0,84.18,0.0,23.0,21.2,26.5,1009.0,46.9,
2026-01-06 15:00:00,27.1,84.19,0.0,31.3,24.8,22.7,1009.0,41.0,
2026-01-06 16:00:00,26.8,85.68,0.1,35.6,28.1,29.2,1009.0,61.1,
2026-01-06 17:00:00,26.6,86.7,0.0,36.0,27.0,29.5,1010.0,74.4,
2026-01-06 18:00:00,27.3,82.71,0.3,35.3,24.1,21.4,1010.0,90.6,
2026-01-06 19:00:00,27.2,82.2,0.6,33.5,23.8,24.7,1011.0,98.8,
2026-01-06 20:00:00,27.2,82.2,0.4,29.9,23.8,30.2,1012.0,99.1,
2026-01-06 21:00:00,27.3,81.72,0.2,28.8,24.1,34.3,1012.0,99.5,
2026-01-06 22:00:00,27.0,82.67,0.3,27.7,23.8,36.9,1012.0,100.0,
2026-01-06 23:00:00,26.8,83.65,0.6,25.2,22.3,37.0,1012.0,99.5,
2026-01-07 00:00:00,26.8,83.65,0.4,23.4,20.9,36.3,1011.0,98.6,
2026-01-07 01:00:00,27.0,82.67,0.1,22.0,20.2,32.8,1010.0,95.2,
2026-01-07 02:00:00,27.0,82.67,0.1,22.3,20.9,31.0,1010.0,92.8,
2026-01-07 03:00:00,26.5,86.17,0.2,27.4,21.6,30.6,1010.0,84.0,
2026-01-07 04:00:00,26.0,89.83,0.5,26.6,20.2,30.1,1010.0,58.5,
2026-01-07 05:00:00,25.8,89.81,0.7,26.3,19.4,27.7,1011.0,54.2,
2026-01-07 06:00:00,26.4,87.2,0.7,25.6,20.5,24.9,1011.0,57.2,
2026-01-07 07:00:00,26.2,88.24,0.6,25.6,21.2,28.0,1012.0,94.5,
2026-01-07 08:00:00,26.2,88.77,0.3,28.4,22.0,30.7,1013.0,87.4,
2026-01-07 09:00:00,26.3,88.25,0.3,30.2,22.0,32.3,1013.0,88.2,
2026-01-07 10:00:00,26.6,86.18,0.1,29.9,21.2,31.3,1013.0,91.0,
2026-01-07 11:00:00,26.9,84.16,0.0,28.8,21.2,27.8,1012.0,92.5,
2026-01-07 12:00:00,27.0,83.67,0.1,28.8,23.0,27.7,1011.0,93.5,
2026-01-07 13:00:00,26.9,84.16,0.1,28.8,22.0,17.8,1011.0,96.0,
2026-01-07 14:00:00,26.9,83.16,0.2,28.1,20.9,10.1,1010.0,98.1,
2026-01-07 15:00:00,27.0,83.67,0.7,27.7,20.2,5.3,1010.0,98.6,
2026-01-07 16:00:00,26.5,85.65,0.4,28.8,21.2,5.2,1010.0,98.0,
2026-01-07 17:00:00,26.4,85.13,0.5,32.4,22.7,12.2,1012.0,100.0,
2026-01-07 18:00:00,26.4,87.2,0.1,32.8,17.6,354.4,1011.0,99.5,
2026-01-07 19:00:00,26.5,86.69,0.0,29.5,18.4,343.7,1012.0,98.6,
2026-01-07 20:00:00,26.6,85.66,0.0,27.7,18.7,349.9,1013.0,100.0,
2026-01-07 21:00:00,26.8,84.66,0.0,26.6,19.1,357.6,1013.0,97.8,
2026-01-07 22:00:00,26.8,85.17,0.0,24.5,20.5,0.3,1013.0,97.3,
2026-01-07 23:00:00,26.7,85.67,0.1,22.7,19.8,2.5,1013.0,99.0,
2026-01-08 00:00:00,26.4,86.68,0.3,22.3,19.8,359.3,1012.0,97.7,
2026-01-08 01:00:00,26.3,86.15,0.4,21.2,21.6,356.6,1012.0,97.6,
2026-01-08 02:00:00,26.3,85.12,0.2,18.4,20.9,1.2,1011.0,98.5,
2026-01-08 03:00:00,26.3,85.12,0.1,28.1,18.4,13.9,1011.0,99.0,
2026-01-08 04:00:00,26.6,83.63,0.0,26.3,16.9,23.4,1011.0,98.0,
2026-01-08 05:00:00,26.6,84.13,0.0,23.4,15.5,36.2,1011.0,97.5,
2026-01-08 06:00:00,26.7,84.14,0.0,22.7,15.5,60.6,1011.0,96.2,
2026-01-08 07:00:00,26.9,83.16,0.0,24.1,17.6,64.8,1012.0,96.1,
2026-01-08 08:00:00,27.0,82.67,0.0,25.2,19.1,75.0,1012.0,96.0,
2026-01-08 09:00:00,27.1,82.19,0.0,25.6,19.1,78.6,1013.0,96.2,
2026-01-08 10:00:00,27.2,81.71,0.0,25.2,17.6,75.6,1013.0,96.6,
2026-01-08 11:00:00,27.3,81.23,0.0,23.8,16.6,74.2,1012.0,98.5,
2026-01-08 12:00:00,27.5,80.28,0.0,23.0,14.8,70.9,1012.0,97.4,
2026-01-08 13:00:00,27.8,78.41,0.0,22.7,13.7,63.9,1011.0,95.2,
2026-01-08 14:00:00,28.0,76.57,0.0,20.9,12.2,55.0,1010.0,93.0,
2026-01-08 15:00:00,28.2,75.23,0.0,16.2,9.4,35.7,1009.0,99.0,
2026-01-08 16:00:00,28.2,76.14,0.0,13.7,9.0,0.8,1009.0,96.5,
2026-01-08 17:00:00,28.1,78.45,0.0,15.5,11.5,346.5,1010.0,89.4,
2026-01-08 18:00:00,27.8,82.76,0.0,18.7,14.0,343.5,1010.0,47.7,
2026-01-08 19:00:00,27.7,84.76,0.0,21.2,15.8,348.3,1011.0,81.1,
2026-01-08 20:00:00,27.7,85.77,0.0,22.7,16.2,0.5,1012.0,87.6,
2026-01-08 21:00:00,27.4,83.22,0.2,25.9,16.9,23.1,1012.0,97.4,
2026-01-08 22:00:00,27.2,82.69,0.1,29.9,19.4,41.8,1011.0,96.8,
2026-01-08 23:00:00,27.0,83.67,0.2,32.8,21.6,50.5,1012.0,98.1,
2026-01-09 00:00:00,26.7,85.67,0.1,32.4,22.7,52.0,1011.0,98.5,
2026-01-09 01:00:00,26.7,85.67,0.1,30.6,23.0,51.5,1011.0,95.0,
2026-01-09 02:00:00,26.7,85.16,0.1,29.9,22.0,54.4,1010.0,94.1,
2026-01-09 03:00:00,26.7,84.65,0.1,28.8,21.6,58.5,1010.0,97.1,
2026-01-09 04:00:00,26.7,85.16,0.1,28.4,22.0,63.9,1010.0,95.5,
2026-01-09 05:00:00,26.6,85.66,0.2,29.2,21.6,70.0,1010.0,95.6,
2026-01-09 06:00:00,26.7,85.16,0.2,29.2,18.0,60.4,1010.0,99.0,
2026-01-09 07:00:00,26.7,85.67,0.1,28.4,15.8,59.6,1011.0,94.3,
2026-01-09 08:00:00,26.8,85.17,0.0,27.0,15.8,55.4,1011.0,82.3,
2026-01-09 09:00:00,26.8,85.17,0.1,25.6,15.8,55.6,1012.0,83.8,
2026-01-09 10:00:00,26.7,85.67,0.2,25.6,17.3,56.4,1012.0,98.1,
2026-01-09 11:00:00,26.5,86.69,0.3,25.9,18.4,54.7,1011.0,100.0,
2026-01-09 12:00:00,26.5,86.69,0.2,26.3,19.1,50.2,1011.0,97.8,
2026-01-09 13:00:00,26.6,86.18,0.3,27.4,17.6,43.1,1010.0,92.9,
2026-01-09 14:00:00,26.9,84.16,0.1,27.7,16.9,37.6,1009.0,77.6,
2026-01-09 15:00:00,27.1,83.68,0.0,23.8,17.3,34.9,1009.0,46.8,
2026-01-09 16:00:00,27.4,81.73,0.0,23.4,16.9,36.4,1009.0,44.5,
2026-01-09 17:00:00,27.6,81.27,0.0,24.1,19.4,50.7,1010.0,64.9,
2026-01-09 18:00:00,27.3,84.21,0.1,27.0,16.9,30.7,1010.0,48.3,
2026-01-09 19:00:00,27.2,84.2,0.1,28.1,19.8,45.6,1011.0,57.4,
2026-01-09 20:00:00,27.3,83.7,0.0,32.4,21.6,56.2,1011.0,77.6,
2026-01-09 21:00:00,27.2,83.19,0.1,32.8,20.5,66.4,1011.0,72.3,
2026-01-09 22:00:00,27.2,82.2,0.1,28.8,20.9,74.8,1011.0,88.0,
2026-01-09 23:00:00,26.9,83.66,0.2,25.2,20.5,83.2,1011.0,98.6,
2026-01-10 00:00:00,26.9,83.66,0.2,23.0,18.7,88.5,1011.0,96.1,
2026-01-10 01:00:00,26.9,83.66,0.0,20.2,16.6,85.8,1010.0,98.1,
2026-01-10 02:00:00,26.8,84.15,0.1,20.2,16.2,87.4,1010.0,99.5,
2026-01-10 03:00:00,26.5,84.12,0.1,22.7,15.8,90.2,1010.0,99.5,
2026-01-10 04:00:00,26.5,84.12,0.1,22.3,14.0,90.6,1010.0,95.3,
2026-01-10 05:00:00,26.4,84.62,0.0,20.2,10.1,79.8,1010.0,97.4,
2026-01-10 06:00:00,26.8,83.15,0.0,15.5,13.7,65.5,1010.0,99.6,
2026-01-10 07:00:00,26.6,84.13,0.2,22.3,17.6,82.5,1011.0,99.9,
2026-01-10 08:00:00,26.7,83.64,0.1,24.5,14.0,78.6,1012.0,98.1,
2026-01-10 09:00:00,26.8,83.15,0.0,22.7,12.6,72.1,1012.0,100.0,
2026-01-10 10:00:00,27.0,82.67,0.0,19.4,12.2,92.0,1013.0,100.0,
2026-01-10 11:00:00,27.0,82.67,0.1,23.0,2.5,9.9,1011.0,100.0,
2026-01-10 12:00:00,27.2,80.73,0.1,22.7,5.4,91.1,1011.0,100.0,
2026-01-10 13:00:00,27.3,80.26,0.0,18.4,6.8,74.5,1011.0,100.0,
2026-01-10 14:00:00,27.3,80.26,0.0,11.5,3.2,21.0,1009.0,100.0,
2026-01-10 15:00:00,27.3,81.72,1.5,16.6,13.3,27.3,1010.0,100.0,
2026-01-10 16:00:00,27.4,81.73,2.6,24.1,18.7,27.4,1010.0,100.0,
2026-01-10 17:00:00,27.5,81.74,1.9,28.1,23.8,38.2,1011.0,100.0,
2026-01-10 18:00:00,26.9,86.21,1.5,32.8,24.5,34.3,1012.0,100.0,
2026-01-10 19:00:00,27.1,85.2,1.0,32.4,22.7,35.7,1012.0,100.0,
2026-01-10 20:00:00,27.2,84.7,0.4,29.2,24.8,46.2,1013.0,100.0,
2026-01-10 21:00:00,27.3,81.72,0.1,27.0,27.0,58.1,1013.0,100.0,
2026-01-10 22:00:00,27.2,80.24,0.0,27.0,26.3,62.2,1013.0,100.0,
2026-01-10 23:00:00,27.2,76.45,0.0,26.6,23.4,62.2,1012.0,99.9,
2026-01-11 00:00:00,27.2,73.71,0.0,20.9,19.1,61.2,1012.0,100.0,
2026-01-11 01:00:00,27.1,73.69,0.0,14.4,15.1,59.5,1012.0,100.0,
2026-01-11 02:00:00,27.0,75.04,0.0,15.8,13.7,77.0,1011.0,99.6,
2026-01-11 03:00:00,27.0,75.5,0.0,19.4,14.4,86.9,1011.0,96.7,
2026-01-11 04:00:00,26.9,75.48,0.0,18.4,13.0,87.8,1012.0,98.4,
2026-01-11 05:00:00,27.0,75.5,0.0,17.6,10.8,92.2,1012.0,96.9,
2026-01-11 06:00:00,27.0,74.58,0.0,15.5,7.6,56.0,1013.0,96.5,
2026-01-11 07:00:00,27.0,75.5,0.0,12.2,10.8,60.4,1014.0,98.5,
2026-01-11 08:00:00,27.1,75.51,0.0,12.2,13.7,72.5,1014.0,99.1,
2026-01-11 09:00:00,27.2,75.07,0.0,11.9,14.4,74.4,1015.0,100.0,
2026-01-11 10:00:00,27.2,75.07,0.0,10.1,14.8,74.7,1014.0,100.0,
2026-01-11 11:00:00,27.2,75.53,0.0,10.1,12.6,70.0,1014.0,99.9,
2026-01-11 12:00:00,27.3,75.09,0.0,11.5,9.7,58.8,1013.0,100.0,
2026-01-11 13:00:00,27.3,75.09,0.0,13.0,9.4,44.6,1012.0,100.0,
2026-01-11 14:00:00,27.4,75.1,0.0,14.8,9.7,40.6,1011.0,99.0,
2026-01-11 15:00:00,27.4,76.02,0.0,16.2,11.2,36.0,1011.0,100.0,
2026-01-11 16:00:00,27.2,79.28,0.0,18.0,12.6,29.7,1011.0,100.0,
2026-01-11 17:00:00,26.9,82.66,0.0,18.4,13.3,26.4,1011.0,98.2,
2026-01-11 18:00:00,27.4,81.24,0.0,19.4,13.3,25.8,1012.0,98.1,
2026-01-11 19:00:00,27.3,82.21,0.1,22.7,14.8,22.2,1013.0,99.0,
2026-01-11 20:00:00,27.3,82.71,0.1,22.0,14.4,21.5,1013.0,100.0,
2026-01-11 21:00:00,27.1,83.68,0.3,24.8,16.6,16.2,1014.0,98.2,
2026-01-11 22:00:00,26.9,84.16,0.2,27.0,16.9,17.0,1014.0,100.0,
2026-01-11 23:00:00,26.9,83.16,0.1,27.4,17.3,17.8,1013.0,100.0,
2026-01-12 00:00:00,26.9,83.16,0.0,27.0,18.7,21.9,1013.0,100.0,
2026-01-12 01:00:00,27.0,82.67,0.0,27.0,20.2,28.3,1013.0,99.6,
2026-01-12 02:00:00,27.0,83.17,0.0,28.4,22.0,33.2,1012.0,99.6,
2026-01-12 03:00:00,27.0,83.17,0.0,29.5,22.3,39.4,1012.0,97.6,
2026-01-12 04:00:00,26.9,83.66,0.1,29.5,21.6,44.8,1012.0,63.7,
2026-01-12 05:00:00,26.9,83.66,0.1,28.8,20.5,50.5,1012.0,50.7,
2026-01-12 06:00:00,26.9,83.16,0.1,27.4,19.1,39.7,1012.0,66.8,
2026-01-12 07:00:00,27.0,82.67,0.0,25.9,20.2,39.8,1013.0,80.0,
2026-01-12 08:00:00,27.1,82.19,0.0,27.7,20.9,38.2,1014.0,92.9,
2026-01-12 09:00:00,27.3,81.72,0.0,28.4,21.6,38.0,1014.0,95.6,
2026-01-12 10:00:00,27.3,81.72,0.0,28.4,22.0,42.1,1014.0,99.6,
2026-01-12 11:00:00,27.4,81.24,0.0,27.7,20.5,44.7,1013.0,99.5,
2026-01-12 12:00:00,27.4,81.24,0.0,26.3,18.0,42.3,1012.0,97.5,
2026-01-12 13:00:00,27.6,80.29,0.0,24.1,16.6,36.0,1012.0,97.3,
2026-01-12 14:00:00,27.7,79.35,0.0,21.2,15.8,26.4,1011.0,94.6,
2026-01-12 15:00:00,27.8,78.89,0.0,21.2,15.5,17.6,1010.0,71.3,
2026-01-12 16:00:00,27.8,79.36,0.0,20.9,15.8,12.6,1010.0,38.4,
2026-01-12 17:00:00,27.8,80.32,0.0,22.0,16.6,12.9,1011.0,15.5,
2026-01-12 18:00:00,27.4,83.22,0.1,24.5,15.8,7.1,1012.0,29.8,
2026-01-12 19:00:00,27.1,84.19,0.2,26.3,17.3,7.7,1012.0,24.2,
2026-01-12 20:00:00,27.0,83.67,0.2,28.4,16.2,18.7,1013.0,29.3,
2026-01-12 21:00:00,27.2,81.71,0.0,25.9,14.8,38.0,1013.0,98.6,
2026-01-12 22:00:00,27.3,81.23,0.0,22.7,14.8,51.4,1013.0,100.0,
2026-01-12 23:00:00,27.3,81.23,0.0,19.8,15.1,54.6,1013.0,100.0,
2026-01-13 00:00:00,27.2,81.71,0.0,18.7,15.8,54.8,1012.0,100.0,
2026-01-13 01:00:00,27.2,81.71,0.0,20.5,16.2,57.7,1012.0,96.2,
2026-01-13 02:00:00,27.1,82.19,0.0,21.6,15.1,60.3,1011.0,95.0,
2026-01-13 03:00:00,27.0,82.67,0.0,19.8,14.0,63.8,1011.0,95.8,
2026-01-13 04:00:00,26.9,83.16,0.0,19.1,13.3,64.7,1011.0,96.6,
2026-01-13 05:00:00,26.9,83.66,0.0,19.1,13.0,65.0,1011.0,94.5,
2026-01-13 06:00:00,26.9,81.67,0.0,19.1,16.2,59.6,1012.0,96.7,
2026-01-13 07:00:00,26.9,81.67,0.0,19.8,16.9,59.2,1012.0,95.8,
2026-01-13 08:00:00,26.9,81.67,0.0,20.9,17.6,60.4,1013.0,87.3,
2026-01-13 09:00:00,27.0,81.68,0.0,20.9,16.9,60.1,1013.0,81.7,
2026-01-13 10:00:00,27.0,81.68,0.0,20.2,14.8,54.3,1013.0,75.6,
2026-01-13 11:00:00,27.1,81.2,0.0,19.8,13.0,45.6,1012.0,82.9,
2026-01-13 12:00:00,27.1,81.69,0.0,19.4,11.5,38.3,1012.0,88.9,
2026-01-13 13:00:00,27.1,82.19,0.0,19.1,11.2,26.8,1011.0,73.0,
2026-01-13 14:00:00,27.1,82.68,0.0,20.9,11.2,14.1,1010.0,73.8,
2026-01-13 15:00:00,27.1,83.18,0.0,16.6,11.5,1.9,1010.0,79.5,
2026-01-13 16:00:00,27.2,83.19,0.0,17.6,13.0,355.7,1010.0,41.4,
2026-01-13 17:00:00,27.2,84.2,0.0,18.0,13.0,359.7,1010.0,48.9,
2026-01-13 18:00:00,27.3,82.71,0.0,17.6,11.9,359.5,1011.0,99.4,
2026-01-13 19:00:00,27.3,83.2,0.0,18.4,14.4,3.2,1011.0,100.0,
2026-01-13 20:00:00,27.4,83.72,0.0,20.5,16.9,3.0,1011.0,100.0,
2026-01-13 21:00:00,27.3,83.2,0.0,24.1,17.6,10.6,1011.0,100.0,
2026-01-13 22:00:00,27.4,80.27,0.1,26.3,17.6,24.0,1011.0,100.0,
2026-01-13 23:00:00,27.5,77.9,0.1,27.4,18.0,43.0,1011.0,100.0,
2026-01-14 00:00:00,27.5,77.43,0.0,27.0,18.0,54.9,1011.0,100.0,
2026-01-14 01:00:00,27.4,77.41,0.0,25.9,18.4,55.3,1011.0,100.0,
2026-01-14 02:00:00,27.3,77.87,0.0,23.8,18.4,59.2,1010.0,100.0,
2026-01-14 03:00:00,27.2,78.33,0.0,24.8,19.1,62.2,1010.0,100.0,
2026-01-14 04:00:00,27.1,78.79,0.0,25.2,19.1,62.8,1010.0,100.0,
2026-01-14 05:00:00,27.0,79.25,0.0,25.2,18.4,56.6,1010.0,100.0,
2026-01-14 06:00:00,27.0,79.25,0.0,23.8,16.2,47.9,1010.0,100.0,
2026-01-14 07:00:00,27.1,78.79,0.0,22.3,16.9,43.7,1011.0,100.0,
2026-01-14 08:00:00,27.1,78.79,0.0,22.7,16.2,45.8,1011.0,100.0,
2026-01-14 09:00:00,27.1,79.27,0.0,23.4,16.9,45.0,1012.0,100.0,
2026-01-14 10:00:00,27.1,79.27,0.0,23.8,16.2,35.6,1012.0,100.0,
2026-01-14 11:00:00,27.1,79.75,0.0,22.3,16.9,25.8,1011.0,100.0,
2026-01-14 12:00:00,27.2,79.76,0.0,23.4,17.3,26.4,1010.0,100.0,
2026-01-14 13:00:00,27.1,80.71,0.0,23.4,16.9,21.0,1009.0,100.0,
2026-01-14 14:00:00,27.2,80.73,0.0,23.0,16.9,12.3,1008.0,100.0,
2026-01-14 15:00:00,27.3,80.26,0.0,22.0,16.2,1.6,1008.0,100.0,
2026-01-14 16:00:00,27.0,81.68,0.0,21.2,16.2,357.3,1008.0,100.0,
2026-01-14 17:00:00,26.3,84.61,0.1,21.2,15.8,359.6,1008.0,100.0,
2026-01-14 18:00:00,27.0,83.67,0.1,23.0,16.2,14.8,1009.0,100.0,
2026-01-14 19:00:00,27.0,83.67,0.1,25.2,18.4,27.1,1010.0,100.0,
2026-01-14 20:00:00,26.4,85.64,0.2,31.0,22.0,35.9,1010.0,100.0,
2026-01-14 21:00:00,26.3,85.12,0.2,37.1,24.5,43.4,1011.0,100.0,
2026-01-14 22:00:00,26.5,84.12,0.1,37.1,25.2,41.1,1011.0,100.0,
2026-01-14 23:00:00,26.7,83.64,0.0,34.9,24.1,34.8,1010.0,100.0,
2026-01-15 00:00:00,26.8,82.65,0.0,33.1,24.5,31.4,1010.0,100.0,
2026-01-15 01:00:00,26.8,82.65,0.0,32.8,24.5,30.6,1010.0,100.0,
2026-01-15 02:00:00,26.8,82.65,0.0,31.0,24.1,26.6,1009.0,100.0,
2026-01-15 03:00:00,26.7,83.64,0.0,32.8,24.8,25.7,1009.0,100.0,
2026-01-15 04:00:00,26.7,83.64,0.0,33.1,25.2,21.2,1009.0,100.0,
2026-01-15 05:00:00,26.7,83.64,0.0,34.2,25.9,18.0,1009.0,100.0,
2026-01-15 06:00:00,26.8,81.66,0.0,35.3,26.3,18.0,1010.0,100.0,
2026-01-15 07:00:00,26.8,82.15,0.0,38.5,30.2,18.2,1010.0,100.0,
2026-01-15 08:00:00,26.7,82.64,0.1,41.4,33.1,21.4,1011.0,100.0,
2026-01-15 09:00:00,26.7,82.14,0.1,42.1,34.6,24.3,1011.0,100.0,
2026-01-15 10:00:00,26.8,81.16,0.1,41.8,34.2,26.5,1011.0,100.0,
2026-01-15 11:00:00,26.9,80.2,0.0,38.5,28.4,10.9,1010.0,100.0,
2026-01-15 12:00:00,26.9,80.2,0.0,37.4,28.8,9.8,1009.0,100.0,
2026-01-15 13:00:00,26.9,80.69,0.0,40.0,29.5,6.8,1008.0,100.0,
2026-01-15 14:00:00,27.0,80.22,0.0,41.4,31.0,4.9,1007.0,100.0,
2026-01-15 15:00:00,27.1,79.27,0.1,43.2,33.1,5.8,1007.0,100.0,
2026-01-15 16:00:00,27.2,78.8,0.1,43.9,32.4,7.6,1007.0,100.0,
2026-01-15 17:00:00,27.2,78.8,0.0,42.8,31.3,3.3,1007.0,100.0,
2026-01-15 18:00:00,27.1,79.75,0.0,42.8,28.4,2.6,1007.0,100.0,
2026-01-15 19:00:00,27.0,80.22,0.1,44.6,30.6,1.4,1008.0,100.0,
2026-01-15 20:00:00,27.0,80.22,0.1,45.0,32.0,358.9,1008.0,100.0,
2026-01-15 21:00:00,27.0,79.73,0.0,47.2,33.8,358.3,1008.0,100.0,
2026-01-15 22:00:00,26.9,79.72,0.1,49.0,33.5,357.7,1008.0,100.0,
2026-01-15 23:00:00,26.9,80.2,0.0,48.2,34.2,350.0,1008.0,100.0,
2026-01-16 00:00:00,26.7,81.64,0.1,49.7,35.3,347.6,1007.0,100.0,
2026-01-16 01:00:00,26.5,82.61,0.2,49.7,37.1,346.3,1006.0,100.0,
2026-01-16 02:00:00,26.4,83.6,0.4,49.0,36.4,347.2,1005.0,100.0,
2026-01-16 03:00:00,26.4,84.11,1.4,48.2,34.6,348.7,1006.0,100.0,
2026-01-16 04:00:00,26.1,85.61,3.1,46.4,34.9,344.6,1005.0,100.0,
2026-01-16 05:00:00,26.1,86.13,1.4,49.3,36.7,345.8,1006.0,100.0,
2026-01-16 06:00:00,26.3,84.61,1.1,50.0,32.8,337.1,1006.0,100.0,
2026-01-16 07:00:00,25.9,89.28,2.7,49.0,34.6,333.4,1006.0,100.0,
2026-01-16 08:00:00,26.0,87.69,3.3,50.0,34.6,328.8,1007.0,100.0,
2026-01-16 09:00:00,26.0,88.22,2.4,51.8,36.0,325.2,1007.0,100.0,
2026-01-16 10:00:00,26.0,88.22,2.7,50.4,37.4,326.9,1007.0,100.0,
2026-01-16 11:00:00,25.9,88.21,2.9,53.6,39.2,330.0,1006.0,100.0,
2026-01-16 12:00:00,25.8,88.74,2.5,53.3,40.3,332.0,1006.0,100.0,
2026-01-16 13:00:00,26.2,85.62,1.6,52.9,40.7,333.3,1004.0,100.0,
2026-01-16 14:00:00,26.1,86.65,1.5,52.2,41.8,332.6,1004.0,100.0,
2026-01-16 15:00:00,26.2,85.62,1.4,58.0,43.2,335.1,1003.0,100.0,
2026-01-16 16:00:00,26.2,86.14,1.7,58.7,43.6,333.3,1004.0,100.0,
2026-01-16 17:00:00,26.8,83.15,2.6,59.0,44.3,334.1,1004.0,100.0,
2026-01-16 18:00:00,26.5,85.65,2.7,58.7,39.2,319.8,1004.0,100.0,
2026-01-16 19:00:00,26.4,87.2,3.0,57.6,40.7,319.1,1005.0,100.0,
2026-01-16 20:00:00,26.4,87.2,3.0,56.2,42.8,317.3,1005.0,100.0,
2026-01-16 21:00:00,26.3,87.19,2.9,56.5,42.5,312.7,1005.0,100.0,
2026-01-16 22:00:00,26.5,84.63,2.5,58.0,43.6,311.1,1005.0,100.0,
2026-01-16 23:00:00,26.6,85.15,1.6,58.7,43.6,308.5,1005.0,100.0,
2026-01-17 00:00:00,26.6,85.66,1.1,59.4,44.6,305.5,1004.0,100.0,
2026-01-17 01:00:00,26.6,84.13,1.4,57.6,45.7,306.1,1004.0,100.0,
2026-01-17 02:00:00,26.5,85.65,1.1,56.9,46.1,305.1,1003.0,100.0,
2026-01-17 03:00:00,26.3,88.25,2.9,63.4,46.1,303.4,1003.0,100.0,
2026-01-17 04:00:00,26.3,88.25,3.3,65.2,47.9,301.1,1003.0,100.0,
2026-01-17 05:00:00,26.4,87.73,3.8,66.2,49.7,295.5,1003.0,100.0,
2026-01-17 06:00:00,26.4,86.16,4.6,67.7,46.1,302.2,1004.0,100.0,
2026-01-17 07:00:00,26.3,85.63,4.9,70.2,42.8,294.9,1004.0,100.0,
2026-01-17 08:00:00,26.0,86.12,5.5,71.3,38.5,290.1,1006.0,100.0,
2026-01-17 09:00:00,25.5,85.56,7.6,72.4,39.2,290.6,1005.0,100.0,
2026-01-17 10:00:00,25.2,84.49,6.6,74.2,42.1,292.4,1005.0,100.0,
2026-01-17 11:00:00,25.0,84.47,6.3,76.3,45.4,295.3,1005.0,100.0,
2026-01-17 12:00:00,24.8,84.45,6.7,76.7,46.1,295.5,1005.0,100.0,
2026-01-17 13:00:00,25.0,83.45,6.2,77.4,46.8,293.1,1004.0,100.0,
2026-01-17 14:00:00,25.4,81.98,4.8,77.4,46.1,292.4,1003.0,100.0,
2026-01-17 15:00:00,25.6,81.51,0.3,62.3,44.3,294.1,1003.0,100.0,
2026-01-17 16:00:00,25.8,80.06,0.4,59.4,41.4,292.3,1003.0,100.0,
2026-01-17 17:00:00,25.8,79.57,0.3,55.8,41.4,288.9,1004.0,100.0,
2026-01-17 18:00:00,26.4,85.13,0.4,54.7,32.0,296.7,1004.0,100.0,
2026-01-17 19:00:00,26.3,85.63,0.4,50.8,31.0,290.2,1005.0,100.0,
2026-01-17 20:00:00,26.3,85.63,0.3,47.5,30.2,274.0,1006.0,100.0,
2026-01-17 21:00:00,26.4,84.11,0.1,46.4,30.6,264.6,1006.0,100.0,
2026-01-17 22:00:00,26.4,83.1,0.0,44.6,32.4,273.3,1006.0,100.0,
2026-01-17 23:00:00,26.4,81.11,0.0,42.1,33.8,274.2,1006.0,100.0,
2026-01-18 00:00:00,26.5,79.18,0.0,40.7,32.8,270.4,1005.0,100.0,
2026-01-18 01:00:00,26.5,77.75,0.0,39.6,31.3,268.6,1005.0,100.0,
2026-01-18 02:00:00,26.7,75.91,0.0,37.1,28.4,266.5,1004.0,99.0,
2026-01-18 03:00:00,26.8,74.1,0.1,36.4,25.6,263.1,1004.0,100.0,
2026-01-18 04:00:00,26.9,73.21,1.1,33.8,23.8,256.0,1004.0,100.0,
2026-01-18 05:00:00,27.0,72.78,0.5,30.6,22.0,249.2,1004.0,100.0,
2026-01-18 06:00:00,27.1,71.92,0.1,28.1,16.9,228.2,1005.0,98.9,
2026-01-18 07:00:00,27.4,71.97,0.0,27.0,17.3,222.2,1006.0,98.6,
2026-01-18 08:00:00,27.6,72.89,0.0,26.3,18.4,220.3,1006.0,99.2,
2026-01-18 09:00:00,27.5,76.04,0.0,25.9,19.8,222.9,1006.0,98.2,
2026-01-18 10:00:00,27.5,77.9,0.0,26.3,19.4,224.5,1006.0,95.3,
2026-01-18 11:00:00,27.5,78.37,0.0,26.3,19.1,229.9,1006.0,90.0,
2026-01-18 12:00:00,27.7,77.46,0.0,25.9,18.0,241.3,1005.0,95.1,
2026-01-18 13:00:00,27.8,76.54,0.0,24.8,17.6,253.6,1004.0,89.6,
2026-01-18 14:00:00,28.0,74.75,0.0,22.3,16.9,267.5,1004.0,93.0,
2026-01-18 15:00:00,28.1,73.86,0.0,23.4,18.0,287.8,1004.0,80.6,
2026-01-18 16:00:00,28.1,73.42,0.0,24.1,18.0,303.3,1004.0,67.5,
2026-01-18 17:00:00,28.0,73.85,0.0,23.8,18.0,314.8,1004.0,20.6,
2026-01-18 18:00:00,27.5,77.43,0.0,25.2,19.8,317.3,1005.0,17.5,
2026-01-18 19:00:00,27.5,77.9,0.0,26.3,20.5,310.7,1005.0,33.4,
2026-01-18 20:00:00,27.6,78.38,0.0,26.6,21.2,302.2,1006.0,52.6,
2026-01-18 21:00:00,27.7,77.93,0.0,26.6,22.0,295.4,1007.0,76.8,
2026-01-18 22:00:00,27.7,77.93,0.0,26.6,22.3,292.8,1007.0,66.1,
2026-01-18 23:00:00,27.7,77.46,0.0,26.6,22.3,291.8,1007.0,55.3,
2026-01-19 00:00:00,27.6,77.44,0.0,25.2,20.9,292.3,1006.0,40.0,
2026-01-19 01:00:00,27.5,77.9,0.0,23.4,18.7,294.7,1006.0,48.0,
2026-01-19 02:00:00,27.4,78.83,0.0,19.8,16.9,298.1,1006.0,49.8,
2026-01-19 03:00:00,27.4,79.31,0.0,21.2,14.4,291.4,1006.0,57.0,
2026-01-19 04:00:00,27.4,79.79,0.0,19.4,13.7,284.3,1006.0,70.2,
2026-01-19 05:00:00,27.3,80.74,0.0,18.7,13.3,281.8,1006.0,54.5,
2026-01-19 06:00:00,27.2,77.38,0.0,18.7,14.4,279.9,1007.0,36.3,
2026-01-19 07:00:00,27.1,78.31,0.0,19.1,14.8,279.1,1007.0,28.1,
2026-01-19 08:00:00,27.1,78.79,0.0,19.1,15.1,280.9,1008.0,28.7,
2026-01-19 09:00:00,27.2,78.33,0.0,18.7,14.8,277.3,1009.0,24.1,
2026-01-19 10:00:00,27.2,78.8,0.0,18.0,14.4,278.3,1009.0,21.5,
2026-01-19 11:00:00,27.1,79.27,0.0,18.0,15.5,288.8,1009.0,19.1,
2026-01-19 12:00:00,27.1,79.75,0.0,19.4,17.3,300.2,1008.0,25.3,
2026-01-19 13:00:00,27.1,79.75,0.0,21.2,18.7,307.6,1007.0,20.7,
2026-01-19 14:00:00,27.0,80.22,0.0,22.7,19.8,314.3,1006.0,25.0,
2026-01-19 15:00:00,27.0,80.22,0.0,27.0,20.2,320.4,1006.0,13.3,
2026-01-19 16:00:00,26.9,81.18,0.0,28.1,20.9,327.3,1006.0,13.8,
2026-01-19 17:00:00,26.9,81.67,0.0,28.4,21.2,330.1,1006.0,19.9,
2026-01-19 18:00:00,27.1,79.75,0.0,28.4,19.1,337.0,1007.0,12.4,
2026-01-19 19:00:00,27.1,79.75,0.0,27.4,18.0,335.2,1007.0,8.4,
2026-01-19 20:00:00,27.1,79.27,0.0,26.3,17.6,332.7,1008.0,13.5,
2026-01-19 21:00:00,27.0,80.22,0.0,25.2,18.0,328.8,1008.0,4.3,
2026-01-19 22:00:00,26.9,80.69,0.0,24.5,18.4,326.3,1008.0,5.1,
2026-01-19 23:00:00,26.9,80.69,0.0,23.8,18.0,327.0,1008.0,9.2,
2026-01-20 00:00:00,26.7,81.15,0.0,23.4,17.3,331.4,1008.0,13.0,
2026-01-20 01:00:00,26.6,81.63,0.0,23.8,15.8,335.5,1007.0,7.9,
2026-01-20 02:00:00,26.5,82.11,0.1,23.8,15.1,335.8,1007.0,19.1,
2026-01-20 03:00:00,26.3,83.09,0.1,20.9,15.1,329.5,1007.0,24.5,
2026-01-20 04:00:00,26.3,82.59,0.1,21.6,15.8,328.3,1008.0,29.9,
2026-01-20 05:00:00,26.3,80.61,0.1,22.0,15.8,330.0,1008.0,40.4,
2026-01-20 06:00:00,26.3,81.1,0.1,21.6,15.8,326.4,1009.0,50.6,
2026-01-20 07:00:00,26.4,80.14,0.0,20.2,14.8,331.3,1010.0,41.8,
2026-01-20 08:00:00,26.5,80.15,0.0,18.4,13.3,333.9,1010.0,47.2,
2026-01-20 09:00:00,26.6,79.68,0.0,18.4,12.2,332.1,1011.0,34.1,
2026-01-20 10:00:00,26.6,80.16,0.0,19.4,10.8,331.2,1011.0,46.7,
2026-01-20 11:00:00,26.7,79.69,0.0,20.2,11.5,327.8,1011.0,32.3,
2026-01-20 12:00:00,26.7,80.18,0.0,21.6,13.0,324.5,1010.0,16.4,
2026-01-20 13:00:00,26.7,80.18,0.0,22.7,13.0,323.9,1009.0,15.0,
2026-01-20 14:00:00,26.8,79.22,0.0,23.4,13.3,327.1,1008.0,4.8,
2026-01-20 15:00:00,26.9,78.76,0.0,19.4,14.4,331.5,1008.0,6.1,
2026-01-20 16:00:00,27.0,78.3,0.0,20.2,15.1,335.7,1008.0,8.9,
2026-01-20 17:00:00,27.1,77.84,0.0,20.5,15.5,340.7,1008.0,11.4,
2026-01-20 18:00:00,27.1,77.84,0.0,20.9,14.8,347.3,1008.0,7.9,
2026-01-20 19:00:00,27.2,76.45,0.0,22.3,16.2,357.0,1009.0,15.1,
2026-01-20 20:00:00,27.1,76.9,0.0,24.5,18.7,7.0,1009.0,14.9,
2026-01-20 21:00:00,26.9,78.76,0.0,27.4,20.5,12.1,1010.0,9.0,
2026-01-20 22:00:00,26.7,80.18,0.0,29.2,20.9,14.3,1010.0,9.6,
2026-01-20 23:00:00,26.4,82.1,0.1,31.0,21.6,17.2,1010.0,21.7,
2026-01-21 00:00:00,26.2,83.58,0.1,32.0,22.7,18.4,1010.0,33.6,
2026-01-21 01:00:00,26.0,84.07,0.1,32.0,23.4,19.6,1010.0,71.3,
2026-01-21 02:00:00,26.0,83.06,0.0,31.0,24.5,20.2,1009.0,96.2,
2026-01-21 03:00:00,26.0,81.56,0.1,32.8,25.2,19.2,1009.0,96.7,
2026-01-21 04:00:00,26.1,80.1,0.1,35.3,26.6,18.4,1009.0,97.2,
2026-01-21 05:00:00,26.1,79.13,0.1,37.4,28.4,20.5,1010.0,91.1,
2026-01-21 06:00:00,26.1,79.13,0.1,38.9,29.9,19.1,1011.0,90.9,
2026-01-21 07:00:00,26.1,78.65,0.0,39.6,30.6,21.4,1011.0,80.1,
2026-01-21 08:00:00,26.3,77.72,0.0,40.3,30.6,24.5,1012.0,42.6,
2026-01-21 09:00:00,26.4,77.26,0.0,40.3,29.9,26.9,1012.0,8.9,
2026-01-21 10:00:00,26.4,77.26,0.0,39.6,29.5,27.1,1012.0,22.8,
2026-01-21 11:00:00,26.5,76.81,0.0,40.0,29.5,23.7,1012.0,31.0,
2026-01-21 12:00:00,26.6,76.36,0.0,39.6,29.9,19.7,1011.0,24.6,
2026-01-21 13:00:00,26.7,75.45,0.0,40.0,29.5,15.9,1010.0,13.4,
2026-01-21 14:00:00,26.9,73.66,0.0,40.0,29.5,13.0,1009.0,6.8,
2026-01-21 15:00:00,27.0,73.23,0.0,40.3,31.0,12.4,1009.0,16.2,
2026-01-21 16:00:00,27.0,73.23,0.0,41.4,31.3,13.5,1009.0,40.3,
2026-01-21 17:00:00,27.0,72.78,0.0,43.2,32.8,15.9,1009.0,68.5,
2026-01-21 18:00:00,26.7,73.63,0.0,45.4,32.4,16.1,1010.0,45.3,
2026-01-21 19:00:00,26.5,74.96,0.0,47.5,34.2,18.6,1011.0,27.1,
2026-01-21 20:00:00,26.1,76.28,0.2,48.2,34.9,22.1,1012.0,27.7,
2026-01-21 21:00:00,26.1,77.22,0.1,48.6,34.9,24.2,1012.0,30.8,
2026-01-21 22:00:00,25.9,79.1,0.0,47.5,34.9,25.4,1012.0,27.3,
2026-01-21 23:00:00,25.7,80.04,0.1,46.8,36.0,26.2,1012.0,36.2,
2026-01-22 00:00:00,25.6,81.01,0.1,47.9,36.7,27.4,1012.0,44.2,
2026-01-22 01:00:00,25.7,80.53,0.1,47.5,35.6,26.4,1012.0,47.9,
2026-01-22 02:00:00,25.5,81.0,0.1,47.2,35.6,25.1,1012.0,50.6,
2026-01-22 03:00:00,25.5,80.51,0.1,49.0,36.4,25.2,1011.0,38.0,
2026-01-22 04:00:00,25.6,80.03,0.1,49.7,37.1,26.0,1012.0,32.1,
2026-01-22 05:00:00,25.6,79.54,0.0,50.0,37.4,27.0,1012.0,21.5,
2026-01-22 06:00:00,25.7,76.69,0.0,51.5,36.7,23.7,1013.0,24.4,
2026-01-22 07:00:00,25.8,76.24,0.0,52.6,38.2,22.6,1013.0,18.6,
2026-01-22 08:00:00,25.7,77.16,0.0,55.1,40.3,24.0,1014.0,20.5,
2026-01-22 09:00:00,25.7,77.16,0.1,56.9,40.7,26.7,1014.0,18.2,
2026-01-22 10:00:00,25.8,75.77,0.1,57.2,40.0,27.6,1014.0,34.0,
2026-01-22 11:00:00,26.0,73.51,0.0,56.9,39.6,26.5,1014.0,22.2,
2026-01-22 12:00:00,26.2,70.88,0.0,55.1,39.6,24.4,1013.0,20.7,
2026-01-22 13:00:00,26.4,69.18,0.0,54.0,39.2,22.6,1012.0,17.6,
2026-01-22 14:00:00,26.6,65.07,0.0,52.6,38.5,20.2,1011.0,18.0,
2026-01-22 15:00:00,26.7,62.7,0.0,51.8,38.5,19.2,1011.0,18.6,
2026-01-22 16:00:00,26.7,61.92,0.0,51.1,38.2,20.5,1011.0,14.5,
2026-01-22 17:00:00,26.8,61.56,0.0,51.1,38.2,23.7,1011.0,10.4,
2026-01-22 18:00:00,26.8,63.11,0.0,51.1,36.7,26.0,1012.0,20.2,
2026-01-22 19:00:00,26.7,64.68,0.0,51.5,38.2,29.4,1013.0,16.1,
2026-01-22 20:00:00,26.3,68.31,0.0,52.2,39.2,30.5,1013.0,7.9,
2026-01-22 21:00:00,25.9,72.15,0.0,53.6,40.0,30.7,1014.0,8.1,
2026-01-22 22:00:00,25.6,74.35,0.0,54.7,40.3,31.8,1014.0,3.1,
2026-01-22 23:00:00,25.6,74.35,0.0,55.1,40.0,33.0,1014.0,10.5,
2026-01-23 00:00:00,25.5,75.26,0.1,54.4,39.6,34.8,1014.0,14.5,
2026-01-23 01:00:00,25.4,76.17,0.1,53.3,39.2,36.6,1013.0,18.8,
2026-01-23 02:00:00,25.3,76.63,0.1,50.8,38.5,37.6,1013.0,20.9,
2026-01-23 03:00:00,25.3,76.63,0.1,51.8,37.1,37.9,1013.0,19.3,
2026-01-23 04:00:00,25.3,76.63,0.1,50.0,36.4,38.6,1013.0,18.2,
2026-01-23 05:00:00,25.3,76.63,0.1,49.0,35.6,38.5,1014.0,19.1,
2026-01-23 06:00:00,25.1,77.55,0.2,47.2,33.1,31.6,1015.0,51.9,
2026-01-23 07:00:00,25.1,78.5,0.1,46.1,33.5,31.5,1015.0,36.5,
2026-01-23 08:00:00,25.3,78.05,0.0,45.4,33.5,31.1,1016.0,57.9,
2026-01-23 09:00:00,25.3,78.53,0.0,44.3,33.5,31.6,1016.0,73.4,
2026-01-23 10:00:00,25.5,76.66,0.0,43.9,32.8,31.1,1016.0,61.8,
2026-01-23 11:00:00,25.7,75.29,0.0,43.6,32.4,28.2,1016.0,65.0,
2026-01-23 12:00:00,25.9,73.95,0.0,42.5,32.4,27.0,1015.0,36.1,
2026-01-23 13:00:00,26.1,72.18,0.0,41.4,32.4,26.1,1014.0,45.5,
2026-01-23 14:00:00,26.3,70.46,0.0,41.4,32.4,26.6,1013.0,29.1,
2026-01-23 15:00:00,26.4,70.04,0.0,44.3,33.8,28.7,1013.0,17.0,
2026-01-23 16:00:00,26.5,69.63,0.0,46.4,35.6,32.8,1013.0,21.9,
2026-01-23 17:00:00,26.3,70.89,0.0,47.9,36.4,36.5,1013.0,26.8,
2026-01-23 18:00:00,25.9,73.04,0.0,47.9,32.4,34.4,1014.0,15.1,
2026-01-23 19:00:00,25.9,72.59,0.0,47.5,31.7,34.7,1014.0,28.0,
2026-01-23 20:00:00,25.9,72.15,0.0,47.2,31.7,34.6,1014.0,22.8,
2026-01-23 21:00:00,25.9,71.7,0.0,46.4,31.3,35.5,1015.0,12.2,
2026-01-23 22:00:00,25.8,72.13,0.0,45.4,32.0,32.8,1015.0,14.4,
2026-01-23 23:00:00,25.9,71.7,0.0,43.9,32.4,29.8,1015.0,16.4,
2026-01-24 00:00:00,25.8,72.13,0.0,42.8,34.2,31.8,1015.0,17.9,
2026-01-24 01:00:00,25.8,72.13,0.0,41.4,35.6,37.4,1014.0,25.4,
2026-01-24 02:00:00,25.7,72.11,0.0,43.2,35.6,42.4,1013.0,22.2,
2026-01-24 03:00:00,25.6,72.54,0.0,47.9,35.6,43.8,1013.0,24.4,
2026-01-24 04:00:00,25.4,73.41,0.0,48.6,35.6,45.8,1013.0,18.2,
2026-01-24 05:00:00,25.4,73.86,0.0,48.2,35.6,47.3,1014.0,16.2,
2026-01-24 06:00:00,25.5,75.26,0.0,47.9,32.0,40.5,1014.0,36.4,
2026-01-24 07:00:00,25.5,74.79,0.0,46.4,32.4,39.5,1015.0,40.6,
2026-01-24 08:00:00,25.6,73.44,0.0,45.4,32.8,40.4,1015.0,51.7,
2026-01-24 09:00:00,25.7,72.11,0.0,45.0,32.0,39.7,1016.0,51.4,
2026-01-24 10:00:00,25.9,69.95,0.0,44.3,30.6,36.6,1016.0,74.9,
2026-01-24 11:00:00,26.1,68.27,0.0,43.6,30.6,32.9,1015.0,87.3,
2026-01-24 12:00:00,26.4,65.84,0.0,43.2,29.9,30.5,1014.0,92.2,
2026-01-24 13:00:00,26.6,64.26,0.0,42.1,29.2,26.9,1013.0,96.7,
2026-01-24 14:00:00,26.8,62.72,0.0,41.8,31.0,26.3,1013.0,100.0,
2026-01-24 15:00:00,26.9,61.97,0.0,41.8,32.4,27.3,1013.0,95.1,
2026-01-24 16:00:00,26.9,62.35,0.0,43.2,33.8,28.6,1012.0,94.5,
2026-01-24 17:00:00,26.8,63.11,0.0,46.1,35.6,32.2,1013.0,97.7,
2026-01-24 18:00:00,26.6,65.88,0.0,48.6,33.1,28.8,1013.0,76.3,
2026-01-24 19:00:00,26.4,65.43,0.0,49.0,34.2,32.6,1014.0,73.5,
2026-01-24 20:00:00,26.3,64.6,0.0,48.2,33.8,34.8,1015.0,74.8,
2026-01-24 21:00:00,26.1,64.96,0.0,46.4,31.7,34.2,1015.0,49.4,
2026-01-24 22:00:00,26.1,64.96,0.0,43.9,29.9,33.3,1015.0,60.1,
2026-01-24 23:00:00,26.1,64.96,0.0,41.0,29.2,31.0,1015.0,55.3,
2026-01-25 00:00:00,26.1,65.77,0.0,39.2,28.4,31.7,1015.0,69.9,
2026-01-25 01:00:00,26.1,66.19,0.0,37.1,26.6,31.9,1014.0,79.9,
2026-01-25 02:00:00,26.1,66.6,0.0,34.2,24.8,30.6,1014.0,76.0,
2026-01-25 03:00:00,26.1,67.01,0.0,32.4,23.4,31.3,1013.0,60.2,
2026-01-25 04:00:00,26.2,67.45,0.0,31.3,23.4,33.5,1013.0,76.7,
2026-01-25 05:00:00,26.2,69.15,0.0,31.3,23.8,37.3,1013.0,91.4,
2026-01-25 06:00:00,26.1,68.27,0.0,31.7,24.5,34.4,1014.0,99.3,
2026-01-25 07:00:00,26.1,69.13,0.0,31.7,23.8,40.0,1015.0,100.0,
2026-01-25 08:00:00,26.2,69.57,0.0,30.6,22.3,38.6,1015.0,100.0,
2026-01-25 09:00:00,26.3,70.02,0.0,29.5,22.7,34.8,1015.0,100.0,
2026-01-25 10:00:00,26.3,71.33,0.0,29.9,22.7,31.9,1015.0,100.0,
2026-01-25 11:00:00,26.3,73.11,0.0,31.0,23.0,28.0,1014.0,100.0,
2026-01-25 12:00:00,26.6,73.16,0.0,31.3,23.8,22.3,1013.0,99.4,
2026-01-25 13:00:00,26.9,72.32,0.0,31.3,23.0,13.0,1013.0,100.0,
2026-01-25 14:00:00,27.1,73.69,0.0,31.0,22.0,1.4,1012.0,100.0,
2026-01-25 15:00:00,27.0,76.42,0.0,28.4,22.3,354.3,1011.0,99.6,
2026-01-25 16:00:00,26.8,77.8,0.0,30.6,24.1,358.1,1012.0,93.8,
2026-01-25 17:00:00,26.5,80.15,0.0,34.9,27.4,9.7,1012.0,93.9,
2026-01-25 18:00:00,26.8,78.75,0.0,40.3,25.9,14.1,1013.0,99.9,
2026-01-25 19:00:00,26.6,80.65,0.0,40.7,28.4,15.4,1013.0,100.0,
2026-01-25 20:00:00,26.5,80.64,0.0,41.0,29.2,20.1,1014.0,100.0,
2026-01-25 21:00:00,26.5,80.64,0.2,41.0,28.1,25.4,1015.0,100.0,
2026-01-25 22:00:00,26.3,82.59,0.1,39.2,26.6,25.2,1014.0,100.0,
2026-01-25 23:00:00,26.2,83.58,0.0,34.9,25.6,22.9,1014.0,100.0,
2026-01-26 00:00:00,26.1,84.59,0.1,36.0,26.3,24.4,1013.0,100.0,
2026-01-26 01:00:00,26.0,85.09,0.3,38.5,28.1,33.6,1013.0,100.0,
2026-01-26 02:00:00,25.9,85.6,0.9,39.6,29.9,40.8,1012.0,100.0,
2026-01-26 03:00:00,25.9,85.6,0.1,38.5,28.8,42.2,1012.0,100.0,
2026-01-26 04:00:00,26.1,85.1,0.1,35.6,27.7,42.1,1012.0,100.0,
2026-01-26 05:00:00,26.0,87.17,0.1,34.9,27.0,41.8,1012.0,100.0,
2026-01-26 06:00:00,26.2,86.66,0.2,34.6,24.8,27.3,1012.0,100.0,
2026-01-26 07:00:00,26.2,87.19,0.3,35.6,26.6,32.8,1013.0,100.0,
2026-01-26 08:00:00,26.2,86.66,0.4,35.6,26.3,39.7,1014.0,100.0,
2026-01-26 09:00:00,26.3,85.63,0.2,36.0,25.6,42.9,1014.0,100.0,
2026-01-26 10:00:00,26.1,87.18,0.5,34.6,25.2,45.3,1014.0,100.0,
2026-01-26 11:00:00,26.1,87.18,0.3,34.2,26.6,47.0,1014.0,100.0,
2026-01-26 12:00:00,26.2,86.14,0.3,35.6,27.7,49.2,1013.0,100.0,
2026-01-26 13:00:00,26.3,85.63,0.3,37.8,27.7,49.7,1012.0,100.0,
2026-01-26 14:00:00,26.4,85.13,0.2,37.4,26.6,48.9,1011.0,100.0,
2026-01-26 15:00:00,26.4,85.64,0.3,36.4,27.0,53.5,1011.0,100.0,
2026-01-26 16:00:00,26.4,85.64,0.5,36.4,25.9,55.5,1011.0,100.0,
2026-01-26 17:00:00,26.3,86.67,0.3,36.0,24.8,55.6,1012.0,100.0,
2026-01-26 18:00:00,26.1,85.61,0.7,32.4,23.0,48.8,1012.0,100.0,
2026-01-26 19:00:00,26.3,85.63,0.2,32.8,24.8,41.9,1012.0,100.0,
2026-01-26 20:00:00,26.4,85.13,0.1,34.2,26.6,42.8,1012.0,100.0,
2026-01-26 21:00:00,26.3,86.15,0.0,36.4,28.1,43.0,1013.0,100.0,
2026-01-26 22:00:00,26.1,87.18,0.1,38.5,27.4,46.5,1012.0,100.0,
2026-01-26 23:00:00,26.1,87.18,0.1,40.3,25.2,51.4,1013.0,99.0,
2026-01-27 00:00:00,26.0,87.17,0.1,40.7,23.8,56.0,1012.0,99.9,
2026-01-27 01:00:00,25.9,87.69,0.1,40.7,23.0,58.8,1012.0,99.6,
2026-01-27 02:00:00,26.0,87.17,0.1,39.6,20.9,59.3,1011.0,99.6,
2026-01-27 03:00:00,26.1,86.13,0.1,27.0,20.5,58.6,1011.0,97.2,
2026-01-27 04:00:00,26.1,86.13,0.1,26.6,20.2,57.2,1011.0,95.4,
2026-01-27 05:00:00,26.0,86.64,0.3,27.7,21.2,59.4,1012.0,97.0,
2026-01-27 06:00:00,26.0,86.12,0.1,28.1,22.0,51.0,1013.0,95.1,
2026-01-27 07:00:00,26.1,86.13,0.0,28.4,21.6,54.8,1013.0,83.5,
2026-01-27 08:00:00,26.2,85.11,0.0,28.1,21.6,49.5,1014.0,62.2,
2026-01-27 09:00:00,26.3,84.61,0.0,29.5,23.4,48.3,1014.0,63.4,
2026-01-27 10:00:00,26.3,84.61,0.0,31.3,25.6,53.1,1014.0,44.9,
2026-01-27 11:00:00,26.3,84.61,0.0,32.0,24.8,55.4,1014.0,42.3,
2026-01-27 12:00:00,26.4,84.62,0.0,31.3,22.7,53.5,1013.0,45.3,
2026-01-27 13:00:00,26.6,83.63,0.0,28.4,23.4,50.6,1012.0,34.7,
2026-01-27 14:00:00,26.7,82.64,0.0,27.4,24.5,47.5,1011.0,59.1,
2026-01-27 15:00:00,26.7,82.14,0.0,33.1,25.2,44.7,1011.0,51.2,
2026-01-27 16:00:00,26.5,82.61,0.0,32.8,25.6,43.5,1011.0,57.2,
2026-01-27 17:00:00,26.5,83.11,0.0,34.2,27.0,46.9,1012.0,71.2,
2026-01-27 18:00:00,26.7,82.14,0.1,37.1,25.6,40.9,1012.0,80.0,
2026-01-27 19:00:00,26.6,83.12,0.0,37.1,27.0,42.6,1013.0,63.9,
2026-01-27 20:00:00,26.6,81.63,0.2,37.1,27.0,45.1,1013.0,39.3,
2026-01-27 21:00:00,26.6,82.13,0.1,37.1,27.7,46.1,1014.0,27.1,
2026-01-27 22:00:00,26.4,83.6,0.0,36.7,28.1,47.8,1014.0,22.0,
2026-01-27 23:00:00,26.4,83.1,0.1,37.4,27.7,47.3,1013.0,26.2,
2026-01-28 00:00:00,26.4,82.6,0.1,37.8,27.4,47.8,1013.0,36.0,
2026-01-28 01:00:00,26.4,81.61,0.3,38.9,27.4,50.1,1012.0,47.6,
2026-01-28 02:00:00,26.4,82.6,0.1,38.2,28.1,51.3,1012.0,43.6,
2026-01-28 03:00:00,26.4,82.6,0.0,37.4,28.4,52.0,1011.0,48.8,
2026-01-28 04:00:00,26.5,81.62,0.0,38.5,28.1,51.2,1012.0,58.6,
2026-01-28 05:00:00,26.5,81.13,0.0,38.5,29.2,48.9,1012.0,91.1,
2026-01-28 06:00:00,26.7,78.73,0.0,38.9,27.0,36.0,1013.0,100.0,
2026-01-28 07:00:00,26.8,77.8,0.0,38.9,29.2,37.5,1014.0,100.0,
2026-01-28 08:00:00,26.8,77.8,0.0,39.6,31.0,38.3,1014.0,97.1,
2026-01-28 09:00:00,26.7,77.78,0.0,39.6,30.2,38.3,1014.0,66.9,
2026-01-28 10:00:00,26.6,78.24,0.0,39.2,28.4,38.3,1014.0,42.4,
2026-01-28 11:00:00,26.6,77.29,0.0,37.4,27.7,37.1,1014.0,33.9,
2026-01-28 12:00:00,26.9,75.48,0.0,36.4,26.6,36.4,1013.0,39.3,
2026-01-28 13:00:00,27.1,74.15,0.0,34.2,24.5,33.4,1013.0,47.4,
2026-01-28 14:00:00,27.3,72.83,0.0,30.6,24.1,30.0,1012.0,46.6,
2026-01-28 15:00:00,27.4,72.41,0.0,31.0,24.1,26.7,1012.0,48.7,
2026-01-28 16:00:00,27.4,74.2,0.0,31.0,24.5,22.8,1012.0,43.1,
2026-01-28 17:00:00,27.3,76.47,0.0,31.3,24.8,22.5,1012.0,60.5,
2026-01-28 18:00:00,27.3,73.28,0.0,33.1,24.8,14.2,1013.0,85.1,
2026-01-28 19:00:00,27.2,73.26,0.0,36.4,29.2,23.8,1013.0,95.0,
2026-01-28 20:00:00,27.0,73.23,0.0,39.6,31.0,32.6,1014.0,92.0,
2026-01-28 21:00:00,26.8,72.75,0.1,41.8,32.0,39.6,1015.0,95.4,
2026-01-28 22:00:00,26.7,72.73,0.0,41.8,32.0,42.8,1014.0,95.7,
2026-01-28 23:00:00,26.6,72.71,0.0,41.0,31.7,41.8,1015.0,96.3,
2026-01-29 00:00:00,26.4,73.58,0.0,39.6,31.3,38.8,1014.0,98.3,
2026-01-29 01:00:00,26.3,74.01,0.0,39.2,31.3,36.9,1014.0,98.5,
2026-01-29 02:00:00,26.1,74.43,0.0,39.6,31.3,35.8,1013.0,95.1,
2026-01-29 03:00:00,26.0,74.42,0.0,41.0,31.0,35.5,1013.0,94.7,
2026-01-29 04:00:00,25.9,75.32,0.0,41.0,31.7,35.6,1013.0,81.7,
2026-01-29 05:00:00,25.8,75.77,0.0,41.8,32.4,35.5,1013.0,70.1,
2026-01-29 06:00:00,25.9,74.86,0.0,42.8,31.3,31.9,1014.0,53.7,
2026-01-29 07:00:00,25.9,74.86,0.0,43.9,33.1,33.8,1014.0,15.9,
2026-01-29 08:00:00,25.9,74.86,0.0,45.0,34.2,35.3,1015.0,24.4,
2026-01-29 09:00:00,25.9,75.78,0.0,45.7,34.6,35.5,1016.0,21.0,
2026-01-29 10:00:00,25.9,74.86,0.0,45.7,34.2,36.2,1016.0,21.2,
2026-01-29 11:00:00,26.1,72.18,0.0,44.3,33.1,36.2,1015.0,10.1,
2026-01-29 12:00:00,26.2,70.88,0.0,41.0,31.7,35.7,1014.0,14.5,
2026-01-29 13:00:00,26.5,68.35,0.0,39.2,30.2,34.4,1014.0,23.4,
2026-01-29 14:00:00,26.7,66.31,0.0,37.8,29.9,32.7,1013.0,45.0,
2026-01-29 15:00:00,26.9,64.73,0.0,39.6,30.2,29.7,1013.0,55.3,
2026-01-29 16:00:00,27.0,64.35,0.0,41.0,31.3,28.3,1012.0,35.9,
2026-01-29 17:00:00,27.0,64.35,0.0,41.8,31.7,29.9,1013.0,29.7,
2026-01-29 18:00:00,27.1,62.01,0.0,42.5,29.9,29.7,1014.0,29.3,
2026-01-29 19:00:00,27.0,62.38,0.0,42.8,31.3,33.1,1015.0,29.8,
2026-01-29 20:00:00,26.8,63.11,0.0,43.2,32.4,36.8,1015.0,30.7,
2026-01-29 21:00:00,26.5,63.84,0.0,43.2,32.4,39.2,1016.0,48.2,
2026-01-29 22:00:00,26.3,64.6,0.0,41.8,32.0,39.6,1015.0,65.2,
2026-01-29 23:00:00,26.1,64.96,0.0,40.0,29.9,39.8,1015.0,53.9,
2026-01-30 00:00:00,26.1,64.96,0.0,37.8,27.0,40.9,1015.0,45.0,
2026-01-30 01:00:00,26.0,65.35,0.0,34.6,24.1,37.3,1014.0,54.7,
2026-01-30 02:00:00,26.0,65.75,0.0,31.3,22.7,33.3,1014.0,79.5,
2026-01-30 03:00:00,26.0,66.17,0.0,29.5,21.2,28.8,1013.0,95.3,
2026-01-30 04:00:00,26.1,66.19,0.0,28.1,20.9,26.8,1013.0,99.0,
2026-01-30 05:00:00,26.2,66.62,0.0,27.7,21.2,27.1,1014.0,95.9,
2026-01-30 06:00:00,26.3,68.31,0.0,29.5,23.4,22.4,1014.0,17.4,
2026-01-30 07:00:00,26.2,70.88,0.0,32.0,25.9,28.0,1015.0,2.8,
2026-01-30 08:00:00,26.1,73.98,0.0,34.6,27.7,33.2,1016.0,30.5,
2026-01-30 09:00:00,25.9,77.19,0.0,35.3,28.1,35.1,1016.0,56.1,
2026-01-30 10:00:00,25.8,79.09,0.0,34.9,27.0,32.1,1016.0,67.6,
2026-01-30 11:00:00,25.8,80.06,0.0,34.2,25.9,29.9,1015.0,57.9,
2026-01-30 12:00:00,25.9,80.56,0.0,33.5,25.2,29.1,1015.0,38.4,
2026-01-30 13:00:00,26.0,79.6,0.0,34.9,24.8,32.4,1014.0,94.5,
2026-01-30 14:00:00,26.2,78.66,0.0,35.3,24.8,38.7,1013.0,99.1,
2026-01-30 15:00:00,26.4,78.21,0.1,32.8,24.8,42.1,1013.0,100.0,
2026-01-30 16:00:00,26.3,78.68,0.0,32.8,24.5,40.0,1013.0,97.6,
2026-01-30 17:00:00,25.8,81.53,0.1,32.4,24.5,38.3,1013.0,97.2,
2026-01-30 18:00:00,26.1,81.08,0.1,32.8,20.5,29.7,1014.0,99.3,
2026-01-30 19:00:00,26.1,81.57,0.2,35.6,21.6,32.9,1015.0,100.0,
2026-01-30 20:00:00,26.1,81.57,0.6,37.8,24.1,26.0,1015.0,100.0,
2026-01-30 21:00:00,25.9,82.54,1.4,38.5,26.6,24.5,1015.0,99.9,
2026-01-30 22:00:00,25.8,84.05,2.2,40.7,30.2,23.9,1014.0,100.0,
2026-01-30 23:00:00,25.6,86.61,2.2,41.0,32.0,22.6,1014.0,100.0,
2026-01-31 00:00:00,25.7,86.09,2.3,41.8,33.1,24.3,1014.0,100.0,
2026-01-31 01:00:00,25.8,85.59,1.7,41.4,33.1,27.0,1013.0,100.0,
2026-01-31 02:00:00,25.9,84.06,1.2,41.0,33.5,28.8,1012.0,100.0,
2026-01-31 03:00:00,26.0,81.56,1.8,44.6,33.5,30.6,1012.0,99.5,
2026-01-31 04:00:00,26.1,82.07,0.8,46.8,35.3,30.8,1012.0,99.5,
2026-01-31 05:00:00,26.2,80.11,0.4,49.0,36.0,33.3,1012.0,100.0,
2026-01-31 06:00:00,26.2,82.08,0.3,50.4,29.9,31.0,1012.0,100.0,
2026-01-31 07:00:00,26.2,82.58,0.6,50.0,31.0,36.0,1013.0,99.9,
2026-01-31 08:00:00,26.2,83.08,0.7,47.2,30.2,40.9,1014.0,100.0,
2026-01-31 09:00:00,26.2,83.08,0.7,46.4,29.9,46.2,1014.0,97.3,
2026-01-31 10:00:00,26.2,83.58,0.9,45.7,24.8,48.6,1014.0,100.0,
2026-01-31 11:00:00,26.2,84.09,0.6,42.5,22.7,39.8,1013.0,99.5,
2026-01-31 12:00:00,26.1,84.59,0.4,40.7,26.3,34.4,1013.0,93.4,
2026-01-31 13:00:00,26.1,84.59,0.3,42.1,30.6,33.3,1012.0,69.8,
2026-01-31 14:00:00,26.3,83.59,0.1,42.8,33.5,36.7,1011.0,81.4,
2026-01-31 15:00:00,26.0,86.12,0.1,43.6,32.4,42.9,1011.0,82.4,
2026-01-31 16:00:00,26.1,85.61,0.2,43.9,32.8,50.7,1011.0,88.0,
2026-01-31 17:00:00,26.2,85.11,0.5,41.4,30.6,57.6,1011.0,71.9,
2026-01-31 18:00:00,26.6,83.12,0.8,38.9,25.9,44.1,1012.0,78.7,
2026-01-31 19:00:00,25.8,88.21,1.8,36.7,25.9,45.7,1013.0,92.0,
2026-01-31 20:00:00,25.6,89.26,1.7,34.2,25.6,48.6,1013.0,93.0,
2026-01-31 21:00:00,26.1,85.61,0.5,32.4,25.6,53.1,1013.0,82.1,
2026-01-31 22:00:00,26.5,83.62,0.1,31.3,23.8,57.1,1014.0,78.5,
2026-01-31 23:00:00,26.4,84.11,0.1,31.0,24.8,61.0,1013.0,71.9,
2026-02-01 00:00:00,26.4,82.1,0.2,32.8,24.5,66.5,1013.0,70.7,
2026-02-01 01:00:00,26.3,83.59,0.1,32.0,21.6,72.9,1012.0,68.2,
2026-02-01 02:00:00,26.2,84.09,0.1,29.9,18.7,78.1,1012.0,78.3,
2026-02-01 03:00:00,26.2,84.09,0.2,24.8,17.3,81.1,1011.0,42.4,
2026-02-01 04:00:00,26.1,85.1,0.1,24.8,18.7,81.4,1011.0,24.2,
2026-02-01 05:00:00,26.1,84.08,0.1,28.1,20.5,82.5,1012.0,29.4,
2026-02-01 06:00:00,26.0,85.6,0.1,27.0,18.4,71.2,1012.0,29.0,
2026-02-01 07:00:00,26.0,85.6,0.0,28.1,21.2,63.9,1013.0,31.9,
2026-02-01 08:00:00,26.1,85.1,0.0,30.2,23.0,58.9,1013.0,44.3,
2026-02-01 09:00:00,26.3,84.1,0.0,30.6,25.2,57.3,1014.0,53.7,
2026-02-01 10:00:00,26.5,82.61,0.0,30.6,25.9,55.8,1014.0,67.8,
2026-02-01 11:00:00,26.9,80.2,0.0,29.5,23.4,50.4,1014.0,58.1,
2026-02-01 12:00:00,27.0,79.73,0.0,27.0,22.7,43.0,1013.0,50.0,
2026-02-01 13:00:00,27.1,80.23,0.1,24.8,24.5,37.9,1012.0,68.6,
2026-02-01 14:00:00,27.0,81.68,0.0,25.9,28.1,37.6,1011.0,91.5,
2026-02-01 15:00:00,26.9,83.16,0.4,38.2,30.6,41.2,1011.0,93.3,
2026-02-01 16:00:00,26.4,86.68,0.2,37.4,30.6,37.2,1012.0,92.4,
2026-02-01 17:00:00,26.4,86.68,0.1,38.2,32.4,37.7,1012.0,72.1,
2026-02-01 18:00:00,26.0,86.64,0.0,39.2,30.6,29.5,1012.0,53.5,
2026-02-01 19:00:00,26.2,85.11,0.0,38.5,32.8,34.7,1013.0,70.1,
2026-02-01 20:00:00,26.4,84.62,0.0,41.0,35.3,41.5,1013.0,83.7,
2026-02-01 21:00:00,26.3,84.61,0.3,44.3,34.9,46.7,1013.0,97.8,
2026-02-01 22:00:00,26.3,85.12,0.3,45.0,32.0,46.7,1014.0,100.0,
2026-02-01 23:00:00,26.2,85.62,0.1,42.8,29.5,43.0,1014.0,99.9,
2026-02-02 00:00:00,26.1,86.65,0.0,41.8,29.2,42.6,1013.0,94.7,
2026-02-02 01:00:00,26.0,87.17,0.0,38.9,29.5,43.9,1013.0,93.8,
2026-02-02 02:00:00,25.9,87.16,0.1,36.7,29.5,44.3,1012.0,82.3,
2026-02-02 03:00:00,25.9,86.63,0.4,38.5,28.8,48.7,1012.0,81.8,
2026-02-02 04:00:00,26.1,85.1,0.5,37.8,29.5,55.5,1012.0,73.6,
2026-02-02 05:00:00,26.2,84.09,0.9,39.2,29.2,58.2,1012.0,63.7,
2026-02-02 06:00:00,26.0,85.6,0.4,39.6,29.2,49.2,1013.0,82.2,
2026-02-02 07:00:00,26.1,84.59,0.7,38.9,31.7,52.9,1014.0,61.3,
2026-02-02 08:00:00,26.2,84.09,0.4,38.5,31.7,56.8,1014.0,92.5,
2026-02-02 09:00:00,26.4,82.6,0.1,38.2,29.5,56.1,1015.0,68.4,
2026-02-02 10:00:00,26.5,82.11,0.1,38.5,27.7,55.2,1015.0,78.4,
2026-02-02 11:00:00,26.6,81.63,0.1,37.8,29.9,52.8,1014.0,90.0,
2026-02-02 12:00:00,26.8,81.66,0.0,34.9,29.9,52.5,1014.0,97.4,
2026-02-02 13:00:00,26.7,82.14,0.1,31.3,29.9,44.3,1013.0,98.6,
2026-02-02 14:00:00,26.4,83.6,0.2,32.4,30.6,41.8,1012.0,99.5,
2026-02-02 15:00:00,26.3,84.1,1.5,41.0,29.9,44.3,1012.0,99.5,
2026-02-02 16:00:00,26.4,84.62,1.6,39.6,31.3,45.3,1012.0,99.1,
2026-02-02 17:00:00,26.1,85.61,1.9,41.4,30.6,48.3,1013.0,100.0,
2026-02-02 18:00:00,26.2,85.62,1.5,41.4,26.6,43.6,1013.0,100.0,
2026-02-02 19:00:00,26.3,85.12,0.7,40.7,28.4,46.3,1014.0,99.8,
2026-02-02 20:00:00,26.4,84.62,0.2,42.8,29.5,43.9,1014.0,97.2,
2026-02-02 21:00:00,26.3,85.12,0.1,45.4,31.0,39.1,1015.0,99.6,
2026-02-02 22:00:00,26.0,86.64,0.0,46.1,31.0,38.6,1015.0,100.0,
2026-02-02 23:00:00,25.9,87.69,0.0,45.7,32.0,38.0,1015.0,100.0,
2026-02-03 00:00:00,25.8,87.68,0.0,43.6,32.8,37.3,1014.0,100.0,
2026-02-03 01:00:00,25.8,87.68,0.0,42.5,34.2,38.2,1014.0,100.0,
2026-02-03 02:00:00,25.8,87.15,0.0,42.5,37.1,41.6,1013.0,100.0,
2026-02-03 03:00:00,26.0,85.09,0.2,48.6,34.6,40.6,1013.0,100.0,
2026-02-03 04:00:00,26.2,82.08,0.3,45.7,33.8,40.7,1013.0,100.0,
2026-02-03 05:00:00,26.2,82.08,0.1,43.9,33.1,44.3,1013.0,99.5,
2026-02-03 06:00:00,26.2,83.08,0.0,44.3,32.0,37.9,1014.0,100.0,
2026-02-03 07:00:00,26.2,82.58,0.0,45.7,34.2,41.4,1014.0,98.1,
2026-02-03 08:00:00,26.3,81.59,0.0,45.7,33.8,41.4,1015.0,100.0,
2026-02-03 09:00:00,26.4,81.11,0.0,44.6,33.1,40.6,1015.0,100.0,
2026-02-03 10:00:00,26.4,80.62,0.0,43.2,33.5,38.9,1015.0,100.0,
2026-02-03 11:00:00,26.5,79.67,0.0,42.1,33.5,37.0,1015.0,100.0,
2026-02-03 12:00:00,26.7,78.73,0.0,41.0,32.4,35.9,1014.0,100.0,
2026-02-03 13:00:00,26.8,78.27,0.0,38.2,29.9,33.1,1013.0,100.0,
2026-02-03 14:00:00,26.9,78.28,0.0,35.6,27.7,30.1,1013.0,100.0,
2026-02-03 15:00:00,26.9,78.76,0.0,35.3,27.4,26.2,1012.0,100.0,
2026-02-03 16:00:00,27.0,78.3,0.0,33.8,28.8,28.8,1012.0,100.0,
2026-02-03 17:00:00,27.0,78.3,0.0,34.2,29.9,35.2,1012.0,100.0,
2026-02-03 18:00:00,26.7,79.69,0.0,36.7,25.6,27.3,1013.0,100.0,
2026-02-03 19:00:00,26.6,79.2,0.0,38.9,28.1,29.5,1014.0,100.0,
2026-02-03 20:00:00,26.4,80.14,0.0,41.8,31.0,32.7,1014.0,99.6,
2026-02-03 21:00:00,26.2,81.09,0.0,43.6,31.7,35.9,1015.0,97.1,
2026-02-03 22:00:00,25.9,83.04,0.1,43.9,32.8,40.2,1014.0,95.5,
2026-02-03 23:00:00,25.7,84.03,0.1,44.3,32.4,42.9,1014.0,95.4,
2026-02-04 00:00:00,25.6,84.53,0.1,44.3,31.7,43.6,1014.0,91.7,
2026-02-04 01:00:00,25.7,84.03,0.1,43.2,31.7,43.3,1013.0,89.4,
2026-02-04 02:00:00,25.8,82.53,0.0,43.6,33.1,44.2,1013.0,90.0,
2026-02-04 03:00:00,25.8,82.53,0.0,43.6,32.8,43.4,1012.0,90.1,
2026-02-04 04:00:00,25.8,81.53,0.0,43.2,32.0,41.3,1012.0,95.5,
2026-02-04 05:00:00,25.7,81.52,0.0,42.1,31.7,40.5,1013.0,98.2,
2026-02-04 06:00:00,25.9,77.66,0.0,41.4,28.1,35.1,1013.0,96.0,
2026-02-04 07:00:00,25.9,77.19,0.0,40.3,28.4,35.5,1014.0,90.7,
2026-02-04 08:00:00,26.0,76.73,0.0,39.6,28.1,37.1,1014.0,70.4,
2026-02-04 09:00:00,26.0,76.73,0.0,39.2,27.0,39.0,1014.0,66.7,
2026-02-04 10:00:00,26.1,76.75,0.0,38.2,26.6,39.4,1014.0,60.1,
2026-02-04 11:00:00,26.3,75.85,0.0,37.4,27.0,34.7,1013.0,10.0,
2026-02-04 12:00:00,26.7,72.73,0.0,37.4,26.3,30.8,1013.0,19.5,
2026-02-04 13:00:00,27.1,70.17,0.0,36.0,23.8,23.3,1012.0,90.7,
2026-02-04 14:00:00,27.1,72.36,0.0,31.7,22.0,13.1,1011.0,98.7,
2026-02-04 15:00:00,27.1,74.6,0.0,28.1,22.0,8.6,1011.0,45.6,
2026-02-04 16:00:00,27.0,76.42,0.0,31.0,24.1,13.4,1011.0,47.9,
2026-02-04 17:00:00,27.0,78.3,0.0,35.3,28.8,22.8,1011.0,82.4,
2026-02-04 18:00:00,26.7,80.18,0.0,38.5,29.2,24.1,1012.0,97.6,
2026-02-04 19:00:00,26.4,80.62,0.0,42.8,29.5,23.8,1013.0,97.7,
2026-02-04 20:00:00,26.2,81.58,0.1,44.6,31.3,28.2,1013.0,99.8,
2026-02-04 21:00:00,25.9,83.55,0.0,44.6,31.3,32.6,1013.0,99.7,
2026-02-04 22:00:00,25.8,84.05,0.0,43.9,31.0,33.7,1013.0,99.8,
2026-02-04 23:00:00,25.7,84.55,0.0,42.8,31.7,35.7,1013.0,100.0,
2026-02-05 00:00:00,25.6,85.57,0.0,41.8,32.0,35.5,1012.0,100.0,
2026-02-05 01:00:00,25.6,85.05,0.0,41.4,32.0,34.4,1012.0,100.0,
2026-02-05 02:00:00,25.5,85.56,0.0,41.0,31.7,34.8,1011.0,100.0,
2026-02-05 03:00:00,25.6,84.53,0.0,41.4,31.0,34.0,1011.0,100.0,
2026-02-05 04:00:00,25.6,84.53,0.0,40.3,31.3,32.3,1011.0,100.0,
2026-02-05 05:00:00,25.6,84.53,0.0,41.8,32.4,33.2,1011.0,100.0,
2026-02-05 06:00:00,25.8,83.54,0.1,43.2,32.4,33.5,1012.0,100.0,
2026-02-05 07:00:00,25.9,83.04,0.0,43.9,33.5,31.1,1012.0,100.0,
2026-02-05 08:00:00,26.0,83.06,0.0,43.9,35.3,27.5,1013.0,100.0,
2026-02-05 09:00:00,26.0,83.06,0.0,44.3,36.7,27.0,1013.0,100.0,
2026-02-05 10:00:00,26.0,83.06,0.0,43.2,37.1,27.4,1012.0,100.0,
2026-02-05 11:00:00,26.1,83.07,0.0,43.6,36.7,28.2,1012.0,100.0,
2026-02-05 12:00:00,26.2,83.08,0.0,41.8,35.6,26.0,1011.0,100.0,
2026-02-05 13:00:00,26.4,82.6,0.0,38.5,33.5,19.7,1010.0,100.0,
2026-02-05 14:00:00,26.4,83.6,0.0,39.2,32.4,8.8,1009.0,100.0,
2026-02-05 15:00:00,26.0,86.12,0.0,44.3,34.2,5.5,1009.0,100.0,
2026-02-05 16:00:00,26.0,85.09,0.1,46.8,35.6,12.4,1009.0,100.0,
2026-02-05 17:00:00,25.9,85.08,0.4,49.3,37.8,17.5,1010.0,100.0,
2026-02-05 18:00:00,26.1,83.57,0.7,52.9,30.2,6.9,1011.0,100.0,
2026-02-05 19:00:00,26.2,82.58,1.1,54.0,32.8,4.5,1011.0,100.0,
2026-02-05 20:00:00,25.9,84.57,1.2,54.0,38.5,9.7,1012.0,100.0,
2026-02-05 21:00:00,25.6,86.61,2.8,55.4,42.8,19.0,1012.0,100.0,
2026-02-05 22:00:00,25.5,88.18,5.4,54.7,42.8,20.5,1012.0,100.0,
2026-02-05 23:00:00,25.6,87.66,3.8,58.3,41.4,18.4,1012.0,100.0,
2026-02-06 00:00:00,25.6,87.66,1.4,58.7,40.7,18.2,1011.0,100.0,
2026-02-06 01:00:00,25.5,87.65,0.6,52.6,43.2,20.4,1010.0,100.0,
2026-02-06 02:00:00,25.9,86.63,0.4,52.2,42.8,21.9,1009.0,100.0,
2026-02-06 03:00:00,26.1,86.65,0.4,59.8,42.1,22.0,1008.0,100.0,
2026-02-06 04:00:00,26.1,87.18,0.1,57.2,43.6,24.8,1008.0,100.0,
2026-02-06 05:00:00,26.2,86.66,0.0,56.9,41.8,27.8,1009.0,100.0,
2026-02-06 06:00:00,26.3,85.12,0.1,57.6,37.4,13.3,1009.0,100.0,
2026-02-06 07:00:00,26.1,87.7,0.2,54.0,38.9,9.9,1009.0,99.6,
2026-02-06 08:00:00,26.1,88.23,0.2,50.0,38.5,19.8,1010.0,100.0,
2026-02-06 09:00:00,26.2,88.77,0.2,46.4,39.2,33.2,1010.0,100.0,
2026-02-06 10:00:00,26.5,87.74,0.2,47.9,35.6,39.5,1010.0,99.0,
2026-02-06 11:00:00,26.7,87.75,0.1,43.6,34.6,45.6,1009.0,100.0,
2026-02-06 12:00:00,26.8,87.24,0.1,40.0,30.2,45.3,1008.0,100.0,
2026-02-06 13:00:00,27.0,86.22,0.1,36.7,32.8,53.1,1007.0,100.0,
2026-02-06 14:00:00,26.8,86.2,0.1,38.2,31.0,57.0,1007.0,100.0,
2026-02-06 15:00:00,26.7,86.71,4.0,46.8,29.2,60.7,1006.0,100.0,
2026-02-06 16:00:00,26.7,86.71,4.0,44.6,27.7,62.2,1006.0,100.0,
2026-02-06 17:00:00,26.8,86.2,2.2,40.3,27.0,65.7,1007.0,100.0,
2026-02-06 18:00:00,26.0,89.83,1.1,36.7,26.3,39.5,1008.0,100.0,
2026-02-06 19:00:00,26.1,89.3,0.5,35.3,25.6,42.9,1008.0,100.0,
2026-02-06 20:00:00,26.2,88.24,0.5,37.8,24.8,48.7,1009.0,99.5,
2026-02-06 21:00:00,26.2,88.24,0.1,37.8,22.0,54.2,1010.0,100.0,
2026-02-06 22:00:00,26.1,89.3,0.0,38.5,21.2,62.0,1010.0,100.0,
2026-02-06 23:00:00,26.2,88.24,0.0,41.8,21.6,76.9,1010.0,100.0,
2026-02-07 00:00:00,26.2,88.77,0.0,42.1,22.3,85.2,1009.0,99.1,
2026-02-07 01:00:00,26.3,87.19,0.0,39.2,23.0,95.6,1008.0,98.1,
2026-02-07 02:00:00,26.3,87.19,0.0,37.4,23.4,106.3,1008.0,99.5,
2026-02-07 03:00:00,26.3,86.67,0.0,30.2,23.4,119.4,1008.0,100.0,
2026-02-07 04:00:00,26.3,86.67,0.0,30.2,24.5,128.4,1008.0,100.0,
2026-02-07 05:00:00,26.4,86.16,0.0,30.6,24.8,135.0,1008.0,99.4,
2026-02-07 06:00:00,26.3,87.19,0.0,30.6,14.8,136.1,1009.0,97.5,
2026-02-07 07:00:00,26.3,87.19,0.0,29.2,14.4,139.4,1010.0,97.5,
2026-02-07 08:00:00,26.4,86.68,0.0,27.7,14.4,138.9,1010.0,26.0,
2026-02-07 09:00:00,26.5,86.17,0.0,27.7,15.5,133.8,1010.0,5.3,
2026-02-07 10:00:00,26.6,86.18,0.0,27.4,15.8,131.3,1011.0,5.1,
2026-02-07 11:00:00,26.7,85.67,0.0,26.6,15.8,133.7,1010.0,7.6,
2026-02-07 12:00:00,26.8,85.17,0.0,25.9,15.1,134.4,1009.0,16.3,
2026-02-07 13:00:00,26.9,85.69,0.0,24.5,14.0,131.5,1009.0,37.1,
2026-02-07 14:00:00,26.9,86.21,0.0,23.4,14.0,125.4,1008.0,61.4,
2026-02-07 15:00:00,27.0,86.74,0.0,18.7,13.3,130.7,1007.0,82.8,
2026-02-07 16:00:00,26.9,87.77,0.0,19.1,13.0,122.9,1008.0,82.1,
2026-02-07 17:00:00,26.9,88.3,0.0,18.7,11.5,135.6,1008.0,76.9,
2026-02-07 18:00:00,27.2,85.21,0.0,18.4,11.2,157.4,1008.0,74.0,
2026-02-07 19:00:00,27.0,86.74,0.0,16.9,6.1,171.3,1009.0,55.8,
2026-02-07 20:00:00,26.9,87.25,0.0,15.1,4.0,131.2,1010.0,41.4,
2026-02-07 21:00:00,26.8,86.72,0.0,16.6,6.5,104.5,1010.0,40.0,
2026-02-07 22:00:00,26.6,86.7,0.2,17.3,5.0,114.0,1010.0,66.5,
2026-02-07 23:00:00,26.2,88.77,0.6,19.8,4.3,113.7,1010.0,94.9,
2026-02-08 00:00:00,25.9,88.21,0.9,19.4,3.2,111.5,1010.0,99.4,
2026-02-08 01:00:00,25.9,88.21,0.2,16.9,2.5,106.2,1009.0,98.8,
2026-02-08 02:00:00,26.1,87.18,0.0,14.0,2.2,191.0,1009.0,96.2,
2026-02-08 03:00:00,26.2,86.66,0.6,9.7,6.5,177.9,1009.0,98.6,
2026-02-08 04:00:00,25.9,87.16,0.0,9.4,5.0,152.4,1009.0,100.0,
2026-02-08 05:00:00,25.9,87.16,0.0,8.6,5.4,136.1,1009.0,97.8,
2026-02-08 06:00:00,26.4,85.64,0.0,10.1,6.1,122.6,1009.0,98.1,
2026-02-08 07:00:00,26.5,85.65,0.0,14.4,8.3,133.7,1010.0,98.5,
2026-02-08 08:00:00,26.6,85.15,0.0,18.0,8.3,150.0,1011.0,99.5,
2026-02-08 09:00:00,26.7,85.16,0.0,18.4,7.2,175.5,1012.0,98.0,
2026-02-08 10:00:00,26.8,84.66,0.0,16.9,5.8,195.6,1012.0,97.3,
2026-02-08 11:00:00,26.9,84.16,0.0,14.8,6.1,207.4,1011.0,99.3,
2026-02-08 12:00:00,27.0,83.17,0.0,12.6,6.1,229.8,1010.0,99.4,
2026-02-08 13:00:00,27.1,82.19,0.0,9.0,3.2,290.8,1010.0,100.0,
2026-02-08 14:00:00,27.2,81.71,0.0,7.9,5.0,341.4,1009.0,97.6,
2026-02-08 15:00:00,27.1,82.68,0.0,10.1,4.7,1.7,1009.0,95.6,
2026-02-08 16:00:00,27.2,82.69,0.0,9.7,5.0,24.2,1009.0,99.4,
2026-02-08 17:00:00,27.2,82.2,0.0,9.7,4.0,6.4,1010.0,96.4,
2026-02-08 18:00:00,27.4,83.22,0.0,9.7,13.3,28.4,1010.0,99.4,
2026-02-08 19:00:00,27.3,84.21,0.0,11.5,11.5,21.9,1010.0,96.8,
2026-02-08 20:00:00,27.2,85.21,0.0,10.4,14.4,10.8,1011.0,97.6,
2026-02-08 21:00:00,27.0,87.26,0.0,11.9,18.0,17.7,1012.0,96.8,
2026-02-08 22:00:00,26.5,89.33,0.2,15.8,20.9,30.1,1012.0,94.2,
2026-02-08 23:00:00,26.3,89.31,0.4,16.9,19.1,46.3,1012.0,97.3,
2026-02-09 00:00:00,26.0,89.83,0.4,18.4,20.9,60.0,1012.0,97.9,
2026-02-09 01:00:00,25.8,89.81,0.7,20.5,21.2,68.9,1011.0,92.7,
2026-02-09 02:00:00,25.9,87.16,0.9,22.3,20.9,70.0,1010.0,98.7,
2026-02-09 03:00:00,26.0,86.64,0.2,27.7,21.2,67.8,1010.0,99.9,
2026-02-09 04:00:00,26.1,86.13,0.1,29.9,23.4,64.8,1010.0,97.7,
2026-02-09 05:00:00,26.1,86.65,0.1,32.4,24.5,65.9,1011.0,97.7,
2026-02-09 06:00:00,26.4,82.6,0.2,33.1,23.4,65.5,1011.0,97.9,
2026-02-09 07:00:00,26.3,84.1,0.2,32.0,23.4,64.5,1012.0,96.5,
2026-02-09 08:00:00,26.2,84.09,0.4,30.2,25.6,61.0,1013.0,96.3,
2026-02-09 09:00:00,26.4,83.1,0.2,28.8,26.6,57.9,1013.0,98.1,
2026-02-09 10:00:00,26.4,82.6,0.2,27.4,29.9,55.1,1013.0,93.9,
2026-02-09 11:00:00,26.3,83.59,0.4,26.3,34.6,51.8,1012.0,99.0,
2026-02-09 12:00:00,26.3,84.1,0.1,27.0,38.2,48.5,1012.0,98.6,
2026-02-09 13:00:00,26.2,84.6,0.2,32.0,40.3,43.4,1011.0,97.0,
2026-02-09 14:00:00,26.2,84.09,0.2,35.6,42.8,40.4,1010.0,97.1,
2026-02-09 15:00:00,26.5,82.61,0.3,58.7,40.7,38.9,1010.0,100.0,
2026-02-09 16:00:00,26.6,82.13,0.4,55.4,39.6,34.8,1010.0,100.0,
2026-02-09 17:00:00,26.6,82.13,0.7,53.3,38.2,33.5,1011.0,100.0,
2026-02-09 18:00:00,25.9,83.55,1.2,51.5,35.6,25.8,1011.0,100.0,
2026-02-09 19:00:00,26.0,83.06,1.4,51.5,36.0,28.7,1012.0,100.0,
2026-02-09 20:00:00,26.1,82.57,1.4,51.8,36.4,33.8,1013.0,99.6,
2026-02-09 21:00:00,26.2,82.58,0.9,52.9,36.7,38.8,1013.0,100.0,
2026-02-09 22:00:00,26.3,82.59,0.3,52.9,37.4,42.2,1013.0,100.0,
2026-02-09 23:00:00,26.2,83.58,0.2,51.5,36.7,41.0,1013.0,100.0,
2026-02-10 00:00:00,26.2,83.58,0.3,50.0,37.8,38.5,1013.0,100.0,
2026-02-10 01:00:00,26.1,84.08,0.3,50.4,38.2,36.1,1012.0,100.0,
2026-02-10 02:00:00,26.1,83.07,0.4,49.7,38.5,29.9,1012.0,100.0,
2026-02-10 03:00:00,26.2,82.58,1.7,52.6,39.6,25.0,1012.0,100.0,
2026-02-10 04:00:00,26.1,84.08,1.9,55.4,41.4,23.9,1012.0,100.0,
2026-02-10 05:00:00,25.9,85.6,2.3,58.3,43.9,29.6,1012.0,100.0,
2026-02-10 06:00:00,25.8,85.07,2.7,60.5,40.3,29.0,1013.0,99.6,
2026-02-10 07:00:00,26.0,84.07,2.4,61.2,37.4,34.8,1014.0,99.6,
2026-02-10 08:00:00,25.9,84.57,2.1,61.2,36.7,40.3,1015.0,100.0,
2026-02-10 09:00:00,26.1,84.08,2.4,57.2,36.0,45.4,1015.0,100.0,
2026-02-10 10:00:00,26.1,84.08,3.2,56.9,33.5,47.9,1015.0,100.0,
2026-02-10 11:00:00,26.4,82.1,2.9,53.3,31.3,45.6,1014.0,100.0,
2026-02-10 12:00:00,26.4,82.6,2.0,50.8,30.6,39.1,1014.0,100.0,
2026-02-10 13:00:00,26.4,83.1,1.3,49.3,32.0,38.6,1013.0,100.0,
2026-02-10 14:00:00,26.5,84.12,0.4,45.4,32.0,40.8,1012.0,100.0,
2026-02-10 15:00:00,26.7,83.64,5.8,44.6,33.8,39.5,1012.0,100.0,
2026-02-10 16:00:00,26.6,84.64,6.7,47.5,35.3,34.4,1012.0,100.0,
2026-02-10 17:00:00,26.5,85.65,7.6,49.0,32.0,32.4,1012.0,100.0,
2026-02-10 18:00:00,26.1,86.13,6.1,48.2,33.5,39.0,1013.0,100.0,
2026-02-10 19:00:00,26.3,86.15,2.9,46.4,34.9,51.8,1014.0,100.0,
2026-02-10 20:00:00,26.5,85.14,0.7,43.9,34.6,60.3,1014.0,96.4,
2026-02-10 21:00:00,26.6,83.12,0.1,40.0,32.8,62.0,1014.0,99.8,
2026-02-10 22:00:00,26.6,81.14,0.0,36.7,31.7,61.0,1013.0,100.0,
2026-02-10 23:00:00,26.5,80.15,0.0,34.9,28.4,57.2,1013.0,100.0,
2026-02-11 00:00:00,26.5,80.15,0.0,32.4,28.8,57.2,1013.0,100.0,24.1
2026-02-11 01:00:00,26.3,82.09,0.1,30.2,27.7,64.0,1012.0,100.0,24.1
2026-02-11 02:00:00,25.9,85.6,0.2,29.2,26.3,64.2,1012.0,99.6,24.1
2026-02-11 03:00:00,25.8,87.15,0.6,34.2,24.1,63.2,1012.0,98.3,24.1
2026-02-11 04:00:00,26.0,86.12,0.0,31.0,23.0,60.0,1012.0,95.4,24.1
2026-02-11 05:00:00,26.2,85.62,0.0,29.9,23.0,61.4,1013.0,96.2,24.1
2026-02-11 06:00:00,26.2,85.62,0.0,31.0,22.0,55.1,1014.0,96.7,24.1
2026-02-11 07:00:00,26.4,84.62,0.0,30.6,22.3,48.6,1014.0,99.3,24.1
2026-02-11 08:00:00,26.6,83.63,0.0,29.5,24.5,48.6,1015.0,99.4,10.4
2026-02-11 09:00:00,26.7,83.64,0.1,31.0,23.4,53.3,1015.0,100.0,18.1
2026-02-11 10:00:00,26.7,84.14,0.1,32.0,25.2,53.2,1015.0,100.0,24.1
2026-02-11 11:00:00,26.5,85.14,0.2,31.7,23.8,52.2,1015.0,100.0,24.1
2026-02-11 12:00:00,26.3,86.67,0.2,30.6,21.6,42.7,1013.0,99.6,24.1
2026-02-11 13:00:00,26.2,87.71,0.1,29.9,21.2,37.5,1013.0,99.5,20.0
2026-02-11 14:00:00,26.4,87.2,0.0,25.9,23.0,31.7,1012.0,100.0,24.1
2026-02-11 15:00:00,26.6,86.18,0.1,33.1,27.0,33.6,1012.0,97.7,19.0
2026-02-11 16:00:00,26.6,86.18,0.2,34.9,27.7,39.8,1011.0,95.6,24.1
2026-02-11 17:00:00,26.3,88.25,0.1,38.2,29.2,47.7,1012.0,95.1,6.6
2026-02-11 18:00:00,26.9,83.16,0.0,37.8,24.5,37.6,1012.0,99.4,14.6
2026-02-11 19:00:00,26.9,83.66,0.0,36.0,25.6,41.0,1012.0,100.0,15.8
2026-02-11 20:00:00,26.8,84.15,0.0,36.0,23.8,42.2,1013.0,99.1,24.1
2026-02-11 21:00:00,26.7,85.16,0.0,36.0,24.8,42.6,1013.0,95.8,17.3
2026-02-11 22:00:00,26.5,86.17,0.0,36.0,25.2,45.4,1013.0,94.8,16.3
2026-02-11 23:00:00,26.5,86.17,0.0,35.3,22.7,50.7,1013.0,84.4,15.4
2026-02-12 00:00:00,26.4,86.16,0.1,34.2,20.9,53.9,1013.0,91.7,16.2
2026-02-12 01:00:00,26.4,85.64,0.1,34.2,22.0,54.1,1012.0,91.7,24.1
2026-02-12 02:00:00,26.3,86.67,0.0,34.6,22.7,57.0,1011.0,91.0,9.3
2026-02-12 03:00:00,26.3,86.15,0.4,33.1,25.9,57.6,1011.0,95.1,8.4
2026-02-12 04:00:00,26.3,86.15,0.2,34.2,25.6,56.0,1011.0,96.8,14.4
2026-02-12 05:00:00,26.2,87.19,0.5,34.9,25.6,51.8,1011.0,99.7,13.6
2026-02-12 06:00:00,25.9,88.75,0.7,33.5,20.5,49.5,1012.0,100.0,5.9
2026-02-12 07:00:00,25.8,89.27,0.9,33.1,21.2,53.7,1012.0,100.0,15.6
2026-02-12 08:00:00,26.1,87.18,0.6,34.6,22.3,54.7,1013.0,100.0,17.8
2026-02-12 09:00:00,26.2,87.19,0.2,33.5,22.3,50.5,1013.0,94.1,17.1
2026-02-12 10:00:00,26.4,86.68,0.0,32.4,22.7,38.0,1013.0,78.6,11.2
2026-02-12 11:00:00,26.6,85.66,0.0,32.0,25.9,32.8,1012.0,51.4,13.2
2026-02-12 12:00:00,26.8,84.15,0.0,34.2,28.1,33.5,1012.0,32.5,16.6
2026-02-12 13:00:00,26.9,83.66,0.0,32.4,26.6,31.3,1011.0,36.8,24.1
2026-02-12 14:00:00,27.0,83.67,0.0,31.0,25.2,27.4,1010.0,78.7,24.1
2026-02-12 15:00:00,27.0,84.18,0.0,32.8,25.6,26.8,1009.0,68.7,24.1
2026-02-12 16:00:00,27.0,85.19,0.0,33.1,26.6,24.8,1010.0,84.4,24.1
2026-02-12 17:00:00,27.0,85.7,0.0,33.1,26.3,24.3,1010.0,88.1,24.1
2026-02-12 18:00:00,27.1,86.23,0.0,32.8,24.5,19.7,1010.0,94.2,15.4
2026-02-12 19:00:00,27.1,86.23,0.0,34.2,28.1,23.4,1011.0,98.3,16.7
2026-02-12 20:00:00,26.9,87.25,0.0,37.1,29.5,25.5,1012.0,100.0,22.2
2026-02-12 21:00:00,26.8,87.24,0.0,38.2,32.4,31.5,1012.0,100.0,15.8
2026-02-12 22:00:00,26.6,88.27,0.0,38.5,32.4,36.8,1012.0,100.0,24.1
2026-02-12 23:00:00,26.3,88.78,0.1,38.5,33.1,40.5,1012.0,99.1,24.1
2026-02-13 00:00:00,26.2,88.77,0.1,37.4,33.1,40.2,1011.0,100.0,14.6
2026-02-13 01:00:00,26.1,88.76,0.2,34.6,32.0,44.3,1011.0,100.0,4.6
2026-02-13 02:00:00,26.2,87.19,0.0,30.6,29.9,47.8,1010.0,97.4,19.5
2026-02-13 03:00:00,26.2,87.19,0.0,38.5,27.0,46.3,1010.0,99.5,13.6
2026-02-13 04:00:00,26.3,86.67,0.0,36.4,25.2,47.9,1010.0,100.0,7.3
2026-02-13 05:00:00,26.3,86.67,0.0,32.8,23.4,55.5,1010.0,100.0,10.0
2026-02-13 06:00:00,26.6,84.64,0.0,31.0,20.5,64.5,1010.0,100.0,11.6
2026-02-13 07:00:00,26.7,84.14,0.0,31.0,17.6,69.6,1012.0,100.0,19.9
2026-02-13 08:00:00,26.7,83.64,0.0,29.5,15.8,65.8,1012.0,100.0,24.1
2026-02-13 09:00:00,26.7,83.64,0.0,29.9,20.5,63.1,1012.0,100.0,24.1
2026-02-13 10:00:00,26.6,84.13,0.0,29.5,20.5,60.2,1012.0,100.0,24.1
2026-02-13 11:00:00,26.9,82.16,0.0,30.6,17.3,53.4,1011.0,100.0,24.1
2026-02-13 12:00:00,27.2,81.22,0.0,29.9,19.8,43.7,1010.0,100.0,24.1
2026-02-13 13:00:00,27.3,81.23,0.0,27.0,23.0,42.7,1009.0,100.0,24.1
2026-02-13 14:00:00,27.4,82.22,0.0,23.4,22.3,36.6,1009.0,100.0,24.1
2026-02-13 15:00:00,27.4,83.72,0.0,28.1,21.2,29.5,1009.0,99.5,24.1
2026-02-13 16:00:00,27.4,85.74,0.0,27.4,20.9,24.1,1008.0,96.4,24.1
2026-02-13 17:00:00,27.4,86.77,0.0,27.0,19.8,24.0,1009.0,84.1,24.1
2026-02-13 18:00:00,27.2,88.32,0.0,25.2,20.9,27.1,1009.0,89.8,24.1
2026-02-13 19:00:00,27.4,86.77,0.0,23.8,19.4,39.5,1010.0,98.0,24.1
2026-02-13 20:00:00,27.5,85.24,0.0,22.7,19.4,49.2,1011.0,100.0,24.1
2026-02-13 21:00:00,27.5,84.73,0.0,23.4,20.9,54.6,1012.0,100.0,24.1
2026-02-13 22:00:00,27.2,85.72,0.0,23.8,22.0,55.4,1011.0,98.3,24.1
2026-02-13 23:00:00,27.0,86.22,0.0,24.1,21.6,53.1,1011.0,98.0,24.1
2026-02-14 00:00:00,26.8,86.72,0.0,24.5,21.6,51.0,1011.0,96.9,24.1
2026-02-14 01:00:00,26.6,87.22,0.0,25.9,22.3,54.1,1011.0,94.9,24.1
2026-02-14 02:00:00,26.4,88.26,0.0,27.4,23.0,56.6,1010.0,79.6,24.1
2026-02-14 03:00:00,26.4,88.26,0.0,29.5,23.4,55.9,1010.0,65.4,24.1
2026-02-14 04:00:00,26.4,87.73,0.0,30.2,23.8,53.5,1010.0,34.0,24.1
2026-02-14 05:00:00,26.4,87.2,0.0,30.6,24.8,53.7,1010.0,25.9,24.1
2026-02-14 06:00:00,26.4,86.16,0.0,31.3,22.7,46.8,1011.0,10.2,24.1
2026-02-14 07:00:00,26.5,85.65,0.0,31.0,21.2,46.7,1011.0,5.3,24.1
2026-02-14 08:00:00,26.5,85.65,0.0,28.8,20.5,46.5,1012.0,9.5,24.1
2026-02-14 09:00:00,26.6,85.66,0.0,27.0,20.5,44.3,1012.0,13.8,24.1
2026-02-14 10:00:00,26.7,85.16,0.0,28.1,19.4,44.4,1012.0,26.7,24.1
2026-02-14 11:00:00,26.8,84.66,0.0,31.3,18.7,39.9,1012.0,35.9,24.1
2026-02-14 12:00:00,27.0,84.18,0.0,25.9,16.9,34.1,1011.0,30.1,24.1
2026-02-14 13:00:00,27.3,83.7,0.0,22.3,14.0,36.0,1010.0,43.2,24.1
2026-02-14 14:00:00,27.6,82.74,0.0,19.8,14.0,49.4,1009.0,86.3,18.1
2026-02-14 15:00:00,27.7,82.75,0.1,24.1,16.2,67.1,1009.0,90.4,8.5
2026-02-14 16:00:00,27.7,83.25,0.0,23.0,18.7,79.0,1009.0,83.9,7.6
2026-02-14 17:00:00,27.6,83.74,0.0,23.8,18.0,80.2,1009.0,69.9,7.5
2026-02-14 18:00:00,27.3,84.71,0.0,23.0,15.5,73.4,1010.0,79.1,8.1
2026-02-14 19:00:00,27.2,85.21,0.0,20.5,15.5,68.0,1011.0,89.7,23.2
2026-02-14 20:00:00,27.2,84.7,0.0,18.7,16.2,67.1,1012.0,91.2,24.1
2026-02-14 21:00:00,27.0,85.19,0.2,21.6,15.1,69.9,1012.0,96.4,24.1
2026-02-14 22:00:00,26.9,84.16,0.1,19.4,14.0,65.8,1012.0,97.1,24.1
2026-02-14 23:00:00,26.8,84.66,0.0,14.8,14.8,60.9,1013.0,97.7,24.1
2026-02-15 00:00:00,26.6,85.66,0.0,11.9,16.9,57.4,1012.0,86.9,24.1
2026-02-15 01:00:00,26.6,85.66,0.0,14.0,19.1,57.3,1011.0,65.7,24.1
2026-02-15 02:00:00,26.5,86.69,0.0,18.4,19.8,56.2,1010.0,69.0,24.1
2026-02-15 03:00:00,26.4,87.2,0.0,26.6,20.9,56.3,1011.0,78.3,24.1
2026-02-15 04:00:00,26.3,88.25,0.0,27.7,21.6,61.6,1010.0,79.7,24.1
2026-02-15 05:00:00,26.3,87.72,0.0,27.7,21.2,67.0,1011.0,80.4,24.1
2026-02-15 06:00:00,26.5,86.17,0.0,27.4,20.2,64.9,1011.0,81.0,24.1
2026-02-15 07:00:00,26.5,86.17,0.0,27.4,19.8,68.2,1012.0,74.7,24.1
2026-02-15 08:00:00,26.5,86.17,0.0,26.3,18.4,70.0,1012.0,67.7,24.1
2026-02-15 09:00:00,26.6,85.66,0.0,24.1,17.3,69.4,1013.0,75.0,24.1
2026-02-15 10:00:00,26.7,84.65,0.0,22.0,16.9,65.6,1013.0,86.3,24.1
2026-02-15 11:00:00,27.0,82.67,0.0,21.6,16.6,57.4,1012.0,96.0,24.1
2026-02-15 12:00:00,27.3,80.74,0.0,20.5,14.4,47.5,1011.0,98.6,24.1
2026-02-15 13:00:00,27.5,80.77,0.0,18.0,12.2,27.5,1010.0,98.5,24.1
2026-02-15 14:00:00,27.5,82.23,0.0,17.6,13.0,10.1,1010.0,99.0,24.1
2026-02-15 15:00:00,27.5,83.23,0.0,18.0,13.7,3.8,1009.0,100.0,24.1
2026-02-15 16:00:00,27.4,85.23,0.0,18.4,14.0,6.8,1009.0,98.9,23.2
2026-02-15 17:00:00,27.3,87.28,0.0,18.7,14.4,14.8,1009.0,100.0,24.1
2026-02-15 18:00:00,27.6,84.24,0.0,20.5,15.1,25.0,1010.0,98.5,24.1
2026-02-15 19:00:00,27.7,82.75,0.0,22.3,16.9,46.1,1011.0,99.5,24.1
2026-02-15 20:00:00,27.8,80.32,0.0,25.6,19.8,61.6,1011.0,95.6,24.1
2026-02-15 21:00:00,27.6,80.78,0.0,28.4,20.9,62.8,1012.0,93.1,24.1
2026-02-15 22:00:00,27.3,81.72,0.0,28.4,20.9,54.0,1012.0,41.4,24.1
2026-02-15 23:00:00,27.0,83.67,0.0,29.5,23.0,48.5,1011.0,33.6,24.1
2026-02-16 00:00:00,26.7,85.16,0.0,31.0,24.5,48.7,1011.0,70.9,24.1
2026-02-16 01:00:00,26.4,86.68,0.0,33.5,24.8,50.4,1010.0,61.7,24.1
2026-02-16 02:00:00,26.3,86.67,0.0,34.2,25.2,51.0,1010.0,65.8,24.1
2026-02-16 03:00:00,26.1,87.7,0.0,33.5,25.2,51.8,1010.0,78.4,24.1
2026-02-16 04:00:00,26.1,87.7,0.0,33.1,24.8,53.4,1010.0,97.7,24.1
2026-02-16 05:00:00,26.1,87.18,0.0,32.8,24.5,54.5,1010.0,96.1,24.1
2026-02-16 06:00:00,26.2,85.62,0.0,32.4,22.3,55.0,1011.0,96.7,24.1
2026-02-16 07:00:00,26.3,85.12,0.0,31.7,23.4,55.3,1011.0,89.3,24.1
2026-02-16 08:00:00,26.3,84.1,0.0,31.7,24.5,56.9,1012.0,89.9,24.1
2026-02-16 09:00:00,26.4,82.6,0.0,31.3,23.0,55.2,1012.0,86.2,24.1
2026-02-16 10:00:00,26.5,82.11,0.0,29.2,20.5,50.6,1012.0,63.3,24.1
2026-02-16 11:00:00,26.7,81.64,0.0,26.6,18.7,48.8,1011.0,48.8,24.1
2026-02-16 12:00:00,26.8,82.15,0.0,22.3,15.1,36.4,1010.0,45.1,24.1
2026-02-16 13:00:00,26.8,83.65,0.0,19.1,13.7,16.4,1010.0,23.5,24.1
2026-02-16 14:00:00,26.9,84.16,0.0,20.5,14.8,359.6,1009.0,18.0,24.1
2026-02-16 15:00:00,27.0,84.68,0.0,22.3,16.9,359.6,1008.0,19.6,24.1
2026-02-16 16:00:00,27.2,85.21,0.0,23.4,17.3,4.1,1009.0,31.0,24.0
2026-02-16 17:00:00,27.2,86.24,0.0,23.8,18.0,15.4,1009.0,32.7,24.1
2026-02-16 18:00:00,27.6,85.25,0.0,25.6,21.2,30.7,1009.0,31.2,15.2
2026-02-16 19:00:00,27.4,84.72,0.1,31.3,25.2,45.6,1010.0,64.9,22.4
2026-02-16 20:00:00,27.4,83.22,0.1,36.0,27.0,55.8,1011.0,80.2,17.1
2026-02-16 21:00:00,27.2,83.69,0.0,37.4,26.6,61.0,1011.0,82.3,24.1
2026-02-16 22:00:00,27.0,84.68,0.0,37.1,25.9,61.7,1011.0,62.3,24.1
2026-02-16 23:00:00,26.9,84.67,0.0,34.6,25.2,60.6,1011.0,58.2,24.1
2026-02-17 00:00:00,26.7,85.67,0.0,32.0,25.2,58.9,1011.0,47.8,24.1
2026-02-17 01:00:00,26.6,86.18,0.0,30.2,24.5,58.5,1010.0,46.2,24.1
2026-02-17 02:00:00,26.4,87.2,0.0,28.1,24.8,58.8,1010.0,37.0,24.1
2026-02-17 03:00:00,26.3,87.72,0.1,32.4,24.5,61.7,1009.0,23.0,24.1
2026-02-17 04:00:00,26.3,87.19,0.0,32.0,22.7,63.4,1010.0,27.4,24.1
2026-02-17 05:00:00,26.3,87.19,0.0,30.2,21.2,63.4,1010.0,55.9,24.1
2026-02-17 06:00:00,26.7,85.16,0.0,27.7,18.0,63.8,1011.0,76.6,24.1
2026-02-17 07:00:00,26.8,85.17,0.1,27.4,19.8,66.0,1011.0,94.4,24.1
2026-02-17 08:00:00,26.9,84.67,0.1,29.2,22.3,63.9,1012.0,91.6,24.1
2026-02-17 09:00:00,27.0,84.18,0.0,30.6,23.8,59.1,1012.0,90.1,24.1
2026-02-17 10:00:00,27.1,83.18,0.0,32.8,24.5,55.9,1012.0,65.5,24.1
2026-02-17 11:00:00,27.3,81.23,0.0,31.7,23.4,50.3,1012.0,19.9,24.1
2026-02-17 12:00:00,27.5,79.8,0.0,29.5,22.3,43.3,1011.0,43.6,24.1
2026-02-17 13:00:00,27.7,79.35,0.0,27.4,20.5,36.7,1011.0,39.0,24.1
2026-02-17 14:00:00,27.7,80.31,0.0,26.3,18.7,29.3,1010.0,39.0,24.1
2026-02-17 15:00:00,27.7,81.28,0.0,23.4,18.0,20.9,1009.0,52.0,24.1
2026-02-17 16:00:00,27.7,82.26,0.0,24.1,19.1,17.6,1009.0,38.1,24.1
2026-02-17 17:00:00,27.8,82.27,0.0,25.6,20.9,22.5,1010.0,15.6,24.1
2026-02-17 18:00:00,27.9,81.3,0.0,29.5,24.1,30.2,1010.0,38.6,24.1
2026-02-17 19:00:00,27.9,79.85,0.0,33.8,27.4,39.0,1011.0,69.4,24.1
2026-02-17 20:00:00,27.7,76.99,0.0,38.5,28.8,42.7,1011.0,47.5,24.1
2026-02-17 21:00:00,27.3,76.0,0.0,42.1,31.3,43.3,1012.0,35.6,24.1
2026-02-17 22:00:00,26.9,77.34,0.0,42.8,32.8,45.2,1012.0,33.9,24.1
2026-02-17 23:00:00,26.6,78.72,0.0,43.2,33.8,46.7,1012.0,35.8,24.1
2026-02-18 00:00:00,26.4,80.14,0.0,42.8,34.6,48.3,1012.0,79.7,24.1
2026-02-18 01:00:00,26.3,80.61,0.0,42.5,33.5,46.3,1011.0,98.9,24.1
2026-02-18 02:00:00,26.2,81.58,0.0,42.1,33.1,45.1,1010.0,100.0,24.1
2026-02-18 03:00:00,26.1,81.57,0.0,43.6,32.4,44.7,1010.0,100.0,24.1
2026-02-18 04:00:00,26.1,80.59,0.0,42.8,31.7,43.2,1011.0,95.6,24.1
2026-02-18 05:00:00,26.1,79.13,0.0,41.8,31.0,42.1,1011.0,91.2,24.1
2026-02-18 06:00:00,26.3,79.64,0.0,40.3,29.2,43.4,1012.0,63.7,24.1
2026-02-18 07:00:00,26.3,79.64,0.0,40.3,30.2,43.4,1012.0,77.9,24.1
2026-02-18 08:00:00,26.4,78.69,0.0,40.7,31.7,40.4,1013.0,79.2,24.1
2026-02-18 09:00:00,26.6,76.83,0.0,41.8,32.4,38.2,1013.0,98.5,24.1
2026-02-18 10:00:00,26.7,76.84,0.0,41.8,32.0,38.0,1013.0,99.9,24.1
2026-02-18 11:00:00,26.9,76.87,0.0,41.0,32.0,36.9,1013.0,57.1,24.1
2026-02-18 12:00:00,27.2,75.07,0.0,39.6,31.0,34.9,1012.0,45.8,24.1
2026-02-18 13:00:00,27.7,72.02,0.0,39.6,29.5,31.7,1012.0,92.1,24.1
2026-02-18 14:00:00,28.0,71.2,0.0,38.9,27.7,28.6,1011.0,100.0,19.6
2026-02-18 15:00:00,27.9,73.83,0.0,35.3,26.3,23.4,1011.0,99.5,17.9
2026-02-18 16:00:00,27.8,77.01,0.0,34.6,27.7,20.7,1011.0,99.1,24.1
2026-02-18 17:00:00,27.8,77.94,0.0,37.1,29.9,25.5,1011.0,99.9,19.3
2026-02-18 18:00:00,27.6,76.98,0.1,40.3,30.6,32.6,1012.0,99.8,22.7
2026-02-18 19:00:00,27.4,76.95,0.1,42.8,29.9,37.5,1012.0,100.0,10.0
2026-02-18 20:00:00,27.3,77.4,0.1,45.0,32.4,38.9,1013.0,100.0,4.9
2026-02-18 21:00:00,27.3,77.4,0.0,46.1,34.2,36.7,1013.0,100.0,24.1
2026-02-18 22:00:00,27.1,78.79,0.0,46.1,35.6,37.2,1013.0,100.0,22.8
2026-02-18 23:00:00,26.9,80.2,0.0,47.2,36.7,42.3,1013.0,100.0,24.1
2026-02-19 00:00:00,26.7,81.64,0.1,47.5,35.3,46.9,1013.0,100.0,24.1
2026-02-19 01:00:00,26.5,82.61,0.1,46.4,34.2,51.0,1013.0,100.0,24.1
2026-02-19 02:00:00,26.3,83.59,0.1,45.4,33.5,53.2,1012.0,100.0,24.1
2026-02-19 03:00:00,26.3,83.09,0.1,45.0,34.2,54.0,1012.0,99.0,24.1
2026-02-19 04:00:00,26.3,82.59,0.0,46.1,35.3,55.1,1012.0,100.0,24.1
2026-02-19 05:00:00,26.4,81.61,0.0,49.3,37.4,56.9,1012.0,100.0,24.1
2026-02-19 06:00:00,26.4,80.62,0.0,52.9,36.0,58.3,1013.0,99.6,24.1
2026-02-19 07:00:00,26.5,79.67,0.0,54.4,37.4,55.3,1013.0,100.0,24.1
2026-02-19 08:00:00,25.9,73.95,0.0,28.4,20.5,67.8,1014.0,100.0,24.1
2026-02-19 09:00:00,25.9,73.95,0.0,29.2,21.6,59.2,1015.0,100.0,24.1
2026-02-19 10:00:00,25.9,74.4,0.0,29.5,21.6,59.6,1015.0,100.0,24.1
2026-02-19 11:00:00,26.0,74.88,0.0,31.7,22.0,58.1,1014.0,100.0,24.1
2026-02-19 12:00:00,26.2,74.0,0.0,32.0,22.7,55.6,1013.0,100.0,24.1
2026-02-19 13:00:00,26.1,74.43,0.0,30.6,20.2,53.2,1013.0,100.0,24.1
2026-02-19 14:00:00,26.5,71.81,0.0,27.0,19.4,65.1,1012.0,100.0,24.1
2026-02-19 15:00:00,26.3,72.22,0.0,19.4,14.8,73.4,1012.0,100.0,24.1
2026-02-19 16:00:00,26.2,72.2,0.0,18.0,14.0,45.5,1012.0,100.0,24.1
2026-02-19 17:00:00,26.0,73.96,0.0,19.1,15.5,38.2,1012.0,100.0,24.1
2026-02-19 18:00:00,26.1,73.98,0.0,22.7,17.6,49.1,1013.0,100.0,24.1
2026-02-19 19:00:00,26.3,74.01,0.0,23.4,18.0,58.8,1014.0,100.0,24.1
2026-02-19 20:00:00,26.3,74.47,0.0,26.3,18.0,64.2,1014.0,100.0,24.1
2026-02-19 21:00:00,26.1,73.98,0.0,24.1,17.3,63.6,1014.0,100.0,24.1
2026-02-19 22:00:00,26.0,73.06,0.0,23.8,16.9,63.4,1014.0,100.0,24.1
2026-02-19 23:00:00,25.8,73.93,0.0,23.8,17.6,63.0,1014.0,100.0,24.1
2026-02-20 00:00:00,25.7,74.37,0.0,22.7,16.6,61.0,1014.0,100.0,24.1
2026-02-20 01:00:00,25.6,74.81,0.0,20.9,15.5,59.6,1013.0,100.0,24.1
2026-02-20 02:00:00,25.5,75.26,0.0,19.8,14.8,53.3,1013.0,100.0,24.1
2026-02-20 03:00:00,25.4,75.24,0.0,19.4,14.8,54.8,1012.0,100.0,24.1
2026-02-20 04:00:00,25.4,76.17,0.0,20.5,16.2,47.5,1012.0,100.0,24.1
2026-02-20 05:00:00,25.3,77.1,0.0,19.8,16.6,51.1,1012.0,98.9,24.1
2026-02-20 06:00:00,25.3,77.58,0.0,16.9,14.4,62.4,1013.0,100.0,24.1
2026-02-20 07:00:00,25.4,77.59,0.0,14.4,11.9,71.1,1014.0,100.0,24.1
2026-02-20 08:00:00,25.6,77.62,0.0,13.3,11.2,67.6,1014.0,100.0,24.1
2026-02-20 09:00:00,25.8,76.7,0.0,15.5,12.6,58.0,1014.0,100.0,24.1
2026-02-20 10:00:00,25.8,76.24,0.0,16.2,12.2,46.8,1014.0,100.0,24.1
2026-02-20 11:00:00,26.4,73.58,0.0,18.0,14.0,36.0,1013.0,100.0,24.1
2026-02-20 12:00:00,26.6,73.16,0.0,18.4,16.6,27.3,1012.0,100.0,24.1
2026-02-20 13:00:00,26.6,73.61,0.0,17.6,14.4,19.8,1011.0,100.0,24.1
2026-02-20 14:00:00,27.2,70.62,0.0,16.9,10.4,18.5,1011.0,89.3,24.1
2026-02-20 15:00:00,27.0,71.46,0.1,17.6,10.4,18.4,1011.0,100.0,24.1
2026-02-20 16:00:00,26.8,74.1,0.0,18.7,11.5,43.2,1011.0,100.0,23.5
2026-02-20 17:00:00,26.6,75.89,0.1,18.0,11.2,65.3,1011.0,100.0,24.1
2026-02-20 18:00:00,26.0,78.15,0.1,14.4,10.1,77.3,1012.0,100.0,24.1
2026-02-20 19:00:00,26.0,78.15,0.1,14.0,9.0,60.7,1012.0,100.0,24.1
2026-02-20 20:00:00,26.0,80.57,0.0,20.2,16.9,46.8,1013.0,100.0,19.7
2026-02-20 21:00:00,26.0,81.06,0.0,22.0,19.8,51.8,1013.0,100.0,24.1
2026-02-20 22:00:00,25.8,81.53,0.0,23.0,21.6,50.4,1013.0,100.0,18.9
2026-02-20 23:00:00,25.6,82.51,0.2,24.8,23.0,41.5,1012.0,93.0,24.1
2026-02-21 00:00:00,25.4,82.99,0.0,25.6,23.0,41.8,1012.0,54.7,24.1
2026-02-21 01:00:00,25.3,82.97,0.0,23.0,20.9,46.2,1011.0,76.9,24.1
2026-02-21 02:00:00,25.2,82.46,0.0,15.8,14.8,56.8,1011.0,18.8,24.1
2026-02-21 03:00:00,25.0,82.43,0.0,12.2,11.5,58.2,1011.0,99.7,24.1
2026-02-21 04:00:00,25.0,82.43,0.0,12.6,11.5,65.4,1010.0,78.4,24.1
2026-02-21 05:00:00,24.9,82.42,0.0,12.6,10.8,58.3,1010.0,32.5,24.1
2026-02-21 06:00:00,24.9,82.42,0.0,13.0,11.5,50.2,1011.0,69.2,24.1
2026-02-21 07:00:00,25.3,81.47,0.0,15.1,13.7,44.0,1011.0,100.0,24.1
2026-02-21 08:00:00,25.7,80.04,0.0,24.5,22.3,38.1,1011.0,100.0,24.1
2026-02-21 09:00:00,26.2,77.71,0.0,27.4,25.6,38.7,1011.0,100.0,24.1
2026-02-21 10:00:00,26.5,75.88,0.0,25.9,24.8,37.9,1011.0,69.4,24.1
2026-02-21 11:00:00,26.7,74.99,0.0,23.0,22.3,35.2,1010.0,86.2,24.1
2026-02-21 12:00:00,26.7,75.45,0.0,20.5,21.2,32.8,1009.0,55.6,24.1
2026-02-21 13:00:00,26.8,75.46,0.0,18.4,20.5,26.8,1008.0,96.4,24.1
2026-02-21 14:00:00,27.0,75.96,0.0,19.1,20.5,24.5,1008.0,38.5,24.1
2026-02-21 15:00:00,27.1,76.44,0.0,20.2,19.1,23.9,1007.0,84.4,24.1
2026-02-21 16:00:00,27.0,77.82,0.1,19.8,16.6,16.3,1007.0,58.7,24.1
2026-02-21 17:00:00,26.6,81.14,0.5,20.9,17.3,14.2,1007.0,54.4,4.9
2026-02-21 18:00:00,26.0,84.07,0.8,22.7,19.1,30.2,1008.0,69.0,23.2
2026-02-21 19:00:00,25.9,84.06,0.4,25.6,22.3,36.9,1008.0,51.8,22.8
2026-02-21 20:00:00,25.7,85.58,0.3,27.4,23.4,39.6,1009.0,99.6,12.6
2026-02-21 21:00:00,25.6,85.57,0.0,32.8,28.8,35.7,1010.0,100.0,19.9
2026-02-21 22:00:00,25.6,85.05,0.3,33.5,30.6,34.5,1010.0,63.0,19.2
2026-02-21 23:00:00,25.4,85.55,0.7,32.8,29.5,36.8,1010.0,100.0,22.4
2026-02-22 00:00:00,25.2,86.57,0.7,31.0,27.0,37.9,1009.0,100.0,13.6
2026-02-22 01:00:00,25.1,87.09,0.7,30.6,26.6,36.3,1009.0,100.0,18.6
2026-02-22 02:00:00,25.2,86.57,0.7,33.1,27.4,34.7,1008.0,97.6,10.1
2026-02-22 03:00:00,25.2,87.1,0.0,35.6,27.7,33.4,1008.0,100.0,8.6
2026-02-22 04:00:00,25.3,86.06,1.3,37.4,28.8,31.1,1008.0,95.4,10.2
2026-02-22 05:00:00,25.5,85.04,0.9,38.9,30.6,28.3,1008.0,67.6,17.3
2026-02-22 06:00:00,25.5,85.04,0.4,39.2,31.0,29.3,1009.0,99.5,21.8
2026-02-22 07:00:00,25.6,84.53,0.5,40.0,31.3,27.7,1009.0,97.0,20.3
2026-02-22 08:00:00,25.9,83.04,0.3,39.6,31.3,27.9,1010.0,100.0,24.1
2026-02-22 09:00:00,25.9,83.04,0.0,41.4,31.7,29.3,1010.0,100.0,24.1
2026-02-22 10:00:00,25.8,84.05,0.2,42.5,31.3,24.7,1010.0,100.0,23.4
2026-02-22 11:00:00,26.2,82.58,0.6,44.3,32.8,26.1,1010.0,100.0,23.1
2026-02-22 12:00:00,26.2,82.58,0.3,46.1,34.9,30.4,1009.0,100.0,23.8
2026-02-22 13:00:00,25.8,85.59,0.2,43.9,33.8,27.9,1008.0,100.0,16.7
2026-02-22 14:00:00,25.6,86.61,0.4,45.7,35.3,28.4,1007.0,100.0,16.1
2026-02-22 15:00:00,25.3,88.7,0.0,42.5,33.5,42.2,1007.0,100.0,19.3
2026-02-22 16:00:00,25.1,88.15,0.2,34.9,27.4,54.2,1007.0,100.0,18.5
2026-02-22 17:00:00,24.6,88.64,0.4,36.0,24.8,71.7,1007.0,100.0,19.0
2026-02-22 18:00:00,24.5,89.18,0.3,34.9,25.6,67.4,1007.0,100.0,24.1
2026-02-22 19:00:00,24.9,86.02,0.0,37.8,25.6,66.6,1008.0,100.0,24.1
2026-02-22 20:00:00,25.1,83.97,0.0,33.5,22.3,63.2,1009.0,100.0,24.1
2026-02-22 21:00:00,25.1,84.48,0.0,27.0,19.1,58.8,1009.0,100.0,24.1
2026-02-22 22:00:00,25.0,84.99,0.0,18.7,13.7,55.9,1009.0,100.0,24.1
2026-02-22 23:00:00,25.1,85.0,0.0,15.1,11.2,58.1,1009.0,99.1,24.1
2026-02-23 00:00:00,25.1,85.52,0.1,14.8,11.2,67.9,1009.0,54.0,24.1
2026-02-23 01:00:00,24.9,86.54,0.2,16.2,12.2,75.1,1008.0,77.4,17.4
2026-02-23 02:00:00,24.9,86.02,0.3,17.6,13.0,78.6,1008.0,73.9,24.1
2026-02-23 03:00:00,25.0,86.03,0.0,16.9,13.0,73.0,1007.0,100.0,24.1
2026-02-23 04:00:00,25.1,86.04,0.2,16.6,12.2,68.0,1007.0,100.0,24.1
2026-02-23 05:00:00,25.2,85.01,0.1,16.9,11.9,60.1,1008.0,88.4,24.1
2026-02-23 06:00:00,25.3,84.5,0.1,20.2,13.3,60.8,1008.0,76.8,24.1
2026-02-23 07:00:00,25.6,83.51,0.1,22.0,14.8,67.4,1009.0,94.0,24.1
2026-02-23 08:00:00,25.9,83.04,0.1,20.5,14.8,66.9,1010.0,21.2,23.0
2026-02-23 09:00:00,26.3,82.09,0.0,21.2,15.8,75.7,1010.0,50.8,15.2
2026-02-23 10:00:00,26.4,82.1,0.4,24.1,17.6,70.0,1010.0,90.6,24.1
2026-02-23 11:00:00,26.6,80.65,0.0,22.7,17.6,56.4,1010.0,79.8,24.1
2026-02-23 12:00:00,26.0,84.07,0.0,18.7,13.3,50.2,1009.0,95.0,24.1
2026-02-23 13:00:00,26.4,82.1,0.0,19.8,14.0,37.2,1008.0,73.5,24.1
2026-02-23 14:00:00,27.1,78.79,0.0,20.2,14.0,30.0,1007.0,90.1,24.1
2026-02-23 15:00:00,27.4,77.41,0.0,20.2,13.3,35.6,1007.0,84.5,24.1
2026-02-23 16:00:00,27.5,77.9,0.1,22.7,16.2,43.1,1007.0,98.0,24.1
2026-02-23 17:00:00,27.4,80.27,0.0,19.4,11.5,52.3,1007.0,79.7,24.1
2026-02-23 18:00:00,26.9,83.16,0.0,11.2,9.7,43.6,1007.0,80.0,24.1
2026-02-23 19:00:00,26.9,83.16,0.0,14.8,12.6,49.1,1008.0,95.1,24.1
2026-02-23 20:00:00,26.9,83.16,0.1,18.0,13.0,58.7,1009.0,21.6,24.1
2026-02-23 21:00:00,27.0,83.17,0.0,28.1,17.3,76.0,1010.0,5.0,24.1
2026-02-23 22:00:00,26.6,84.64,0.1,33.1,23.8,78.5,1010.0,66.6,22.1
2026-02-23 23:00:00,26.4,85.64,0.1,33.5,24.8,81.0,1010.0,5.0,24.1
2026-02-24 00:00:00,26.2,86.14,0.1,33.8,24.1,78.8,1009.0,5.0,15.8
2026-02-24 01:00:00,26.0,86.64,0.4,34.2,24.1,79.8,1009.0,5.8,24.1
2026-02-24 02:00:00,25.9,86.63,0.1,34.2,23.8,76.7,1008.0,5.0,24.1
2026-02-24 03:00:00,25.9,86.11,0.0,33.5,23.0,77.6,1008.0,2.9,24.1
2026-02-24 04:00:00,25.8,86.63,0.0,33.8,23.8,77.0,1008.0,2.9,24.1
2026-02-24 05:00:00,25.7,87.14,0.0,34.2,24.5,75.7,1008.0,5.0,24.1
2026-02-24 06:00:00,25.8,86.1,0.1,34.2,24.1,75.7,1009.0,5.8,24.1
2026-02-24 07:00:00,26.1,84.59,0.0,33.5,23.4,75.5,1010.0,7.1,24.1
2026-02-24 08:00:00,26.6,83.12,0.0,33.8,23.4,74.7,1010.0,29.9,24.1
2026-02-24 09:00:00,26.9,81.18,0.0,33.1,23.0,70.0,1011.0,14.4,24.1
2026-02-24 10:00:00,27.4,79.79,0.0,30.2,20.2,65.8,1011.0,6.5,24.1
2026-02-24 11:00:00,27.7,78.87,0.1,26.3,17.3,54.0,1010.0,14.4,24.1
2026-02-24 12:00:00,27.8,78.41,0.0,23.0,15.8,39.3,1009.0,95.7,24.1
2026-02-24 13:00:00,27.6,79.81,0.2,20.9,14.0,26.7,1008.0,41.2,16.6
2026-02-24 14:00:00,27.6,79.81,0.3,21.6,13.7,30.9,1008.0,19.1,15.7
2026-02-24 15:00:00,27.8,79.36,0.0,22.3,14.4,49.2,1008.0,8.8,17.0
2026-02-24 16:00:00,27.7,80.79,0.4,24.8,17.3,64.5,1008.0,12.0,16.9
2026-02-24 17:00:00,27.4,82.22,0.0,27.4,19.8,67.7,1008.0,46.6,24.1
2026-02-24 18:00:00,26.7,85.16,0.1,30.6,21.6,69.8,1009.0,41.6,16.5
2026-02-24 19:00:00,26.6,85.15,0.3,31.7,24.1,72.8,1010.0,12.6,14.4
2026-02-24 20:00:00,26.7,85.16,0.1,30.6,22.7,72.1,1011.0,29.8,14.8
2026-02-24 21:00:00,26.6,85.15,0.0,29.2,22.0,67.4,1011.0,5.3,24.1
2026-02-24 22:00:00,26.6,85.15,0.0,26.3,20.2,61.0,1011.0,5.0,24.1
2026-02-24 23:00:00,26.4,84.62,0.0,24.1,18.4,62.8,1011.0,25.3,24.1
2026-02-25 00:00:00,26.3,84.61,0.0,22.7,17.3,64.7,1011.0,82.7,24.1
2026-02-25 01:00:00,26.1,85.1,0.0,21.6,16.9,64.3,1010.0,57.7,24.1
2026-02-25 02:00:00,25.9,85.6,0.0,21.6,16.6,62.0,1010.0,5.0,24.1
2026-02-25 03:00:00,25.8,85.59,0.0,20.9,16.6,61.8,1010.0,10.0,24.1
2026-02-25 04:00:00,25.7,85.58,0.0,20.5,16.6,61.7,1010.0,100.0,24.1
2026-02-25 05:00:00,25.6,86.08,0.1,20.5,15.8,66.3,1010.0,100.0,18.2
2026-02-25 06:00:00,25.6,85.57,0.0,20.9,15.8,67.4,1011.0,100.0,23.8
2026-02-25 07:00:00,25.7,85.58,0.1,20.5,15.8,68.9,1011.0,100.0,19.2
2026-02-25 08:00:00,26.1,83.57,0.0,20.2,15.5,64.2,1011.0,100.0,24.1
2026-02-25 09:00:00,26.6,81.63,0.0,19.1,14.8,58.6,1012.0,100.0,24.1
2026-02-25 10:00:00,27.0,79.25,0.0,17.6,13.3,53.2,1012.0,100.0,24.1
2026-02-25 11:00:00,27.2,78.33,0.0,16.2,12.2,32.6,1011.0,83.7,24.1
2026-02-25 12:00:00,27.4,77.41,0.0,16.6,13.7,20.8,1010.0,51.0,24.1
2026-02-25 13:00:00,27.5,76.96,0.0,16.9,14.8,14.8,1009.0,60.2,24.1
2026-02-25 14:00:00,27.5,77.9,0.1,18.0,15.5,18.1,1009.0,100.0,19.6
2026-02-25 15:00:00,27.6,77.44,0.0,19.8,18.4,15.4,1008.0,100.0,24.1
2026-02-25 16:00:00,27.2,80.73,0.3,22.0,19.1,15.8,1008.0,99.0,18.7
2026-02-25 17:00:00,27.0,82.67,0.4,23.8,19.4,13.9,1008.0,98.4,15.3
2026-02-25 18:00:00,26.6,84.13,0.4,23.8,16.6,21.2,1009.0,86.7,24.1
2026-02-25 19:00:00,26.7,83.64,0.3,23.8,15.8,32.1,1009.0,44.2,24.0
2026-02-25 20:00:00,26.7,83.64,0.1,29.9,23.0,33.0,1010.0,75.4,24.1
2026-02-25 21:00:00,26.5,83.62,0.1,30.6,27.7,35.5,1010.0,96.6,24.1
2026-02-25 22:00:00,26.2,83.58,0.0,28.8,25.9,42.7,1011.0,61.0,24.1
2026-02-25 23:00:00,26.0,82.55,0.0,26.3,23.0,45.1,1011.0,26.8,24.1
2026-02-26 00:00:00,25.9,82.04,0.0,25.9,21.6,45.0,1010.0,98.7,24.1
2026-02-26 01:00:00,25.8,81.53,0.0,25.6,20.5,45.4,1010.0,94.6,24.1
2026-02-26 02:00:00,25.8,80.06,0.0,25.6,19.8,44.1,1009.0,67.9,24.1
2026-02-26 03:00:00,25.7,80.04,0.0,23.8,17.6,46.7,1009.0,13.0,24.1
2026-02-26 04:00:00,25.7,79.07,0.0,22.0,16.2,40.5,1010.0,31.2,24.1
2026-02-26 05:00:00,25.7,80.04,0.0,25.2,18.0,32.8,1010.0,63.6,24.1
2026-02-26 06:00:00,25.9,81.05,0.0,29.5,22.7,28.2,1010.0,100.0,24.1
2026-02-26 07:00:00,26.1,80.1,0.0,28.8,24.8,22.5,1011.0,100.0,24.1
2026-02-26 08:00:00,26.4,77.26,0.0,28.1,25.2,22.5,1011.0,100.0,24.1
2026-02-26 09:00:00,26.5,75.42,0.0,27.7,25.6,26.3,1011.0,100.0,24.1
2026-02-26 10:00:00,26.7,74.08,0.0,25.6,24.1,27.0,1011.0,100.0,24.1
2026-02-26 11:00:00,26.7,73.18,0.0,23.4,23.0,23.7,1010.0,100.0,24.1
2026-02-26 12:00:00,26.8,72.3,0.0,22.0,20.9,17.9,1009.0,100.0,24.1
2026-02-26 13:00:00,27.1,69.74,0.0,21.2,19.4,6.9,1008.0,100.0,24.1
2026-02-26 14:00:00,27.2,68.91,0.0,21.2,19.1,355.7,1007.0,100.0,24.1
2026-02-26 15:00:00,27.3,69.36,0.0,20.5,19.1,354.8,1007.0,90.6,24.1
2026-02-26 16:00:00,27.2,70.19,0.0,22.3,21.6,358.2,1007.0,97.3,24.1
2026-02-26 17:00:00,26.8,73.2,0.0,25.9,22.7,356.6,1007.0,100.0,24.1
2026-02-26 18:00:00,26.4,74.48,0.0,28.8,22.3,354.5,1007.0,100.0,24.1
2026-02-26 19:00:00,26.4,74.03,0.0,28.8,23.8,360.0,1007.0,69.1,24.1
2026-02-26 20:00:00,26.4,74.48,0.0,28.1,24.8,7.0,1008.0,98.3,24.1
2026-02-26 21:00:00,26.4,74.03,0.0,27.7,24.5,14.5,1008.0,14.3,24.1
2026-02-26 22:00:00,26.0,76.27,0.0,27.4,24.8,24.9,1008.0,28.6,24.1
2026-02-26 23:00:00,25.7,77.16,0.0,26.3,23.8,33.6,1008.0,100.0,24.1
2026-02-27 00:00:00,25.6,76.2,0.0,22.3,20.9,38.8,1008.0,30.0,24.1
2026-02-27 01:00:00,25.2,78.52,0.0,18.7,17.6,40.5,1007.0,76.0,24.1
2026-02-27 02:00:00,25.1,78.5,0.0,16.9,15.8,38.3,1007.0,98.6,24.1
2026-02-27 03:00:00,25.1,78.5,0.0,17.3,15.8,33.1,1007.0,100.0,24.1
2026-02-27 04:00:00,25.0,78.97,0.0,18.0,17.3,25.8,1007.0,100.0,24.1
2026-02-27 05:00:00,25.1,78.02,0.0,18.7,17.3,26.6,1008.0,100.0,24.1
2026-02-27 06:00:00,25.0,78.97,0.0,19.1,16.9,30.1,1009.0,100.0,24.1
2026-02-27 07:00:00,25.3,78.05,0.0,18.0,16.2,30.6,1009.0,100.0,24.1
2026-02-27 08:00:00,25.7,75.75,0.0,17.6,16.9,27.8,1010.0,59.8,24.1
2026-02-27 09:00:00,26.0,74.88,0.0,18.0,17.6,26.3,1010.0,19.5,24.1
2026-02-27 10:00:00,26.2,72.64,0.0,18.0,17.6,19.6,1010.0,80.9,24.1
2026-02-27 11:00:00,26.4,71.35,0.0,17.6,17.3,11.4,1009.0,100.0,24.1
2026-02-27 12:00:00,26.5,70.06,0.0,16.2,15.5,2.5,1008.0,82.9,24.1
2026-02-27 13:00:00,26.6,69.22,0.0,15.1,14.0,354.3,1008.0,3.2,24.1
2026-02-27 14:00:00,26.8,67.99,0.0,13.7,13.0,346.3,1007.0,2.4,24.1
2026-02-27 15:00:00,26.8,67.57,0.0,14.0,13.0,341.9,1006.0,26.7,24.1
2026-02-27 16:00:00,26.9,67.59,0.0,13.7,11.2,336.6,1006.0,75.7,24.1
2026-02-27 17:00:00,26.8,70.99,0.0,16.2,11.5,338.4,1006.0,96.4,24.1
2026-02-27 18:00:00,26.4,76.8,0.0,17.6,11.5,335.7,1007.0,98.3,24.1
2026-02-27 19:00:00,26.3,77.72,0.1,19.8,13.7,319.1,1008.0,83.6,24.1
2026-02-27 20:00:00,26.1,79.61,0.0,24.1,18.0,341.2,1008.0,6.3,24.1
2026-02-27 21:00:00,26.4,82.1,0.0,25.9,19.4,4.4,1008.0,16.1,24.1
2026-02-27 22:00:00,26.4,81.61,0.0,28.1,22.0,22.6,1008.0,5.0,24.1
2026-02-27 23:00:00,26.2,82.08,0.1,26.6,21.6,31.6,1008.0,7.7,24.1
2026-02-28 00:00:00,26.0,83.56,0.2,25.6,20.5,36.0,1008.0,48.1,21.3
2026-02-28 01:00:00,26.0,84.58,0.2,24.8,19.8,32.6,1007.0,100.0,20.6
2026-02-28 02:00:00,25.9,84.06,0.2,25.6,21.2,35.4,1007.0,100.0,21.1
2026-02-28 03:00:00,25.8,83.54,0.0,22.7,19.1,46.3,1007.0,100.0,24.1
2026-02-28 04:00:00,25.6,84.02,0.0,20.2,16.9,49.7,1007.0,100.0,24.1
2026-02-28 05:00:00,25.5,83.5,0.0,19.4,15.1,47.4,1007.0,100.0,24.1
2026-02-28 06:00:00,25.5,82.49,0.0,16.6,13.3,51.4,1008.0,100.0,24.1
2026-02-28 07:00:00,25.8,81.04,0.0,15.5,12.6,49.9,1009.0,100.0,24.1
2026-02-28 08:00:00,26.2,78.66,0.0,18.7,16.2,40.1,1009.0,100.0,24.1
2026-02-28 09:00:00,26.5,77.28,0.0,19.8,17.3,42.8,1010.0,5.0,24.1
2026-02-28 10:00:00,26.9,75.48,0.0,19.1,16.2,40.6,1010.0,5.0,24.1
2026-02-28 11:00:00,27.1,75.05,0.1,20.5,17.3,34.1,1009.0,8.0,24.1
2026-02-28 12:00:00,27.2,75.07,0.0,21.2,18.4,25.7,1008.0,10.1,24.1
2026-02-28 13:00:00,27.2,75.53,0.0,20.5,18.0,13.9,1007.0,5.0,24.1
2026-02-28 14:00:00,27.3,74.18,0.0,19.1,16.2,1.3,1007.0,7.5,24.1
2026-02-28 15:00:00,27.5,73.76,0.0,22.3,19.4,3.9,1006.0,12.1,24.1
2026-02-28 16:00:00,27.4,76.48,0.0,24.1,20.9,2.8,1006.0,7.7,24.1
2026-02-28 17:00:00,26.9,81.67,0.2,24.8,22.3,12.4,1006.0,91.1,24.1
2026-02-28 18:00:00,26.7,82.14,0.2,27.0,21.2,15.9,1007.0,98.3,18.6
2026-02-28 19:00:00,26.8,83.15,0.1,28.8,20.2,20.0,1008.0,5.0,24.1
2026-02-28 20:00:00,26.7,83.14,0.2,31.3,22.3,25.8,1009.0,1.9,24.1
2026-02-28 21:00:00,26.6,83.63,0.1,31.7,25.6,27.4,1009.0,1.5,24.1
2026-02-28 22:00:00,26.5,84.12,0.0,31.7,26.6,28.6,1009.0,2.1,24.1
2026-02-28 23:00:00,26.2,85.11,0.3,31.0,25.6,31.0,1009.0,4.3,14.9
2026-03-01 00:00:00,26.0,85.6,0.3,27.0,21.6,38.1,1008.0,57.5,16.9
2026-03-01 01:00:00,26.0,85.09,0.3,23.0,19.4,50.3,1008.0,97.5,18.2
2026-03-01 02:00:00,25.7,85.06,0.1,18.7,15.5,63.3,1008.0,98.0,24.1
2026-03-01 03:00:00,25.8,84.05,0.1,18.0,14.8,63.7,1008.0,5.0,24.1
2026-03-01 04:00:00,25.7,84.03,0.0,17.3,14.0,62.2,1008.0,8.3,24.1
2026-03-01 05:00:00,25.6,83.51,0.0,16.2,13.3,68.8,1008.0,8.3,24.1
2026-03-01 06:00:00,25.6,82.51,0.0,15.5,12.2,68.3,1009.0,88.7,24.1
2026-03-01 07:00:00,25.9,81.05,0.0,14.8,12.6,81.6,1009.0,5.0,24.1
2026-03-01 08:00:00,26.3,78.68,0.0,15.1,13.7,74.7,1010.0,4.6,24.1
2026-03-01 09:00:00,26.6,75.43,0.0,11.9,10.4,52.4,1010.0,3.5,24.1
2026-03-01 10:00:00,27.0,71.9,0.0,9.4,6.8,45.6,1010.0,0.0,24.1
2026-03-01 11:00:00,27.4,69.8,0.0,8.6,6.1,4.4,1009.0,1.1,24.1
2026-03-01 12:00:00,27.7,69.01,0.0,10.8,9.0,4.9,1009.0,5.0,24.1
2026-03-01 13:00:00,27.8,69.03,0.0,11.9,11.2,351.9,1008.0,5.0,24.1
2026-03-01 14:00:00,27.9,69.89,0.0,12.6,11.5,348.8,1007.0,5.0,24.1
2026-03-01 15:00:00,27.9,70.75,0.0,13.0,12.2,345.9,1006.0,3.7,24.1
2026-03-01 16:00:00,28.2,73.4,0.0,9.7,0.76,22.9,1007.0,100.0,24.1
2026-03-01 17:00:00,28.1,74.8,0.0,6.8,0.54,158.1,1007.0,100.0,24.1
2026-03-01 18:00:00,27.5,79.3,0.0,10.1,0.14,148.1,1007.0,100.0,24.1
2026-03-01 19:00:00,27.5,79.3,0.0,10.1,0.14,157.5,1007.0,100.0,24.1
2026-03-01 20:00:00,27.4,80.3,0.1,9.4,0.04,157.5,1009.0,100.0,24.1
2026-03-01 21:00:00,27.4,80.3,0.0,11.5,0.05,182.7,1010.0,72.2,24.1
2026-03-01 22:00:00,26.7,82.1,0.0,24.8,0.08,157.5,1010.0,57.3,24.1
2026-03-01 23:00:00,26.6,82.1,0.0,23.4,0.12,164.3,1010.0,3.0,24.1
2026-03-02 00:00:00,26.3,82.6,0.0,21.2,0.15,261.8,1009.0,10.5,24.1
2026-03-02 01:00:00,26.2,83.1,0.0,17.6,0.02,0.0,1008.0,22.6,24.1
2026-03-02 02:00:00,26.0,83.6,0.1,15.5,0.3,47.3,1008.0,14.1,24.1
2026-03-02 03:00:00,26.1,84.1,0.0,16.9,0.06,136.2,1008.0,100.0,24.1
2026-03-02 04:00:00,26.0,84.1,0.0,16.9,0.25,353.5,1008.0,100.0,24.1
2026-03-02 05:00:00,26.0,84.1,0.0,16.9,0.35,1.7,1009.0,100.0,24.1
2026-03-02 06:00:00,26.0,83.6,0.0,17.3,0.44,258.7,1009.0,100.0,24.1
2026-03-02 07:00:00,26.4,82.1,0.0,18.4,0.17,178.7,1010.0,100.0,24.1
2026-03-02 08:00:00,26.9,79.2,0.0,18.7,1.38,5.2,1011.0,100.0,24.1
2026-03-02 09:00:00,27.1,78.3,0.0,18.7,2.19,354.0,1011.0,100.0,24.1
2026-03-02 10:00:00,27.3,77.4,0.0,18.7,2.32,358.2,1011.0,100.0,24.1
2026-03-02 11:00:00,27.4,76.9,0.0,19.1,2.31,358.3,1010.0,100.0,24.1
2026-03-02 12:00:00,27.6,72.0,0.0,11.9,13.3,21.1,1009.0,5.3,24.1
2026-03-02 13:00:00,27.5,76.0,0.0,18.0,2.0,353.0,1009.0,92.6,24.1
2026-03-02 14:00:00,27.7,75.2,0.2,18.4,2.55,354.8,1008.0,100.0,24.1
2026-03-02 15:00:00,27.8,76.1,0.4,23.0,2.6,356.9,1008.0,100.0,22.9
2026-03-02 16:00:00,27.7,77.5,0.2,22.7,2.52,352.3,1008.0,100.0,23.0
2026-03-02 17:00:00,27.1,82.2,0.2,25.2,1.9,351.5,1008.0,90.1,23.1
2026-03-02 18:00:00,26.9,83.2,0.3,22.7,1.78,356.6,1009.0,100.0,24.1
2026-03-02 19:00:00,27.0,83.2,0.0,20.5,0.65,7.2,1009.0,100.0,24.1
2026-03-02 20:00:00,26.9,84.2,0.1,22.7,0.99,354.6,1010.0,99.2,24.1
2026-03-02 21:00:00,26.6,83.6,0.3,22.3,1.13,352.7,1011.0,15.4,17.6
2026-03-02 22:00:00,26.6,82.46,0.0,16.4,15.5,44.1,1009.0,37.4,24.1
2026-03-02 23:00:00,26.4,82.6,0.0,21.2,1.82,356.0,1010.0,96.7,24.1
2026-03-03 00:00:00,26.1,82.6,0.0,19.4,1.13,3.3,1010.0,95.0,24.1
2026-03-03 01:00:00,25.8,82.5,0.0,16.9,0.17,352.5,1009.0,100.0,24.1
2026-03-03 02:00:00,25.6,83.0,0.0,14.4,0.38,341.7,1009.0,100.0,24.1
2026-03-03 03:00:00,25.6,82.0,0.0,14.0,0.06,252.6,1009.0,100.0,24.1
2026-03-03 04:00:00,25.7,80.5,0.0,15.5,0.2,205.8,1009.0,100.0,24.1
2026-03-03 05:00:00,25.7,79.6,0.0,18.4,0.2,250.7,1009.0,100.0,24.1
2026-03-03 06:00:00,25.7,78.6,0.0,19.1,0.27,342.4,1010.0,100.0,24.1
2026-03-03 07:00:00,26.1,76.7,0.0,16.9,0.59,0.1,1010.0,100.0,24.1
2026-03-03 08:00:00,26.6,74.1,0.0,14.4,1.35,359.1,1011.0,100.0,24.1
2026-03-03 09:00:00,26.9,71.9,0.0,12.2,1.79,359.0,1011.0,100.0,24.1
2026-03-03 10:00:00,27.0,71.9,0.0,14.8,1.79,9.9,1011.0,100.0,24.1
2026-03-03 11:00:00,27.2,70.6,0.0,15.8,1.88,13.1,1010.0,100.0,24.1
2026-03-03 12:00:00,27.2,70.6,0.0,17.6,2.28,357.9,1010.0,98.3,24.1
2026-03-03 13:00:00,27.3,69.8,0.0,17.3,2.3,355.2,1009.0,73.4,24.1
2026-03-03 14:00:00,27.5,69.0,0.0,16.2,2.08,356.4,1009.0,100.0,24.1
2026-03-03 15:00:00,27.5,70.2,0.0,16.9,2.16,68.6,1008.0,98.4,24.1
2026-03-03 16:00:00,26.9,81.51,0.0,27.2,22.2,9.9,1008.0,100.0,23.1
2026-03-03 17:00:00,27.3,77.4,0.0,25.9,0.0,16.5,1009.0,100.0,24.1
2026-03-03 18:00:00,26.7,83.81,0.0,28.8,22.4,17.8,1008.3,100.0,23.1
2026-03-03 19:00:00,26.7,83.98,0.0,29.9,22.6,25.8,1008.7,100.0,23.6
2026-03-03 20:00:00,26.8,84.15,0.3,31.0,22.7,33.7,1009.0,100.0,24.1
2026-03-03 21:00:00,26.5,81.1,0.0,33.8,0.55,127.9,1011.0,95.0,24.1
2026-03-03 22:00:00,26.2,80.1,0.0,33.1,0.75,30.7,1011.0,45.6,24.1
2026-03-03 23:00:00,26.1,80.6,0.0,29.2,0.47,349.7,1011.0,58.3,24.1
2026-03-04 00:00:00,25.9,80.1,0.0,27.0,0.82,355.6,1011.0,60.7,24.1
2026-03-04 01:00:00,25.7,79.6,0.0,25.9,0.24,5.0,1010.0,99.1,24.1
2026-03-04 02:00:00,25.5,80.0,0.0,24.5,1.22,2.8,1010.0,76.3,24.1
2026-03-04 03:00:00,25.4,80.0,0.0,24.5,0.31,152.9,1010.0,80.4,24.1
2026-03-04 04:00:00,25.3,80.0,0.0,24.8,0.09,143.1,1010.0,46.1,24.1
2026-03-04 05:00:00,25.5,79.5,0.0,31.3,0.76,358.9,1010.0,5.0,24.1
2026-03-04 06:00:00,25.7,77.2,0.0,35.6,0.29,356.3,1010.0,6.9,24.1
2026-03-04 07:00:00,25.9,75.8,0.0,38.5,1.62,0.1,1011.0,100.0,24.1
2026-03-04 08:00:00,26.3,74.0,0.0,36.4,2.0,354.6,1011.0,89.6,24.1
2026-03-04 09:00:00,26.6,72.7,0.0,32.0,2.68,352.8,1012.0,95.7,24.1
2026-03-04 10:00:00,27.0,71.0,0.0,22.3,2.84,352.8,1012.0,15.5,24.1
2026-03-04 11:00:00,27.2,68.9,0.0,19.8,2.04,1.0,1011.0,86.6,24.1
2026-03-04 12:00:00,27.6,72.74,0.0,31.0,26.6,10.7,1009.0,100.0,24.1
2026-03-04 13:00:00,27.6,73.48,0.0,31.7,27.7,8.7,1008.0,100.0,24.1
2026-03-04 14:00:00,27.6,66.5,0.0,23.0,2.18,352.4,1009.0,86.1,24.1
2026-03-04 15:00:00,27.7,66.9,0.0,19.4,3.04,348.0,1008.0,9.4,24.1
2026-03-04 16:00:00,27.5,70.2,0.0,20.5,2.52,349.7,1008.0,18.7,24.1
2026-03-04 17:00:00,27.2,75.1,0.0,25.2,2.66,347.3,1008.0,34.0,24.1
2026-03-04 18:00:00,26.9,76.4,0.0,31.7,1.46,349.6,1008.0,50.7,24.1
2026-03-04 19:00:00,27.1,76.0,0.0,36.4,1.15,349.1,1009.0,13.0,24.1
2026-03-04 20:00:00,27.0,77.3,0.0,34.6,1.34,346.1,1010.0,10.9,24.1
2026-03-04 21:00:00,26.7,76.8,0.0,29.2,2.06,348.4,1010.0,2.0,24.1
2026-03-04 22:00:00,26.7,72.7,0.0,24.5,2.33,347.0,1010.0,71.8,24.1
2026-03-04 23:00:00,26.4,73.6,0.0,21.2,1.83,348.7,1010.0,75.7,24.1
2026-03-05 00:00:00,26.1,74.4,0.0,18.7,1.74,348.8,1010.0,70.0,24.1
2026-03-05 01:00:00,26.0,74.4,0.0,20.2,0.93,350.2,1010.0,18.9,24.1
2026-03-05 02:00:00,25.8,74.8,0.0,21.2,0.1,328.4,1009.0,7.2,24.1
2026-03-05 03:00:00,25.6,75.7,0.0,21.2,0.09,206.6,1009.0,5.0,24.1
2026-03-05 04:00:00,25.4,78.1,0.0,22.0,0.11,345.4,1009.0,5.8,24.1
2026-03-05 05:00:00,25.3,78.0,0.0,20.9,0.7,348.8,1009.0,82.0,24.1
2026-03-05 06:00:00,25.5,77.1,0.0,20.5,0.64,347.8,1010.0,59.0,24.1
2026-03-05 07:00:00,25.7,76.2,0.0,17.3,1.07,350.9,1010.0,14.2,24.1
2026-03-05 08:00:00,26.1,73.1,0.1,13.3,1.86,346.3,1011.0,66.3,24.1
2026-03-05 09:00:00,26.5,67.9,0.0,8.3,2.47,353.9,1011.0,40.1,24.1
2026-03-05 10:00:00,27.0,64.7,0.0,8.6,2.36,353.8,1011.0,3.4,24.1
2026-03-05 11:00:00,27.5,61.7,0.0,9.0,2.42,353.2,1011.0,2.7,24.1
2026-03-05 12:00:00,27.7,61.4,0.0,14.0,2.69,350.0,1010.0,4.0,24.1
2026-03-05 13:00:00,27.6,62.5,0.0,14.4,2.32,0.7,1009.0,5.0,24.1
2026-03-05 14:00:00,27.6,63.3,0.0,12.2,2.41,12.2,1008.0,5.0,24.1
2026-03-05 15:00:00,27.4,66.0,0.0,13.0,1.67,44.1,1007.0,5.0,24.1
2026-03-05 16:00:00,27.4,67.7,0.0,16.2,1.73,18.5,1007.0,3.9,24.1
2026-03-05 17:00:00,27.3,72.4,0.0,20.2,1.3,91.2,1008.0,4.5,24.1
2026-03-05 18:00:00,26.9,79.2,0.0,20.2,0.36,132.1,1008.0,7.5,24.1
2026-03-05 19:00:00,26.9,80.7,0.1,21.2,0.33,150.2,1009.0,61.6,24.1
2026-03-05 20:00:00,27.2,80.2,0.1,24.5,0.22,135.2,1010.0,61.9,24.1
2026-03-05 21:00:00,27.4,80.3,0.2,28.8,0.47,147.7,1010.0,100.0,20.9
2026-03-05 22:00:00,27.0,78.8,0.1,27.0,0.38,145.9,1010.0,100.0,24.1
2026-03-05 23:00:00,26.5,78.7,0.1,27.4,0.32,345.3,1010.0,100.0,24.1
2026-03-06 00:00:00,26.3,78.7,0.0,26.3,0.62,357.3,1010.0,59.5,24.1
2026-03-06 01:00:00,26.0,79.6,0.0,20.9,0.76,11.5,1010.0,1.6,24.1
2026-03-06 02:00:00,25.9,80.1,0.0,16.9,0.62,9.3,1009.0,100.0,24.1
2026-03-06 03:00:00,25.8,77.7,0.0,15.1,0.26,339.2,1009.0,99.4,24.1
2026-03-06 04:00:00,25.7,77.2,0.0,16.2,0.08,18.2,1009.0,71.1,24.1
2026-03-06 05:00:00,25.6,77.6,0.0,16.9,0.18,157.5,1009.0,100.0,24.1
2026-03-06 06:00:00,25.5,78.1,0.0,18.4,0.31,157.5,1010.0,34.3,24.1
2026-03-06 07:00:00,25.8,77.7,0.0,17.3,0.09,157.5,1011.0,96.0,24.1
2026-03-06 08:00:00,26.1,76.3,0.0,16.6,0.92,26.9,1011.0,100.0,24.1
2026-03-06 09:00:00,26.5,74.5,0.0,14.4,1.35,344.0,1011.0,100.0,24.1
2026-03-06 10:00:00,26.8,72.7,0.0,11.2,2.26,8.1,1011.0,100.0,24.1
2026-03-06 11:00:00,27.1,72.4,0.0,10.1,2.06,24.3,1011.0,63.5,24.1
2026-03-06 12:00:00,27.3,72.4,0.0,12.2,2.52,20.1,1010.0,84.3,24.1
2026-03-06 13:00:00,27.4,73.3,0.0,14.0,2.44,3.8,1009.0,95.7,24.1
2026-03-06 14:00:00,27.4,73.3,0.0,13.3,2.11,38.1,1008.0,91.8,24.1
2026-03-06 15:00:00,27.3,75.1,0.0,15.5,1.84,29.2,1007.0,100.0,24.1
2026-03-06 16:00:00,27.3,76.0,0.0,17.6,2.07,6.4,1007.0,100.0,24.1
2026-03-06 17:00:00,27.4,77.9,0.1,19.1,2.12,348.2,1008.0,43.1,23.4
2026-03-06 18:00:00,27.2,79.8,0.2,23.8,1.79,352.5,1008.0,65.6,24.1
2026-03-06 19:00:00,27.3,78.8,0.1,27.7,0.87,359.1,1009.0,100.0,24.1
2026-03-06 20:00:00,27.1,80.2,0.2,25.9,0.97,352.9,1010.0,100.0,15.9
2026-03-06 21:00:00,26.9,80.7,0.1,25.6,2.27,349.8,1010.0,31.3,24.1
2026-03-06 22:00:00,26.8,80.7,0.2,25.2,1.92,349.5,1010.0,100.0,24.1
2026-03-06 23:00:00,26.8,80.7,0.2,25.2,0.33,347.8,1010.0,100.0,24.1
2026-03-07 00:00:00,26.1,82.6,0.0,22.7,0.1,6.4,1010.0,7.1,24.1
2026-03-07 01:00:00,25.9,83.5,0.0,24.1,0.15,180.2,1010.0,4.2,24.1
2026-03-07 02:00:00,25.9,83.0,0.0,25.2,0.3,343.9,1009.0,3.0,24.1
2026-03-07 03:00:00,25.9,83.5,0.0,20.9,0.55,346.5,1009.0,100.0,24.1
2026-03-07 04:00:00,25.8,82.5,0.0,20.9,0.91,349.9,1009.0,80.3,24.1
2026-03-07 05:00:00,25.8,82.0,0.0,22.7,0.74,351.5,1009.0,73.6,24.1
2026-03-07 06:00:00,25.9,81.0,0.0,25.2,1.22,354.4,1010.0,21.5,24.1
2026-03-07 07:00:00,26.3,80.1,0.0,27.4,1.41,353.3,1011.0,5.2,24.1
2026-03-07 08:00:00,26.7,79.7,0.0,29.9,2.47,352.1,1011.0,6.9,24.1
2026-03-07 09:00:00,26.9,78.8,0.0,29.9,2.46,353.6,1011.0,1.3,24.1
2026-03-07 10:00:00,27.2,76.9,0.0,29.2,2.86,353.5,1011.0,0.3,24.1
2026-03-07 11:00:00,27.3,76.5,0.0,28.1,2.5,17.6,1011.0,0.0,24.1
2026-03-07 12:00:00,27.5,75.1,0.0,28.1,2.98,4.7,1010.0,0.0,24.1
2026-03-07 13:00:00,27.9,72.9,0.0,25.6,2.95,353.1,1009.0,7.0,24.1
2026-03-07 14:00:00,28.1,73.4,0.0,25.6,3.75,348.8,1008.0,15.2,24.1
2026-03-07 15:00:00,28.1,74.3,0.1,29.2,2.82,352.1,1008.0,5.0,23.9
2026-03-07 16:00:00,28.0,76.6,0.2,32.4,2.28,334.5,1008.0,5.0,24.1
2026-03-07 17:00:00,27.8,77.0,0.3,37.8,1.22,320.9,1008.0,5.0,24.1
2026-03-07 18:00:00,27.7,77.5,0.2,42.1,0.97,318.5,1008.0,5.0,15.0
2026-03-07 19:00:00,27.2,78.8,0.4,40.3,1.01,322.3,1009.0,4.2,24.1
2026-03-07 20:00:00,26.9,80.7,0.4,39.2,0.86,317.6,1010.0,0.0,22.9
2026-03-07 21:00:00,26.9,79.7,0.0,37.8,0.94,319.3,1011.0,3.8,24.1
2026-03-07 22:00:00,26.7,80.2,0.0,35.3,1.07,320.2,1011.0,0.9,24.1
2026-03-07 23:00:00,26.6,80.7,0.0,33.1,1.09,319.0,1011.0,7.8,24.1
2026-03-08 00:00:00,26.5,81.1,0.0,31.3,0.73,320.3,1011.0,10.0,24.1
2026-03-08 01:00:00,26.4,81.6,0.0,28.1,0.66,320.3,1010.0,16.4,24.1
2026-03-08 02:00:00,26.2,82.1,0.0,24.5,0.61,320.5,1010.0,13.2,24.1
2026-03-08 03:00:00,25.8,83.0,0.0,19.4,0.63,316.7,1010.0,21.8,24.1
2026-03-08 04:00:00,25.5,84.0,0.1,18.0,0.73,314.6,1010.0,7.4,24.1
2026-03-08 05:00:00,25.5,84.0,0.0,15.5,0.67,328.9,1010.0,8.3,24.1
2026-03-08 06:00:00,25.5,83.5,0.0,15.1,0.55,318.3,1010.0,4.8,24.1
2026-03-08 07:00:00,25.9,82.5,0.0,16.6,1.01,321.4,1011.0,19.1,24.1
2026-03-08 08:00:00,26.4,79.7,0.0,17.3,1.46,321.5,1011.0,11.5,24.1
2026-03-08 09:00:00,26.0,81.23,0.0,37.7,29.0,20.4,1011.0,14.8,17.3
2026-03-08 10:00:00,27.2,74.6,0.0,16.6,4.54,102.2,1012.0,8.6,24.1
2026-03-08 11:00:00,27.4,74.2,0.0,18.4,6.13,108.5,1011.0,22.0,24.1
2026-03-08 12:00:00,27.6,73.8,0.0,19.1,6.84,21.2,1010.0,8.7,24.1
2026-03-08 13:00:00,27.9,72.9,0.0,21.6,6.84,29.2,1009.0,29.1,24.1
2026-03-08 14:00:00,27.9,75.2,0.1,24.5,6.84,25.8,1008.0,13.1,18.2
2026-03-08 15:00:00,27.4,77.4,0.5,25.9,6.84,15.1,1008.0,44.0,22.2
2026-03-08 16:00:00,27.0,78.8,0.7,28.4,6.84,7.1,1008.0,100.0,13.0
2026-03-08 17:00:00,26.4,83.1,1.2,33.1,6.84,12.4,1009.0,100.0,14.2
2026-03-08 18:00:00,25.9,85.6,1.8,34.6,6.84,19.0,1009.0,100.0,6.9
2026-03-08 19:00:00,25.9,85.6,1.5,33.8,6.84,23.8,1010.0,100.0,8.9
2026-03-08 20:00:00,25.8,85.6,1.6,35.3,6.84,12.0,1011.0,100.0,5.3
2026-03-08 21:00:00,25.8,86.1,1.8,31.3,6.84,15.8,1011.0,100.0,7.4
2026-03-08 22:00:00,25.8,86.1,1.7,31.0,6.84,15.6,1011.0,100.0,6.8
2026-03-08 23:00:00,25.8,86.1,1.7,31.0,6.84,19.2,1011.0,100.0,6.6
2026-03-09 00:00:00,25.8,86.1,0.9,30.6,6.84,9.1,1011.0,100.0,6.8
2026-03-09 01:00:00,25.5,87.7,1.4,29.2,6.84,19.0,1010.0,100.0,14.7
2026-03-09 02:00:00,25.4,88.2,2.0,27.7,6.84,19.0,1010.0,100.0,5.6
2026-03-09 03:00:00,25.6,85.6,0.4,33.5,6.84,19.3,1010.0,100.0,24.1
2026-03-09 04:00:00,25.5,86.1,0.4,32.8,6.84,7.8,1010.0,100.0,22.2
2026-03-09 05:00:00,25.5,86.6,0.8,31.7,6.84,21.2,1010.0,100.0,5.3
2026-03-09 06:00:00,25.5,86.1,1.3,28.8,6.84,24.1,1011.0,100.0,8.1
2026-03-09 07:00:00,25.3,88.2,1.0,25.6,6.84,357.4,1012.0,100.0,7.2
2026-03-09 08:00:00,25.0,89.8,1.6,25.9,6.84,10.9,1012.0,100.0,12.6
2026-03-09 09:00:00,25.4,86.1,0.5,28.4,6.84,22.6,1013.0,100.0,15.8
2026-03-09 10:00:00,25.5,85.6,0.6,28.4,6.84,19.1,1013.0,100.0,16.5
2026-03-09 11:00:00,26.6,76.83,1.0,37.8,32.4,30.2,1012.0,100.0,20.3
2026-03-09 12:00:00,26.8,75.16,0.0,36.7,31.3,26.8,1011.0,70.1,21.6
2026-03-09 13:00:00,25.8,84.0,0.9,29.2,13.68,80.5,1011.0,100.0,16.0
2026-03-09 14:00:00,26.0,83.6,1.0,31.0,13.68,82.2,1010.0,100.0,13.4
2026-03-09 15:00:00,25.6,85.0,2.4,29.5,13.68,27.2,1010.0,100.0,21.5
2026-03-09 16:00:00,25.6,85.6,1.9,33.1,13.68,22.5,1010.0,100.0,14.4
2026-03-09 17:00:00,25.7,84.5,1.4,37.4,13.68,7.1,1010.0,100.0,21.5
2026-03-09 18:00:00,25.6,84.5,1.6,39.2,1.75,63.5,1011.0,100.0,7.0
2026-03-09 19:00:00,26.5,70.94,0.0,35.3,30.0,38.0,1010.3,3.9,24.1
2026-03-09 20:00:00,26.2,70.01,0.0,34.2,29.2,41.0,1011.0,0.0,24.1
2026-03-09 21:00:00,26.1,69.7,0.0,34.7,29.2,40.4,1011.3,33.3,24.1
2026-03-09 22:00:00,26.0,69.39,0.0,35.2,29.2,39.8,1011.7,66.7,24.1
2026-03-09 23:00:00,25.9,69.09,0.0,35.6,29.2,39.2,1012.0,100.0,24.1
2026-03-10 00:00:00,25.8,68.23,0.0,33.7,27.5,39.1,1011.3,68.3,24.1
2026-03-10 01:00:00,25.8,67.38,0.0,31.8,25.8,38.9,1010.7,36.7,24.1
2026-03-10 02:00:00,25.8,66.54,0.0,29.9,24.1,38.8,1010.0,5.0,24.1
2026-03-10 03:00:00,25.7,66.93,0.0,29.3,24.0,38.1,1010.3,3.3,24.1
2026-03-10 04:00:00,25.6,67.33,0.0,28.7,23.9,37.4,1010.7,1.7,24.1
2026-03-10 05:00:00,25.5,67.73,0.0,28.1,23.8,36.7,1011.0,0.0,24.1
2026-03-10 06:00:00,25.7,67.91,0.0,27.8,23.6,37.3,1011.3,0.6,24.1
2026-03-10 07:00:00,25.7,75.3,0.0,40.7,1.89,0.2,1013.0,100.0,24.1
2026-03-10 08:00:00,25.9,73.9,0.0,41.4,1.89,358.8,1013.0,60.9,24.1
2026-03-10 09:00:00,26.2,73.5,0.0,40.7,1.78,360.0,1014.0,89.1,24.1
2026-03-10 10:00:00,26.3,72.7,0.0,38.2,2.16,354.4,1014.0,100.0,24.1
2026-03-10 11:00:00,26.5,72.2,0.0,34.6,2.69,355.7,1014.0,100.0,24.1
2026-03-10 12:00:00,26.5,73.6,0.1,31.0,2.55,356.4,1013.0,97.0,24.1
2026-03-10 13:00:00,26.5,74.5,0.0,30.6,2.32,355.6,1012.0,99.1,24.1
2026-03-10 14:00:00,26.6,72.7,0.0,32.8,2.21,358.1,1011.0,100.0,24.1
2026-03-10 15:00:00,26.7,72.7,0.0,36.0,2.37,1.7,1010.0,78.2,24.1
2026-03-10 16:00:00,26.7,74.5,0.0,38.9,2.07,359.3,1010.0,75.0,24.1
2026-03-10 17:00:00,26.2,78.2,0.0,41.8,1.71,357.0,1010.0,70.3,24.1
2026-03-10 18:00:00,25.8,77.7,0.0,44.6,1.65,358.0,1011.0,4.7,24.1
2026-03-10 19:00:00,25.6,78.1,0.0,43.2,1.79,3.9,1011.0,57.5,24.1
2026-03-10 20:00:00,25.6,77.6,0.0,42.8,2.1,359.0,1012.0,94.7,24.1
2026-03-10 21:00:00,25.5,77.1,0.0,39.6,1.87,359.3,1013.0,23.3,24.1
2026-03-10 22:00:00,25.5,77.1,0.0,39.6,1.72,359.7,1013.0,23.3,24.1
2026-03-10 23:00:00,25.4,75.7,0.0,36.7,1.7,357.1,1013.0,100.0,24.1
2026-03-11 00:00:00,25.3,76.2,0.0,35.3,1.7,1.9,1012.0,100.0,24.1
2026-03-11 01:00:00,25.3,75.7,0.0,36.0,1.5,358.5,1012.0,100.0,24.1
2026-03-11 02:00:00,25.3,76.2,0.0,36.0,1.59,358.4,1011.0,100.0,24.1
2026-03-11 03:00:00,24.9,76.58,0.0,23.0,17.6,32.1,1010.0,39.4,24.1
2026-03-11 04:00:00,25.0,76.12,0.0,24.8,18.7,29.8,1010.0,32.9,24.1
2026-03-11 05:00:00,25.1,75.66,0.1,26.6,19.8,27.4,1010.0,26.3,24.1
2026-03-11 06:00:00,25.4,74.47,0.0,27.8,21.1,26.4,1010.3,39.9,23.5
2026-03-11 07:00:00,25.7,73.31,0.0,29.0,22.4,25.5,1010.7,53.6,22.9
2026-03-11 08:00:00,26.0,72.16,0.1,30.2,23.8,24.5,1011.0,67.2,22.3
2026-03-11 09:00:00,26.2,70.74,0.0,31.3,24.8,23.6,1010.7,45.5,22.9
2026-03-11 10:00:00,26.4,69.34,0.0,32.4,25.9,22.6,1010.3,23.9,23.5
2026-03-11 11:00:00,26.7,67.97,0.2,33.5,27.0,21.7,1010.0,2.2,24.1
2026-03-11 12:00:00,26.8,68.0,0.0,32.3,27.5,14.9,1009.3,1.5,24.1
2026-03-11 13:00:00,27.0,68.04,0.0,31.1,28.0,8.2,1008.7,0.7,24.1
2026-03-11 14:00:00,27.2,68.07,0.0,29.9,28.4,1.4,1008.0,0.0,24.1
2026-03-11 15:00:00,27.0,69.45,0.0,31.7,29.4,5.0,1008.0,0.0,24.1
2026-03-11 16:00:00,26.9,70.86,0.0,33.5,30.4,8.5,1008.0,0.0,24.1
2026-03-11 17:00:00,26.8,72.3,0.1,35.3,31.3,12.1,1008.0,0.0,24.1
2026-03-11 18:00:00,26.6,70.96,0.0,35.5,31.4,18.0,1008.3,0.0,24.1
2026-03-11 19:00:00,26.4,69.63,0.0,35.8,31.6,23.9,1008.7,0.0,24.1
2026-03-11 20:00:00,26.3,68.31,0.0,36.0,31.7,29.8,1009.0,0.0,24.1
2026-03-11 21:00:00,26.0,68.69,0.0,36.7,31.3,34.0,1009.3,0.0,24.1
2026-03-11 22:00:00,25.7,69.06,0.0,37.4,31.0,38.2,1009.7,0.0,24.1
2026-03-11 23:00:00,25.5,69.44,0.0,38.2,30.6,42.4,1010.0,0.0,24.1
2026-03-12 00:00:00,25.5,68.44,0.0,36.4,29.2,39.7,1009.7,0.0,24.1
2026-03-12 01:00:00,25.5,67.45,0.0,34.6,27.7,37.1,1009.3,0.0,24.1
2026-03-12 02:00:00,25.5,66.48,0.0,32.8,26.3,34.4,1009.0,0.0,24.1
2026-03-12 03:00:00,25.5,65.66,0.0,32.8,26.6,31.8,1009.0,11.0,24.1
2026-03-12 04:00:00,25.6,64.86,0.0,32.8,27.0,29.3,1009.0,21.9,24.1
2026-03-12 05:00:00,25.7,64.07,0.0,32.8,27.4,26.7,1009.0,32.9,24.1
2026-03-12 06:00:00,25.8,64.5,0.0,32.3,27.5,24.2,1009.7,55.3,24.1
2026-03-12 07:00:00,25.9,64.93,0.0,31.8,27.6,21.7,1010.3,77.6,24.1
2026-03-12 08:00:00,26.1,65.37,0.0,31.3,27.7,19.2,1011.0,100.0,24.1
2026-03-12 09:00:00,26.3,64.33,0.0,30.1,27.1,19.7,1010.7,100.0,24.1
2026-03-12 10:00:00,26.5,63.31,0.0,28.9,26.5,20.1,1010.3,100.0,24.1
2026-03-12 11:00:00,26.7,62.31,0.0,27.7,25.9,20.6,1010.0,100.0,24.1
2026-03-12 12:00:00,26.8,61.95,0.0,27.2,25.6,14.3,1009.3,99.8,24.1
2026-03-12 13:00:00,26.9,61.6,0.0,26.8,25.2,8.0,1008.7,99.5,24.1
2026-03-12 14:00:00,27.1,61.24,0.0,26.3,24.8,1.7,1008.0,99.3,24.1
2026-03-12 15:00:00,26.9,62.88,0.0,28.0,26.6,2.2,1007.7,71.4,24.1
2026-03-12 16:00:00,26.7,64.56,0.0,29.6,28.4,2.6,1007.3,43.4,24.1
2026-03-12 17:00:00,26.6,66.29,0.0,31.3,30.2,3.1,1007.0,15.5,24.1
2026-03-12 18:00:00,26.5,66.14,0.0,31.9,29.8,7.8,1008.0,38.8,24.1
2026-03-12 19:00:00,26.5,66.0,0.0,32.5,29.3,12.5,1009.0,62.2,24.1
2026-03-12 20:00:00,26.5,65.86,0.0,33.1,28.8,17.2,1010.0,85.5,24.1
2026-03-12 21:00:00,26.2,68.3,0.0,32.8,28.2,21.1,1010.0,63.6,24.1
2026-03-12 22:00:00,25.9,70.83,0.0,32.4,27.6,25.1,1010.0,41.7,24.1
2026-03-12 23:00:00,25.7,73.46,0.0,32.0,27.0,29.0,1010.0,19.8,24.1
