datetime,windspeed,pred_windspeed
2026-01-02 00:00:00,16.9,15.796375912359274
2026-01-02 01:00:00,14.4,14.958700223241575
2026-01-02 02:00:00,14.0,15.292802021966107
2026-01-02 03:00:00,13.0,15.674644474789485
2026-01-02 04:00:00,10.4,14.878243413936936
2026-01-02 05:00:00,11.2,13.202566386737944
2026-01-02 06:00:00,13.0,13.822819347899003
2026-01-02 07:00:00,14.0,11.109010131205718
2026-01-02 08:00:00,16.2,12.205251394791318
2026-01-02 09:00:00,17.6,13.338449532630886
2026-01-02 10:00:00,18.7,14.588532769668756
2026-01-02 11:00:00,18.7,15.994678304378262
2026-01-02 12:00:00,17.3,16.945885035766228
2026-01-02 13:00:00,15.1,18.233021650756804
2026-01-02 14:00:00,15.5,18.25846078271516
2026-01-02 15:00:00,16.6,17.767603191664364
2026-01-02 16:00:00,17.3,16.206206185890228
2026-01-02 17:00:00,18.7,16.290631061549483
2026-01-02 18:00:00,16.9,17.37782223712128
2026-01-02 19:00:00,14.8,18.305669332170012
2026-01-02 20:00:00,17.3,17.79704637483847
2026-01-02 21:00:00,19.8,17.082588188287843
2026-01-02 22:00:00,19.4,15.265072565941875
2026-01-02 23:00:00,18.0,16.677839240829726
2026-01-03 00:00:00,18.0,19.260963288990794
2026-01-03 01:00:00,19.1,19.115004555096085
2026-01-03 02:00:00,20.5,18.276969915653176
2026-01-03 03:00:00,22.3,18.64091719883733
2026-01-03 04:00:00,25.9,20.489579737881414
2026-01-03 05:00:00,30.2,22.33588231641059
2026-01-03 06:00:00,28.4,24.07695888200277
2026-01-03 07:00:00,27.0,25.725093365361708
2026-01-03 08:00:00,27.0,29.12273892316825
2026-01-03 09:00:00,26.3,28.122207495680854
2026-01-03 10:00:00,26.6,26.87194394220225
2026-01-03 11:00:00,26.6,26.44357696032199
2026-01-03 12:00:00,26.3,26.067420421061556
2026-01-03 13:00:00,26.6,26.359253131987874
2026-01-03 14:00:00,28.1,26.420462345018173
2026-01-03 15:00:00,28.1,27.471940022086287
2026-01-03 16:00:00,26.6,25.97784478172452
2026-01-03 17:00:00,26.6,26.21736662314748
2026-01-03 18:00:00,26.3,27.830436448658496
2026-01-03 19:00:00,31.0,26.036215344695925
2026-01-03 20:00:00,33.5,30.295011911079094
2026-01-03 21:00:00,34.9,27.602753983753324
2026-01-03 22:00:00,33.8,30.429003193622304
2026-01-03 23:00:00,32.0,31.91886787207126
2026-01-04 00:00:00,30.2,31.295262215445916
2026-01-04 01:00:00,31.3,31.482524033715414
2026-01-04 02:00:00,32.0,30.86382927972727
2026-01-04 03:00:00,36.4,30.230790275604896
2026-01-04 04:00:00,39.6,34.39350650415257
2026-01-04 05:00:00,40.3,33.51147620804911
2026-01-04 06:00:00,37.4,38.90086779084908
2026-01-04 07:00:00,41.4,39.22442077902144
2026-01-04 08:00:00,45.4,40.662493423624916
2026-01-04 09:00:00,46.8,40.17675684985848
2026-01-04 10:00:00,45.7,43.56756125547424
2026-01-04 11:00:00,43.2,43.03103057111038
2026-01-04 12:00:00,42.5,43.00690490884567
2026-01-04 13:00:00,43.9,42.7704217764703
2026-01-04 14:00:00,45.0,43.40790189852413
2026-01-04 15:00:00,47.9,44.02059358194741
2026-01-04 16:00:00,46.1,43.72221874668216
2026-01-04 17:00:00,45.4,41.048213564912515
2026-01-04 18:00:00,33.5,41.69911585435834
2026-01-04 19:00:00,33.5,37.869141401537135
2026-01-04 20:00:00,36.4,38.18857293622979
2026-01-04 21:00:00,38.5,34.54364739930125
2026-01-04 22:00:00,42.5,34.75291381787969
2026-01-04 23:00:00,40.3,39.80732257299169
2026-01-05 00:00:00,35.3,39.02535200352449
2026-01-05 01:00:00,36.0,37.57275366586751
2026-01-05 02:00:00,36.4,36.71859696764902
2026-01-05 03:00:00,34.9,35.27607956243858
2026-01-05 04:00:00,33.5,34.61223216387181
2026-01-05 05:00:00,34.9,33.66829454297971
2026-01-05 06:00:00,37.8,34.104284188302046
2026-01-05 07:00:00,38.9,35.99969135816771
2026-01-05 08:00:00,38.2,35.896527629908206
2026-01-05 09:00:00,34.9,37.139686264504405
2026-01-05 10:00:00,32.8,35.050759566876664
2026-01-05 11:00:00,28.1,34.20974462231354
2026-01-05 12:00:00,25.2,29.55672209565399
2026-01-05 13:00:00,22.3,29.44328611662971
2026-01-05 14:00:00,18.4,26.227109837281027
2026-01-05 15:00:00,16.6,23.982209241177742
2026-01-05 16:00:00,16.9,22.540995377133008
2026-01-05 17:00:00,18.0,19.317415852843787
2026-01-05 18:00:00,21.2,18.16870198438869
2026-01-05 19:00:00,16.6,19.951196209881935
2026-01-05 20:00:00,13.7,20.30090399779281
2026-01-05 21:00:00,15.5,20.5329669716006
2026-01-05 22:00:00,17.6,18.05441346769912
2026-01-05 23:00:00,18.7,15.31858997319926
2026-01-06 00:00:00,20.2,16.200134163527036
2026-01-06 01:00:00,19.8,18.443225095915388
2026-01-06 02:00:00,19.4,18.996745309563558
2026-01-06 03:00:00,17.6,20.050511750108036
2026-01-06 04:00:00,15.8,18.85199925771657
2026-01-06 05:00:00,15.5,17.38394091615865
2026-01-06 06:00:00,15.1,17.41785266702902
2026-01-06 07:00:00,15.5,16.51920670227273
2026-01-06 08:00:00,18.4,16.544849277962577
2026-01-06 09:00:00,21.2,16.870789730522567
2026-01-06 10:00:00,23.4,15.246414794203847
2026-01-06 11:00:00,23.4,18.423655668094014
2026-01-06 12:00:00,22.3,20.216968527715387
2026-01-06 13:00:00,22.0,22.56581371897808
2026-01-06 14:00:00,21.2,23.052624763520512
2026-01-06 15:00:00,24.8,22.450103163853885
2026-01-06 16:00:00,28.1,22.137343107292022
2026-01-06 17:00:00,27.0,22.245431946256737
2026-01-06 18:00:00,24.1,24.33164439533447
2026-01-06 19:00:00,23.8,26.46190469028591
2026-01-06 20:00:00,23.8,26.262438150056408
2026-01-06 21:00:00,24.1,24.240508612073363
2026-01-06 22:00:00,23.8,23.764434913060875
2026-01-06 23:00:00,22.3,23.559949785658056
2026-01-07 00:00:00,20.9,23.04710553839474
2026-01-07 01:00:00,20.2,22.4840253477214
2026-01-07 02:00:00,20.9,20.8361135515855
2026-01-07 03:00:00,21.6,20.938517843402348
2026-01-07 04:00:00,20.2,20.136774750902273
2026-01-07 05:00:00,19.4,19.855432682331045
2026-01-07 06:00:00,20.5,21.91726336804372
2026-01-07 07:00:00,21.2,20.246158067809493
2026-01-07 08:00:00,22.0,19.345947641109795
2026-01-07 09:00:00,22.0,20.42838199105423
2026-01-07 10:00:00,21.2,21.353548024673437
2026-01-07 11:00:00,21.2,21.777360773562044
2026-01-07 12:00:00,23.0,22.16315434223186
2026-01-07 13:00:00,22.0,21.821609342235597
2026-01-07 14:00:00,20.9,22.21819601594126
2026-01-07 15:00:00,20.2,22.859125507563597
2026-01-07 16:00:00,21.2,21.808884254926205
2026-01-07 17:00:00,22.7,20.750926612410545
2026-01-07 18:00:00,17.6,21.394789794803323
2026-01-07 19:00:00,18.4,21.416700715521955
2026-01-07 20:00:00,18.7,22.43549200972432
2026-01-07 21:00:00,19.1,17.59214105881501
2026-01-07 22:00:00,20.5,18.641625393575417
2026-01-07 23:00:00,19.8,19.198142561804808
2026-01-08 00:00:00,19.8,18.69394201030547
2026-01-08 01:00:00,21.6,20.50557323021438
2026-01-08 02:00:00,20.9,20.409806450508462
2026-01-08 03:00:00,18.4,20.22995801473636
2026-01-08 04:00:00,16.9,20.42207583861853
2026-01-08 05:00:00,15.5,20.856392343844085
2026-01-08 06:00:00,15.5,18.318879001232816
2026-01-08 07:00:00,17.6,17.081682493727463
2026-01-08 08:00:00,19.1,16.328660521458605
2026-01-08 09:00:00,19.1,15.32275105374313
2026-01-08 10:00:00,17.6,16.74293199665173
2026-01-08 11:00:00,16.6,17.835093062669472
2026-01-08 12:00:00,14.8,17.70725222976592
2026-01-08 13:00:00,13.7,16.622113395509743
2026-01-08 14:00:00,12.2,16.622610259187255
2026-01-08 15:00:00,9.4,16.00367562443261
2026-01-08 16:00:00,9.0,14.096722447233628
2026-01-08 17:00:00,11.5,12.900970214221129
2026-01-08 18:00:00,14.0,10.00748832612209
2026-01-08 19:00:00,15.8,10.870989532017106
2026-01-08 20:00:00,16.2,13.214856108650583
2026-01-08 21:00:00,16.9,14.925723536458436
2026-01-08 22:00:00,19.4,16.74847456839928
2026-01-08 23:00:00,21.6,17.115829068090086
2026-01-09 00:00:00,22.7,17.29696978864088
2026-01-09 01:00:00,23.0,19.563654888772856
2026-01-09 02:00:00,22.0,21.778590024738683
2026-01-09 03:00:00,21.6,22.530603398484075
2026-01-09 04:00:00,22.0,22.271884830374837
2026-01-09 05:00:00,21.6,20.657365342502157
2026-01-09 06:00:00,18.0,21.67296601274623
2026-01-09 07:00:00,15.8,21.20407572541395
2026-01-09 08:00:00,15.8,21.801019085561983
2026-01-09 09:00:00,15.8,17.684145539061497
2026-01-09 10:00:00,17.3,15.541423247023548
2026-01-09 11:00:00,18.4,15.40747591946204
2026-01-09 12:00:00,19.1,15.419022198978485
2026-01-09 13:00:00,17.6,17.04885592254383
2026-01-09 14:00:00,16.9,18.802672019157576
2026-01-09 15:00:00,17.3,19.157989559089916
2026-01-09 16:00:00,16.9,17.489506179176797
2026-01-09 17:00:00,19.4,17.30078809689384
2026-01-09 18:00:00,16.9,18.54099140139039
2026-01-09 19:00:00,19.8,18.365421181308236
2026-01-09 20:00:00,21.6,19.766856755635164
2026-01-09 21:00:00,20.5,17.49719590337503
2026-01-09 22:00:00,20.9,19.694839171590132
2026-01-09 23:00:00,20.5,20.849957887522486
2026-01-10 00:00:00,18.7,19.577353038330877
2026-01-10 01:00:00,16.6,19.992531772270922
2026-01-10 02:00:00,16.2,20.077448905083088
2026-01-10 03:00:00,15.8,18.471154026475652
2026-01-10 04:00:00,14.0,16.312189355348963
2026-01-10 05:00:00,10.1,14.510879369683078
2026-01-10 06:00:00,13.7,13.76786547710923
2026-01-10 07:00:00,17.6,14.656275170467275
2026-01-10 08:00:00,14.0,12.078953497209133
2026-01-10 09:00:00,12.6,13.539570846645615
2026-01-10 10:00:00,12.2,16.296410988894966
2026-01-10 11:00:00,2.5,15.192436178095363
2026-01-10 12:00:00,5.4,9.110277916100308
2026-01-10 13:00:00,6.8,12.925838431836619
2026-01-10 14:00:00,3.2,5.839792255685912
2026-01-10 15:00:00,13.3,7.411014917142605
2026-01-10 16:00:00,18.7,13.421069357971733
2026-01-10 17:00:00,23.8,8.49518317523725
2026-01-10 18:00:00,24.5,15.044206301680784
2026-01-10 19:00:00,22.7,19.208923148205905
2026-01-10 20:00:00,24.8,22.857558329218698
2026-01-10 21:00:00,27.0,23.899346160931955
2026-01-10 22:00:00,26.3,23.444295571175
2026-01-10 23:00:00,23.4,24.109943995324066
2026-01-11 00:00:00,19.1,24.86996941482114
2026-01-11 01:00:00,15.1,23.922560332834003
2026-01-11 02:00:00,13.7,19.150409896566924
2026-01-11 03:00:00,14.4,18.79880116542749
2026-01-11 04:00:00,13.0,14.182491297621993
2026-01-11 05:00:00,10.8,13.121633667289846
2026-01-11 06:00:00,7.6,14.259920382075954
2026-01-11 07:00:00,10.8,11.888158703073103
2026-01-11 08:00:00,13.7,11.217190700835305
2026-01-11 09:00:00,14.4,9.736114877437966
2026-01-11 10:00:00,14.8,9.615429442257291
2026-01-11 11:00:00,12.6,12.739412019921101
2026-01-11 12:00:00,9.7,13.416303010344237
2026-01-11 13:00:00,9.4,14.371172836286341
2026-01-11 14:00:00,9.7,13.946202901810961
2026-01-11 15:00:00,11.2,10.348450379716999
2026-01-11 16:00:00,12.6,10.596439194346887
2026-01-11 17:00:00,13.3,11.652666671566896
2026-01-11 18:00:00,13.3,13.367306488327799
2026-01-11 19:00:00,14.8,13.827702914641364
2026-01-11 20:00:00,14.4,14.807653995728158
2026-01-11 21:00:00,16.6,14.28617002869969
2026-01-11 22:00:00,16.9,16.04696892589021
2026-01-11 23:00:00,17.3,15.141224889890125
2026-01-12 00:00:00,18.7,16.600459816843497
2026-01-12 01:00:00,20.2,17.762797427307724
2026-01-12 02:00:00,22.0,18.087783711426617
2026-01-12 03:00:00,22.3,19.40036153008321
2026-01-12 04:00:00,21.6,20.76420588469808
2026-01-12 05:00:00,20.5,21.51846120991089
2026-01-12 06:00:00,19.1,22.84243142479515
2026-01-12 07:00:00,20.2,21.759323876452164
2026-01-12 08:00:00,20.9,20.073346458486824
2026-01-12 09:00:00,21.6,19.267536625928496
2026-01-12 10:00:00,22.0,19.51193141684562
2026-01-12 11:00:00,20.5,20.62914635878677
2026-01-12 12:00:00,18.0,20.740788118855846
2026-01-12 13:00:00,16.6,20.20265000336952
2026-01-12 14:00:00,15.8,20.60669237486058
2026-01-12 15:00:00,15.5,18.13099997964061
2026-01-12 16:00:00,15.8,17.015180690219708
2026-01-12 17:00:00,16.6,16.887802243049016
2026-01-12 18:00:00,15.8,16.999397397449048
2026-01-12 19:00:00,17.3,17.153310661266033
2026-01-12 20:00:00,16.2,17.22921307739276
2026-01-12 21:00:00,14.8,16.731411979154018
2026-01-12 22:00:00,14.8,17.38979976514826
2026-01-12 23:00:00,15.1,16.158445367113064
2026-01-13 00:00:00,15.8,15.122580168122916
2026-01-13 01:00:00,16.2,15.376135986376077
2026-01-13 02:00:00,15.1,15.7863643491796
2026-01-13 03:00:00,14.0,16.147564892456273
2026-01-13 04:00:00,13.3,15.898281830011964
2026-01-13 05:00:00,13.0,15.375895788055384
2026-01-13 06:00:00,16.2,14.358168567715728
2026-01-13 07:00:00,16.9,14.707897925295676
2026-01-13 08:00:00,17.6,13.498742450216094
2026-01-13 09:00:00,16.9,15.755790755087833
2026-01-13 10:00:00,14.8,15.9860191078616
2026-01-13 11:00:00,13.0,16.481939853413476
2026-01-13 12:00:00,11.5,15.823698813471802
2026-01-13 13:00:00,11.2,14.799114961190106
2026-01-13 14:00:00,11.2,14.369799907130112
2026-01-13 15:00:00,11.5,12.983345628512506
2026-01-13 16:00:00,13.0,11.809722939137327
2026-01-13 17:00:00,13.0,12.264717416732886
2026-01-13 18:00:00,11.9,11.980095965799022
2026-01-13 19:00:00,14.4,13.780166340367998
2026-01-13 20:00:00,16.9,14.529156800289712
2026-01-13 21:00:00,17.6,13.218381700266763
2026-01-13 22:00:00,17.6,14.855663779255229
2026-01-13 23:00:00,18.0,16.7069998119252
2026-01-14 00:00:00,18.0,17.52644827965527
2026-01-14 01:00:00,18.4,17.56414924184896
2026-01-14 02:00:00,18.4,17.959099837478753
2026-01-14 03:00:00,19.1,17.858987490877087
2026-01-14 04:00:00,19.1,18.453668623178874
2026-01-14 05:00:00,18.4,18.57634178885487
2026-01-14 06:00:00,16.2,19.356909315692548
2026-01-14 07:00:00,16.9,18.00981677911206
2026-01-14 08:00:00,16.2,18.020416633197662
2026-01-14 09:00:00,16.9,15.681760383847507
2026-01-14 10:00:00,16.2,15.677896511211026
2026-01-14 11:00:00,16.9,15.382589288110353
2026-01-14 12:00:00,17.3,15.7539606609231
2026-01-14 13:00:00,16.9,15.83185947292025
2026-01-14 14:00:00,16.9,17.086072283531916
2026-01-14 15:00:00,16.2,17.10534966998496
2026-01-14 16:00:00,16.2,16.388525345508537
2026-01-14 17:00:00,15.8,16.413895329025014
2026-01-14 18:00:00,16.2,16.908253492006807
2026-01-14 19:00:00,18.4,16.907782391362346
2026-01-14 20:00:00,22.0,17.4138611958695
2026-01-14 21:00:00,24.5,17.78521630572186
2026-01-14 22:00:00,25.2,20.52275814520492
2026-01-14 23:00:00,24.1,22.53059843015115
2026-01-15 00:00:00,24.5,24.051872976765743
2026-01-15 01:00:00,24.5,24.51143789975945
2026-01-15 02:00:00,24.1,24.13200523630814
2026-01-15 03:00:00,24.8,24.269098058856013
2026-01-15 04:00:00,25.2,24.369998374566272
2026-01-15 05:00:00,25.9,23.984596028098686
2026-01-15 06:00:00,26.3,25.74632622412325
2026-01-15 07:00:00,30.2,25.845518910910616
2026-01-15 08:00:00,33.1,29.338194131655854
2026-01-15 09:00:00,34.6,26.56295797972602
2026-01-15 10:00:00,34.2,29.47273362375083
2026-01-15 11:00:00,28.4,31.627045813033284
2026-01-15 12:00:00,28.8,29.026644712873953
2026-01-15 13:00:00,29.5,32.57530748681717
2026-01-15 14:00:00,31.0,28.40088517278024
2026-01-15 15:00:00,33.1,29.4081852873069
2026-01-15 16:00:00,32.4,30.292257052402697
2026-01-15 17:00:00,31.3,30.59420680144909
2026-01-15 18:00:00,28.4,31.97075879820474
2026-01-15 19:00:00,30.6,30.615222758449022
2026-01-15 20:00:00,32.0,31.216353145075903
2026-01-15 21:00:00,33.8,29.36546427828157
2026-01-15 22:00:00,33.5,30.622936058265395
2026-01-15 23:00:00,34.2,31.745972759437397
2026-01-16 00:00:00,35.3,33.49121396584558
2026-01-16 01:00:00,37.1,33.93170498764876
2026-01-16 02:00:00,36.4,36.12559517951859
2026-01-16 03:00:00,34.6,34.88651082764821
2026-01-16 04:00:00,34.9,34.96773723916412
2026-01-16 05:00:00,36.7,34.592445657445666
2026-01-16 06:00:00,32.8,35.86428041491527
2026-01-16 07:00:00,34.6,34.15959980109782
2026-01-16 08:00:00,34.6,35.59666604219164
2026-01-16 09:00:00,36.0,33.4315888824832
2026-01-16 10:00:00,37.4,35.47899330869602
2026-01-16 11:00:00,39.2,35.769603030461724
2026-01-16 12:00:00,40.3,37.618307302706626
2026-01-16 13:00:00,40.7,38.456910055419286
2026-01-16 14:00:00,41.8,39.278800342085255
2026-01-16 15:00:00,43.2,40.00069801533449
2026-01-16 16:00:00,43.6,40.87039938287937
2026-01-16 17:00:00,44.3,39.686312115565805
2026-01-16 18:00:00,39.2,40.483668451442924
2026-01-16 19:00:00,40.7,39.25699001637416
2026-01-16 20:00:00,42.8,39.36044264116016
2026-01-16 21:00:00,42.5,39.79551940476655
2026-01-16 22:00:00,43.6,41.143858336634686
2026-01-16 23:00:00,43.6,42.88466637364238
2026-01-17 00:00:00,44.6,42.90383749719837
2026-01-17 01:00:00,45.7,43.09744494563826
2026-01-17 02:00:00,46.1,43.658091436091034
2026-01-17 03:00:00,46.1,43.55995019536931
2026-01-17 04:00:00,47.9,43.60466913938232
2026-01-17 05:00:00,49.7,42.790140677543334
2026-01-17 06:00:00,46.1,43.27439468063949
2026-01-17 07:00:00,42.8,43.437858327844665
2026-01-17 08:00:00,38.5,43.63235727658167
2026-01-17 09:00:00,39.2,42.52193889841048
2026-01-17 10:00:00,42.1,40.81523857695865
2026-01-17 11:00:00,45.4,41.1673322833949
2026-01-17 12:00:00,46.1,43.346199987387095
2026-01-17 13:00:00,46.8,43.345023042409125
2026-01-17 14:00:00,46.1,43.22317677055466
2026-01-17 15:00:00,44.3,43.34894441164188
2026-01-17 16:00:00,41.4,43.05592715865994
2026-01-17 17:00:00,41.4,39.85091522251378
2026-01-17 18:00:00,32.0,41.06884051208623
2026-01-17 19:00:00,31.0,36.14318788877874
2026-01-17 20:00:00,30.2,35.4693600477183
2026-01-17 21:00:00,30.6,31.06415636218267
2026-01-17 22:00:00,32.4,30.66327845562268
2026-01-17 23:00:00,33.8,30.136090636166458
2026-01-18 00:00:00,32.8,30.224789135905276
2026-01-18 01:00:00,31.3,31.84764528512329
2026-01-18 02:00:00,28.4,31.058974101212034
2026-01-18 03:00:00,25.6,29.420841734605183
2026-01-18 04:00:00,23.8,28.416818471831668
2026-01-18 05:00:00,22.0,25.75990661890178
2026-01-18 06:00:00,16.9,23.438463280123923
2026-01-18 07:00:00,17.3,21.24968962931397
2026-01-18 08:00:00,18.4,21.776243161530154
2026-01-18 09:00:00,19.8,18.413841107819216
2026-01-18 10:00:00,19.4,18.432224331852694
2026-01-18 11:00:00,19.1,18.21589279860575
2026-01-18 12:00:00,18.0,18.839786515439947
2026-01-18 13:00:00,17.6,18.67222102338536
2026-01-18 14:00:00,16.9,18.957650782459876
2026-01-18 15:00:00,18.0,18.773289357123787
2026-01-18 16:00:00,18.0,18.975152810792146
2026-01-18 17:00:00,18.0,18.537311938687267
2026-01-18 18:00:00,19.8,19.590141855641278
2026-01-18 19:00:00,20.5,19.814541449579686
2026-01-18 20:00:00,21.2,18.051552688783744
2026-01-18 21:00:00,22.0,19.723816435775205
2026-01-18 22:00:00,22.3,20.189741282846086
2026-01-18 23:00:00,22.3,21.095184252983074
2026-01-19 00:00:00,20.9,21.656498868835754
2026-01-19 01:00:00,18.7,21.23032601337995
2026-01-19 02:00:00,16.9,20.335633490814097
2026-01-19 03:00:00,14.4,20.80337664446467
2026-01-19 04:00:00,13.7,16.727003692438423
2026-01-19 05:00:00,13.3,15.855244234724765
2026-01-19 06:00:00,14.4,14.681521290364067
2026-01-19 07:00:00,14.8,14.020248841928396
2026-01-19 08:00:00,15.1,13.458953025076518
2026-01-19 09:00:00,14.8,14.096779737532813
2026-01-19 10:00:00,14.4,14.430817678546767
2026-01-19 11:00:00,15.5,14.681501181546562
2026-01-19 12:00:00,17.3,14.756527846998072
2026-01-19 13:00:00,18.7,15.685755512986862
2026-01-19 14:00:00,19.8,16.13654297142845
2026-01-19 15:00:00,20.2,17.90524466214862
2026-01-19 16:00:00,20.9,19.278949977672355
2026-01-19 17:00:00,21.2,19.50054317569063
2026-01-19 18:00:00,19.1,20.077876316271734
2026-01-19 19:00:00,18.0,20.339883001070163
2026-01-19 20:00:00,17.6,20.163751574845705
2026-01-19 21:00:00,18.0,19.02743845531663
2026-01-19 22:00:00,18.4,17.817199387550296
2026-01-19 23:00:00,18.0,17.67556584536487
2026-01-20 00:00:00,17.3,17.68027180267167
2026-01-20 01:00:00,15.8,18.056912930999808
2026-01-20 02:00:00,15.1,17.567931756297885
2026-01-20 03:00:00,15.1,16.10144569289181
2026-01-20 04:00:00,15.8,15.145486706687864
2026-01-20 05:00:00,15.8,14.77203881614141
2026-01-20 06:00:00,15.8,14.96402716924501
2026-01-20 07:00:00,14.8,15.761910693906422
2026-01-20 08:00:00,13.3,15.608903414128761
2026-01-20 09:00:00,12.2,15.534986314137496
2026-01-20 10:00:00,10.8,14.654100004864542
2026-01-20 11:00:00,11.5,13.608849369659044
2026-01-20 12:00:00,13.0,12.33374750292522
2026-01-20 13:00:00,13.0,12.135249639127807
2026-01-20 14:00:00,13.3,12.271576706016702
2026-01-20 15:00:00,14.4,13.267654638894335
2026-01-20 16:00:00,15.1,13.969712011914215
2026-01-20 17:00:00,15.5,14.507152383955022
2026-01-20 18:00:00,14.8,15.989859225199087
2026-01-20 19:00:00,16.2,15.89057347488242
2026-01-20 20:00:00,18.7,16.632663796799232
2026-01-20 21:00:00,20.5,16.935494871231285
2026-01-20 22:00:00,20.9,17.911051940429868
2026-01-20 23:00:00,21.6,19.153142108466284
2026-01-21 00:00:00,22.7,20.346032027526746
2026-01-21 01:00:00,23.4,21.55699002674657
2026-01-21 02:00:00,24.5,22.057397127752818
2026-01-21 03:00:00,25.2,23.202434013945542
2026-01-21 04:00:00,26.6,23.672827085117184
2026-01-21 05:00:00,28.4,24.283953842692167
2026-01-21 06:00:00,29.9,26.118709719908498
2026-01-21 07:00:00,30.6,26.711980221411785
2026-01-21 08:00:00,30.6,28.31816004829598
2026-01-21 09:00:00,29.9,29.251699076426572
2026-01-21 10:00:00,29.5,29.50169826769926
2026-01-21 11:00:00,29.5,29.52545521477493
2026-01-21 12:00:00,29.9,28.803373272131356
2026-01-21 13:00:00,29.5,28.767957898763918
2026-01-21 14:00:00,29.5,28.651598469692246
2026-01-21 15:00:00,31.0,28.964886572311656
2026-01-21 16:00:00,31.3,29.684110958244442
2026-01-21 17:00:00,32.8,30.20486323994876
2026-01-21 18:00:00,32.4,32.04007282053708
2026-01-21 19:00:00,34.2,32.37987997200145
2026-01-21 20:00:00,34.9,33.60158157214734
2026-01-21 21:00:00,34.9,33.434942844384786
2026-01-21 22:00:00,34.9,34.4545764518909
2026-01-21 23:00:00,36.0,35.04243469994442
2026-01-22 00:00:00,36.7,35.73727330074121
2026-01-22 01:00:00,35.6,35.123937493394045
2026-01-22 02:00:00,35.6,35.21294148628269
2026-01-22 03:00:00,36.4,35.76457198208114
2026-01-22 04:00:00,37.1,35.884605743047295
2026-01-22 05:00:00,37.4,34.73145831892507
2026-01-22 06:00:00,36.7,35.78767542783193
2026-01-22 07:00:00,38.2,36.10705071562364
2026-01-22 08:00:00,40.3,36.813741034648366
2026-01-22 09:00:00,40.7,37.87976616872843
2026-01-22 10:00:00,40.0,39.13048416061052
2026-01-22 11:00:00,39.6,39.204164109128214
2026-01-22 12:00:00,39.6,39.276484516783924
2026-01-22 13:00:00,39.2,39.76186056358126
2026-01-22 14:00:00,38.5,39.54636579451304
2026-01-22 15:00:00,38.5,38.3865080333223
2026-01-22 16:00:00,38.2,37.506606894301115
2026-01-22 17:00:00,38.2,37.126742490733804
2026-01-22 18:00:00,36.7,37.596920661357764
2026-01-22 19:00:00,38.2,37.43382806083214
2026-01-22 20:00:00,39.2,37.51931998613137
2026-01-22 21:00:00,40.0,37.239668549354576
2026-01-22 22:00:00,40.3,38.131339625886326
2026-01-22 23:00:00,40.0,39.113300507238634
2026-01-23 00:00:00,39.6,39.519279964801385
2026-01-23 01:00:00,39.2,39.734320478286605
2026-01-23 02:00:00,38.5,39.48440742271136
2026-01-23 03:00:00,37.1,38.9285181381295
2026-01-23 04:00:00,36.4,37.9393173181531
2026-01-23 05:00:00,35.6,35.25829381331523
2026-01-23 06:00:00,33.1,34.61751744996879
2026-01-23 07:00:00,33.5,34.20240877825706
2026-01-23 08:00:00,33.5,34.34486288085801
2026-01-23 09:00:00,33.5,33.58702383622662
2026-01-23 10:00:00,32.8,33.4894689331565
2026-01-23 11:00:00,32.4,32.92408569492365
2026-01-23 12:00:00,32.4,32.828208377984545
2026-01-23 13:00:00,32.4,32.982519158754585
2026-01-23 14:00:00,32.4,32.83584375620846
2026-01-23 15:00:00,33.8,33.07875536387989
2026-01-23 16:00:00,35.6,33.74403433360682
2026-01-23 17:00:00,36.4,33.39380133496546
2026-01-23 18:00:00,32.4,35.445651272184364
2026-01-23 19:00:00,31.7,34.158532774744145
2026-01-23 20:00:00,31.7,35.056620139068755
2026-01-23 21:00:00,31.3,32.84697392549775
2026-01-23 22:00:00,32.0,32.30999297971898
2026-01-23 23:00:00,32.4,32.211028387561704
2026-01-24 00:00:00,34.2,32.50549741119467
2026-01-24 01:00:00,35.6,32.5451658732672
2026-01-24 02:00:00,35.6,33.09355275514145
2026-01-24 03:00:00,35.6,34.617143132384385
2026-01-24 04:00:00,35.6,35.316683032640285
2026-01-24 05:00:00,35.6,33.982515607341604
2026-01-24 06:00:00,32.0,34.74458254766677
2026-01-24 07:00:00,32.4,34.06509292996143
2026-01-24 08:00:00,32.8,34.5360159194222
2026-01-24 09:00:00,32.0,32.50125271025561
2026-01-24 10:00:00,30.6,32.365285869600186
2026-01-24 11:00:00,30.6,32.596820592708184
2026-01-24 12:00:00,29.9,31.566141850387577
2026-01-24 13:00:00,29.2,30.809674693401544
2026-01-24 14:00:00,31.0,30.25820523431401
2026-01-24 15:00:00,32.4,30.43427084136576
2026-01-24 16:00:00,33.8,30.672187411419756
2026-01-24 17:00:00,35.6,32.36447579306917
2026-01-24 18:00:00,33.1,34.024647531786286
2026-01-24 19:00:00,34.2,34.4245159965285
2026-01-24 20:00:00,33.8,35.39583149827851
2026-01-24 21:00:00,31.7,33.39599650695783
2026-01-24 22:00:00,29.9,32.253989356218426
2026-01-24 23:00:00,29.2,33.00294876114365
2026-01-25 00:00:00,28.4,30.465523289545246
2026-01-25 01:00:00,26.6,29.62322124965322
2026-01-25 02:00:00,24.8,27.718698941954294
2026-01-25 03:00:00,23.4,27.250256755463365
2026-01-25 04:00:00,23.4,25.84756393474744
2026-01-25 05:00:00,23.8,23.77542319421662
2026-01-25 06:00:00,24.5,23.850899458276487
2026-01-25 07:00:00,23.8,23.390430210292877
2026-01-25 08:00:00,22.3,24.05800957375815
2026-01-25 09:00:00,22.7,23.369074800495135
2026-01-25 10:00:00,22.7,23.371280277346827
2026-01-25 11:00:00,23.0,22.446022619108987
2026-01-25 12:00:00,23.8,23.207223446930776
2026-01-25 13:00:00,23.0,22.809368967956036
2026-01-25 14:00:00,22.0,23.52343360161405
2026-01-25 15:00:00,22.3,23.961438412339437
2026-01-25 16:00:00,24.1,23.018151071899034
2026-01-25 17:00:00,27.4,22.70434994937417
2026-01-25 18:00:00,25.9,24.186364308427507
2026-01-25 19:00:00,28.4,25.017750585638925
2026-01-25 20:00:00,29.2,28.827643166701616
2026-01-25 21:00:00,28.1,27.052940748833628
2026-01-25 22:00:00,26.6,29.817017623939645
2026-01-25 23:00:00,25.6,27.667630570119407
2026-01-26 00:00:00,26.3,28.282608403020355
2026-01-26 01:00:00,28.1,27.261265607236176
2026-01-26 02:00:00,29.9,26.803470853526036
2026-01-26 03:00:00,28.8,27.13937781047514
2026-01-26 04:00:00,27.7,27.652972313576143
2026-01-26 05:00:00,27.0,28.435292951340763
2026-01-26 06:00:00,24.8,28.04412548275379
2026-01-26 07:00:00,26.6,27.29045391068545
2026-01-26 08:00:00,26.3,26.903691968462645
2026-01-26 09:00:00,25.6,25.37540323840542
2026-01-26 10:00:00,25.2,25.781411633501985
2026-01-26 11:00:00,26.6,25.52353743103297
2026-01-26 12:00:00,27.7,25.36437675655246
2026-01-26 13:00:00,27.7,25.651155362239617
2026-01-26 14:00:00,26.6,26.36855354629752
2026-01-26 15:00:00,27.0,26.48293641706225
2026-01-26 16:00:00,25.9,27.183871915416447
2026-01-26 17:00:00,24.8,25.06718184268536
2026-01-26 18:00:00,23.0,26.503982209212296
2026-01-26 19:00:00,24.8,25.22231398877897
2026-01-26 20:00:00,26.6,24.867722526551553
2026-01-26 21:00:00,28.1,24.54880704249064
2026-01-26 22:00:00,27.4,26.020183509134405
2026-01-26 23:00:00,25.2,26.52017435662691
2026-01-27 00:00:00,23.8,26.707831050814487
2026-01-27 01:00:00,23.0,25.832263816224756
2026-01-27 02:00:00,20.9,25.046613131291558
2026-01-27 03:00:00,20.5,22.23639527718855
2026-01-27 04:00:00,20.2,23.607016572505685
2026-01-27 05:00:00,21.2,19.67552288163347
2026-01-27 06:00:00,22.0,20.933733851434994
2026-01-27 07:00:00,21.6,20.645469284394302
2026-01-27 08:00:00,21.6,21.62533865672748
2026-01-27 09:00:00,23.4,21.854649369617835
2026-01-27 10:00:00,25.6,21.473539327439248
2026-01-27 11:00:00,24.8,22.265089847553046
2026-01-27 12:00:00,22.7,22.361932321913095
2026-01-27 13:00:00,23.4,23.351049601291727
2026-01-27 14:00:00,24.5,23.99948014036807
2026-01-27 15:00:00,25.2,23.519255887526647
2026-01-27 16:00:00,25.6,23.774760402318606
2026-01-27 17:00:00,27.0,23.720030019528366
2026-01-27 18:00:00,25.6,26.00923221534825
2026-01-27 19:00:00,27.0,25.931537489729575
2026-01-27 20:00:00,27.0,27.03937500342159
2026-01-27 21:00:00,27.7,26.396581380214066
2026-01-27 22:00:00,28.1,27.566600720266514
2026-01-27 23:00:00,27.7,27.426406821934016
2026-01-28 00:00:00,27.4,27.906681989550215
2026-01-28 01:00:00,27.4,27.927269142894218
2026-01-28 02:00:00,28.1,27.619252835605277
2026-01-28 03:00:00,28.4,27.478054628947696
2026-01-28 04:00:00,28.1,27.51207443221476
2026-01-28 05:00:00,29.2,27.500172425455926
2026-01-28 06:00:00,27.0,28.345234794560945
2026-01-28 07:00:00,29.2,28.474109282139125
2026-01-28 08:00:00,31.0,29.943989879822873
2026-01-28 09:00:00,30.2,27.494726450407434
2026-01-28 10:00:00,28.4,28.915680751689326
2026-01-28 11:00:00,27.7,28.830717223000327
2026-01-28 12:00:00,26.6,29.151046149971634
2026-01-28 13:00:00,24.5,26.584795541752765
2026-01-28 14:00:00,24.1,26.38846550423017
2026-01-28 15:00:00,24.1,26.559252099917806
2026-01-28 16:00:00,24.5,24.76958374337064
2026-01-28 17:00:00,24.8,24.459659966491316
2026-01-28 18:00:00,24.8,25.42580865111839
2026-01-28 19:00:00,29.2,25.718365047967794
2026-01-28 20:00:00,31.0,27.615403948738305
2026-01-28 21:00:00,32.0,26.804938644630074
2026-01-28 22:00:00,32.0,29.369976913367765
2026-01-28 23:00:00,31.7,30.909122761488707
2026-01-29 00:00:00,31.3,31.792279429150604
2026-01-29 01:00:00,31.3,31.669877720136515
2026-01-29 02:00:00,31.3,31.704754853133334
2026-01-29 03:00:00,31.0,31.434473105358244
2026-01-29 04:00:00,31.7,31.36246712530851
2026-01-29 05:00:00,32.4,30.9451865753128
2026-01-29 06:00:00,31.3,31.818053697629168
2026-01-29 07:00:00,33.1,32.048391913855056
2026-01-29 08:00:00,34.2,33.25376778347457
2026-01-29 09:00:00,34.6,31.88750616106786
2026-01-29 10:00:00,34.2,32.860941302639134
2026-01-29 11:00:00,33.1,33.35250348248989
2026-01-29 12:00:00,31.7,32.42323106128369
2026-01-29 13:00:00,30.2,31.444435722693576
2026-01-29 14:00:00,29.9,32.09611111014243
2026-01-29 15:00:00,30.2,30.535434980096518
2026-01-29 16:00:00,31.3,30.548701340775928
2026-01-29 17:00:00,31.7,30.381288613100175
2026-01-29 18:00:00,29.9,31.7151214375937
2026-01-29 19:00:00,31.3,32.01849236974298
2026-01-29 20:00:00,32.4,31.78390956456592
2026-01-29 21:00:00,32.4,30.298098194170343
2026-01-29 22:00:00,32.0,31.01397763758203
2026-01-29 23:00:00,29.9,31.486853521926314
2026-01-30 00:00:00,27.0,30.974397399961916
2026-01-30 01:00:00,24.1,29.37707404687151
2026-01-30 02:00:00,22.7,28.197019549838124
2026-01-30 03:00:00,21.2,25.001498480065635
2026-01-30 04:00:00,20.9,23.23587057268255
2026-01-30 05:00:00,21.2,23.32656560937999
2026-01-30 06:00:00,23.4,21.469964706173926
2026-01-30 07:00:00,25.9,22.47900345626465
2026-01-30 08:00:00,27.7,23.46679929773817
2026-01-30 09:00:00,28.1,23.25493120360729
2026-01-30 10:00:00,27.0,26.008489229788083
2026-01-30 11:00:00,25.9,27.061290586774525
2026-01-30 12:00:00,25.2,27.14617950368005
2026-01-30 13:00:00,24.8,27.005968094228564
2026-01-30 14:00:00,24.8,25.783194741358944
2026-01-30 15:00:00,24.8,24.663762277234543
2026-01-30 16:00:00,24.5,24.679072610304303
2026-01-30 17:00:00,24.5,24.055836617138148
2026-01-30 18:00:00,20.5,25.096883151448555
2026-01-30 19:00:00,21.6,25.42873545787365
2026-01-30 20:00:00,24.1,25.509347505801188
2026-01-30 21:00:00,26.6,22.07167223444766
2026-01-30 22:00:00,30.2,22.917165489917423
2026-01-30 23:00:00,32.0,27.97344308917586
2026-01-31 00:00:00,33.1,27.164986308109004
2026-01-31 01:00:00,33.1,30.95002980040563
2026-01-31 02:00:00,33.5,31.477842854488287
2026-01-31 03:00:00,33.5,33.34434025133402
2026-01-31 04:00:00,35.3,33.781517593507864
2026-01-31 05:00:00,36.0,31.72923854486115
2026-01-31 06:00:00,29.9,35.177448950730685
2026-01-31 07:00:00,31.0,34.16383110832815
2026-01-31 08:00:00,30.2,34.96228549412545
2026-01-31 09:00:00,29.9,30.078023148626276
2026-01-31 10:00:00,24.8,30.328351201847333
2026-01-31 11:00:00,22.7,28.016271614863033
2026-01-31 12:00:00,26.3,28.36356344654624
2026-01-31 13:00:00,30.6,24.574666791606923
2026-01-31 14:00:00,33.5,25.619446222862592
2026-01-31 15:00:00,32.4,27.70295924785596
2026-01-31 16:00:00,32.8,29.884668914084042
2026-01-31 17:00:00,30.6,30.914660218830335
2026-01-31 18:00:00,25.9,31.26963402703549
2026-01-31 19:00:00,25.9,28.441374667519383
2026-01-31 20:00:00,25.6,29.174985292329794
2026-01-31 21:00:00,25.6,26.006883787074273
2026-01-31 22:00:00,23.8,25.721009164124222
2026-01-31 23:00:00,24.8,24.760000426294862
2026-02-01 00:00:00,24.5,25.64477070865206
2026-02-01 01:00:00,21.6,23.809498283353097
2026-02-01 02:00:00,18.7,23.433271064113825
2026-02-01 03:00:00,17.3,23.28805821338075
2026-02-01 04:00:00,18.7,21.77984646442878
2026-02-01 05:00:00,20.5,17.863064659413002
2026-02-01 06:00:00,18.4,18.287036052433514
2026-02-01 07:00:00,21.2,18.737448179661115
2026-02-01 08:00:00,23.0,20.861859314058975
2026-02-01 09:00:00,25.2,19.16699374202435
2026-02-01 10:00:00,25.9,21.56002169239257
2026-02-01 11:00:00,23.4,21.652033399334815
2026-02-01 12:00:00,22.7,23.589451114139592
2026-02-01 13:00:00,24.5,25.05745045395257
2026-02-01 14:00:00,28.1,23.09193499397268
2026-02-01 15:00:00,30.6,25.557035002123484
2026-02-01 16:00:00,30.6,26.14929957703383
2026-02-01 17:00:00,32.4,27.84339201613558
2026-02-01 18:00:00,30.6,30.470755444372443
2026-02-01 19:00:00,32.8,30.64209591000444
2026-02-01 20:00:00,35.3,32.22558975703322
2026-02-01 21:00:00,34.9,31.142588488328137
2026-02-01 22:00:00,32.0,32.26323895989241
2026-02-01 23:00:00,29.5,31.52790197059366
2026-02-02 00:00:00,29.2,31.595878690975013
2026-02-02 01:00:00,29.5,30.34639650754419
2026-02-02 02:00:00,29.5,28.59433723850374
2026-02-02 03:00:00,28.8,28.93099076513972
2026-02-02 04:00:00,29.5,28.757014282338346
2026-02-02 05:00:00,29.2,26.867329752827423
2026-02-02 06:00:00,29.2,28.86848385691073
2026-02-02 07:00:00,31.7,28.26725405052516
2026-02-02 08:00:00,31.7,29.0525941460892
2026-02-02 09:00:00,29.5,28.8790687445768
2026-02-02 10:00:00,27.7,29.46339175754447
2026-02-02 11:00:00,29.9,28.920490164084583
2026-02-02 12:00:00,29.9,29.019530133801126
2026-02-02 13:00:00,29.9,27.36307039902143
2026-02-02 14:00:00,30.6,29.090225979835324
2026-02-02 15:00:00,29.9,29.769567820303614
2026-02-02 16:00:00,31.3,29.94164415917973
2026-02-02 17:00:00,30.6,29.069493437066555
2026-02-02 18:00:00,26.6,29.89166822940497
2026-02-02 19:00:00,28.4,29.63101797761992
2026-02-02 20:00:00,29.5,30.69490111623432
2026-02-02 21:00:00,31.0,27.664061829308057
2026-02-02 22:00:00,31.0,29.069180680849485
2026-02-02 23:00:00,32.0,30.4379559536765
2026-02-03 00:00:00,32.8,30.83940087120032
2026-02-03 01:00:00,34.2,31.560270673867564
2026-02-03 02:00:00,37.1,31.95965238174537
2026-02-03 03:00:00,34.6,34.902642955691945
2026-02-03 04:00:00,33.8,34.00712715023764
2026-02-03 05:00:00,33.1,33.6380540730904
2026-02-03 06:00:00,32.0,32.82083459657921
2026-02-03 07:00:00,34.2,32.543934306204875
2026-02-03 08:00:00,33.8,33.16224474332994
2026-02-03 09:00:00,33.1,32.09225114674906
2026-02-03 10:00:00,33.5,32.7360911050411
2026-02-03 11:00:00,33.5,33.017854056715706
2026-02-03 12:00:00,32.4,32.862154510543654
2026-02-03 13:00:00,29.9,32.395327476401235
2026-02-03 14:00:00,27.7,30.894385280312356
2026-02-03 15:00:00,27.4,29.959980063002455
2026-02-03 16:00:00,28.8,28.667872981874833
2026-02-03 17:00:00,29.9,27.894158412548318
2026-02-03 18:00:00,25.6,28.513374043818278
2026-02-03 19:00:00,28.1,30.09546793117873
2026-02-03 20:00:00,31.0,30.884461664835392
2026-02-03 21:00:00,31.7,27.886274117141188
2026-02-03 22:00:00,32.8,29.039827485416282
2026-02-03 23:00:00,32.4,31.556345172582617
2026-02-04 00:00:00,31.7,31.466315282344745
2026-02-04 01:00:00,31.7,31.6313643481214
2026-02-04 02:00:00,33.1,32.02812557702582
2026-02-04 03:00:00,32.8,32.37445980211537
2026-02-04 04:00:00,32.0,31.931686560114024
2026-02-04 05:00:00,31.7,31.100041539053315
2026-02-04 06:00:00,28.1,32.515904554847594
2026-02-04 07:00:00,28.4,30.08421515368228
2026-02-04 08:00:00,28.1,31.573837359155213
2026-02-04 09:00:00,27.0,28.12183796446271
2026-02-04 10:00:00,26.6,27.294693600000393
2026-02-04 11:00:00,27.0,27.571288280975836
2026-02-04 12:00:00,26.3,27.374722451818535
2026-02-04 13:00:00,23.8,26.57934584429072
2026-02-04 14:00:00,22.0,25.848683677855647
2026-02-04 15:00:00,22.0,25.471424888014123
2026-02-04 16:00:00,24.1,24.748645599053077
2026-02-04 17:00:00,28.8,22.406572394970212
2026-02-04 18:00:00,29.2,26.125967862090057
2026-02-04 19:00:00,29.5,26.875820350146398
2026-02-04 20:00:00,31.3,29.894676268888514
2026-02-04 21:00:00,31.3,30.255034667073836
2026-02-04 22:00:00,31.0,29.950832593475283
2026-02-04 23:00:00,31.7,31.10315620078277
2026-02-05 00:00:00,32.0,31.119276144738393
2026-02-05 01:00:00,32.0,31.4600453001814
2026-02-05 02:00:00,31.7,32.086975539759095
2026-02-05 03:00:00,31.0,32.285316856201945
2026-02-05 04:00:00,31.3,31.958665534527995
2026-02-05 05:00:00,32.4,30.81999270240209
2026-02-05 06:00:00,32.4,31.81257805275557
2026-02-05 07:00:00,33.5,31.864648520410807
2026-02-05 08:00:00,35.3,32.62137778401872
2026-02-05 09:00:00,36.7,33.1459918427814
2026-02-05 10:00:00,37.1,34.78108204941752
2026-02-05 11:00:00,36.7,34.81899289225659
2026-02-05 12:00:00,35.6,35.954741512141126
2026-02-05 13:00:00,33.5,34.874087145280804
2026-02-05 14:00:00,32.4,34.62347055338044
2026-02-05 15:00:00,34.2,33.56195780758626
2026-02-05 16:00:00,35.6,33.952602564842906
2026-02-05 17:00:00,37.8,32.945505321781624
2026-02-05 18:00:00,30.2,36.3460775126464
2026-02-05 19:00:00,32.8,34.0621973680269
2026-02-05 20:00:00,38.5,36.33192458121811
2026-02-05 21:00:00,42.8,34.97459997980316
2026-02-05 22:00:00,42.8,37.428080564446525
2026-02-05 23:00:00,41.4,40.96686437488331
2026-02-06 00:00:00,40.7,41.75806691938412
2026-02-06 01:00:00,43.2,40.65108486127532
2026-02-06 02:00:00,42.8,40.95452460873267
2026-02-06 03:00:00,42.1,42.59941613755943
2026-02-06 04:00:00,43.6,42.06079485745732
2026-02-06 05:00:00,41.8,41.235213382918076
2026-02-06 06:00:00,37.4,42.53753116329576
2026-02-06 07:00:00,38.9,39.99839060498991
2026-02-06 08:00:00,38.5,38.72929249177599
2026-02-06 09:00:00,39.2,37.079738636013474
2026-02-06 10:00:00,35.6,37.664513029078236
2026-02-06 11:00:00,34.6,35.878335672505244
2026-02-06 12:00:00,30.2,33.88493405749357
2026-02-06 13:00:00,32.8,30.840768126230046
2026-02-06 14:00:00,31.0,33.63372123975027
2026-02-06 15:00:00,29.2,30.25290900655642
2026-02-06 16:00:00,27.7,30.404675776663098
2026-02-06 17:00:00,27.0,27.93317220325724
2026-02-06 18:00:00,26.3,26.98567811422997
2026-02-06 19:00:00,25.6,27.010601331390415
2026-02-06 20:00:00,24.8,27.063631497225714
2026-02-06 21:00:00,22.0,26.94692510864828
2026-02-06 22:00:00,21.2,24.69122589909629
2026-02-06 23:00:00,21.6,23.810295278568667
2026-02-07 00:00:00,22.3,22.432067693061484
2026-02-07 01:00:00,23.0,22.19790490713895
2026-02-07 02:00:00,23.4,22.192643696498685
2026-02-07 03:00:00,23.4,22.216881759348144
2026-02-07 04:00:00,24.5,22.93804529148587
2026-02-07 05:00:00,24.8,22.04287113417127
2026-02-07 06:00:00,14.8,23.086671928569366
2026-02-07 07:00:00,14.4,21.45310962357408
2026-02-07 08:00:00,14.4,22.369967318473677
2026-02-07 09:00:00,15.5,14.792746835923149
2026-02-07 10:00:00,15.8,14.532110501310846
2026-02-07 11:00:00,15.8,14.357529510137825
2026-02-07 12:00:00,15.1,15.203705104994572
2026-02-07 13:00:00,14.0,15.211239485899728
2026-02-07 14:00:00,14.0,15.84841903444848
2026-02-07 15:00:00,13.3,14.48264488313032
2026-02-07 16:00:00,13.0,13.971844262135367
2026-02-07 17:00:00,11.5,13.133765460075509
2026-02-07 18:00:00,11.2,12.897194519686883
2026-02-07 19:00:00,6.1,13.35166087303225
2026-02-07 20:00:00,4.0,10.069958199058169
2026-02-07 21:00:00,6.5,11.464287294239393
2026-02-07 22:00:00,5.0,6.914874748660576
2026-02-07 23:00:00,4.3,4.937328675764624
2026-02-08 00:00:00,3.2,7.373725104172037
2026-02-08 01:00:00,2.5,5.37116804725982
2026-02-08 02:00:00,2.2,5.7645220152744505
2026-02-08 03:00:00,6.5,4.281285996618982
2026-02-08 04:00:00,5.0,5.699827978684326
2026-02-08 05:00:00,5.4,3.1837395973458005
2026-02-08 06:00:00,6.1,6.960323871907891
2026-02-08 07:00:00,8.3,6.185153978828694
2026-02-08 08:00:00,8.3,6.526276110350553
2026-02-08 09:00:00,7.2,6.273452118323483
2026-02-08 10:00:00,5.8,7.90390500903443
2026-02-08 11:00:00,6.1,8.405269654513638
2026-02-08 12:00:00,6.1,7.230835848140593
2026-02-08 13:00:00,3.2,6.436301421545865
2026-02-08 14:00:00,5.0,7.4081782461028265
2026-02-08 15:00:00,4.7,7.192290249729432
2026-02-08 16:00:00,5.0,4.309489847858382
2026-02-08 17:00:00,4.0,5.551145233645926
2026-02-08 18:00:00,13.3,5.481663211901585
2026-02-08 19:00:00,11.5,12.201651316320339
2026-02-08 20:00:00,14.4,7.1190872374508025
2026-02-08 21:00:00,18.0,12.510088612575585
2026-02-08 22:00:00,20.9,11.263668448883038
2026-02-08 23:00:00,19.1,12.402659222110692
2026-02-09 00:00:00,20.9,15.882308420210817
2026-02-09 01:00:00,21.2,19.194788602965595
2026-02-09 02:00:00,20.9,17.631253478625933
2026-02-09 03:00:00,21.2,20.129338432801973
2026-02-09 04:00:00,23.4,20.521588870105383
2026-02-09 05:00:00,24.5,20.69445922183006
2026-02-09 06:00:00,23.4,21.544618077341063
2026-02-09 07:00:00,23.4,22.444553580761085
2026-02-09 08:00:00,25.6,23.618215824357947
2026-02-09 09:00:00,26.6,23.476353526561986
2026-02-09 10:00:00,29.9,22.6959988423038
2026-02-09 11:00:00,34.6,27.323182016925315
2026-02-09 12:00:00,38.2,27.372687009812413
2026-02-09 13:00:00,40.3,30.522451358092955
2026-02-09 14:00:00,42.8,36.93491421082996
2026-02-09 15:00:00,40.7,41.7766588371628
2026-02-09 16:00:00,39.6,41.326277533118656
2026-02-09 17:00:00,38.2,40.33095356576716
2026-02-09 18:00:00,35.6,39.171625949455134
2026-02-09 19:00:00,36.0,36.01763714098352
2026-02-09 20:00:00,36.4,35.71662973097463
2026-02-09 21:00:00,36.7,34.69346706528345
2026-02-09 22:00:00,37.4,35.127756202189246
2026-02-09 23:00:00,36.7,35.41793981418161
2026-02-10 00:00:00,37.8,35.89206395298033
2026-02-10 01:00:00,38.2,36.102534809427794
2026-02-10 02:00:00,38.5,36.813708194530676
2026-02-10 03:00:00,39.6,38.28596391686445
2026-02-10 04:00:00,41.4,38.28737601706213
2026-02-10 05:00:00,43.9,39.28117060590922
2026-02-10 06:00:00,40.3,40.32450485361524
2026-02-10 07:00:00,37.4,40.422322531705404
2026-02-10 08:00:00,36.7,39.33767541374222
2026-02-10 09:00:00,36.0,37.60382656470843
2026-02-10 10:00:00,33.5,37.031099566002844
2026-02-10 11:00:00,31.3,34.70274045891796
2026-02-10 12:00:00,30.6,33.6102033708935
2026-02-10 13:00:00,32.0,32.34253552719756
2026-02-10 14:00:00,32.0,31.270809520399403
2026-02-10 15:00:00,33.8,31.509410742530825
2026-02-10 16:00:00,35.3,33.811378464992714
2026-02-10 17:00:00,32.0,32.787033362665255
2026-02-10 18:00:00,33.5,33.699036152315486
2026-02-10 19:00:00,34.9,34.52353695256048
2026-02-10 20:00:00,34.6,32.49778783899582
2026-02-10 21:00:00,32.8,33.104303182146715
2026-02-10 22:00:00,31.7,32.47423966420526
2026-02-10 23:00:00,28.4,31.604540302055213
2026-02-11 00:00:00,28.8,29.387565131330874
2026-02-11 01:00:00,27.7,29.98882087691596
2026-02-11 02:00:00,26.3,27.822577579004417
2026-02-11 03:00:00,24.1,27.229243983105356
2026-02-11 04:00:00,23.0,26.567174253148444
2026-02-11 05:00:00,23.0,23.230739204761704
2026-02-11 06:00:00,22.0,23.78753242248829
2026-02-11 07:00:00,22.3,23.256494692757755
2026-02-11 08:00:00,24.5,22.703838311682752
2026-02-11 09:00:00,23.4,22.284381169219635
2026-02-11 10:00:00,25.2,21.522921513110198
2026-02-11 11:00:00,23.8,23.684395884603205
2026-02-11 12:00:00,21.6,23.10497584319894
2026-02-11 13:00:00,21.2,23.368804592471413
2026-02-11 14:00:00,23.0,24.019380543743374
2026-02-11 15:00:00,27.0,22.32946802527235
2026-02-11 16:00:00,27.7,23.4023464417954
2026-02-11 17:00:00,29.2,22.698109710374574
2026-02-11 18:00:00,24.5,27.568665746909424
2026-02-11 19:00:00,25.6,26.139674119726685
2026-02-11 20:00:00,23.8,29.06015604259636
2026-02-11 21:00:00,24.8,25.206510856088038
2026-02-11 22:00:00,25.2,25.94204160595372
2026-02-11 23:00:00,22.7,24.332745305253184
2026-02-12 00:00:00,20.9,24.568873325627735
2026-02-12 01:00:00,22.0,25.37480539481293
2026-02-12 02:00:00,22.7,23.12559367535153
2026-02-12 03:00:00,25.9,21.79761908783494
2026-02-12 04:00:00,25.6,23.516402553283026
2026-02-12 05:00:00,25.6,21.824765804010834
2026-02-12 06:00:00,20.5,25.44786998854216
2026-02-12 07:00:00,21.2,24.02642190195571
2026-02-12 08:00:00,22.3,25.717174635913985
2026-02-12 09:00:00,22.3,21.30307432661217
2026-02-12 10:00:00,22.7,20.897487244996768
2026-02-12 11:00:00,25.9,22.11691574865459
2026-02-12 12:00:00,28.1,22.944471372052206
2026-02-12 13:00:00,26.6,22.995574422797667
2026-02-12 14:00:00,25.2,25.593734180669024
2026-02-12 15:00:00,25.6,27.105992610638417
2026-02-12 16:00:00,26.6,26.125778461961286
2026-02-12 17:00:00,26.3,25.467834658268444
2026-02-12 18:00:00,24.5,26.131683791055906
2026-02-12 19:00:00,28.1,26.531858134765777
2026-02-12 20:00:00,29.5,27.09353491406816
2026-02-12 21:00:00,32.4,25.98848248479014
2026-02-12 22:00:00,32.4,28.733170187724873
2026-02-12 23:00:00,33.1,28.990634861217167
2026-02-13 00:00:00,33.1,31.491105477476314
2026-02-13 01:00:00,32.0,31.255846951889794
2026-02-13 02:00:00,29.9,31.062717343743074
2026-02-13 03:00:00,27.0,31.07117718621004
2026-02-13 04:00:00,25.2,29.204222776425453
2026-02-13 05:00:00,23.4,26.57754271781297
2026-02-13 06:00:00,20.5,25.87147544606952
2026-02-13 07:00:00,17.6,24.431578996697002
2026-02-13 08:00:00,15.8,23.01883815787319
2026-02-13 09:00:00,20.5,20.450773782803267
2026-02-13 10:00:00,20.5,18.03218482533091
2026-02-13 11:00:00,17.3,16.18572582026535
2026-02-13 12:00:00,19.8,19.63429359878068
2026-02-13 13:00:00,23.0,20.912475205732903
2026-02-13 14:00:00,22.3,18.892075255814046
2026-02-13 15:00:00,21.2,20.31723550578954
2026-02-13 16:00:00,20.9,22.65623784165837
2026-02-13 17:00:00,19.8,22.69763378736571
2026-02-13 18:00:00,20.9,20.96314012427924
2026-02-13 19:00:00,19.4,21.18169071079769
2026-02-13 20:00:00,19.4,20.283852204257283
2026-02-13 21:00:00,20.9,20.832443408257582
2026-02-13 22:00:00,22.0,20.09942186894986
2026-02-13 23:00:00,21.6,19.860703767938322
2026-02-14 00:00:00,21.6,21.361947981768637
2026-02-14 01:00:00,22.3,21.778535207997678
2026-02-14 02:00:00,23.0,21.441726521378513
2026-02-14 03:00:00,23.4,21.707653948057406
2026-02-14 04:00:00,23.8,22.385196146930298
2026-02-14 05:00:00,24.8,22.514273284314886
2026-02-14 06:00:00,22.7,23.59525377058442
2026-02-14 07:00:00,21.2,23.442852895041085
2026-02-14 08:00:00,20.5,24.619962988955358
2026-02-14 09:00:00,20.5,22.882692069613718
2026-02-14 10:00:00,19.4,20.475952131294378
2026-02-14 11:00:00,18.7,20.57948737676481
2026-02-14 12:00:00,16.9,19.985863021913225
2026-02-14 13:00:00,14.0,18.921212015351866
2026-02-14 14:00:00,14.0,17.52647064698639
2026-02-14 15:00:00,16.2,18.127891131193294
2026-02-14 16:00:00,18.7,15.014790803168573
2026-02-14 17:00:00,18.0,15.297181012372807
2026-02-14 18:00:00,15.5,16.404123707513428
2026-02-14 19:00:00,15.5,18.325517288665765
2026-02-14 20:00:00,16.2,18.320143386694856
2026-02-14 21:00:00,15.1,16.12164142621961
2026-02-14 22:00:00,14.0,16.150516395722263
2026-02-14 23:00:00,14.8,16.090532114456014
2026-02-15 00:00:00,16.9,14.947369036633308
2026-02-15 01:00:00,19.1,14.897968814544658
2026-02-15 02:00:00,19.8,15.389927681067
2026-02-15 03:00:00,20.9,16.943204913973766
2026-02-15 04:00:00,21.6,19.606304582763798
2026-02-15 05:00:00,21.2,18.705854974047412
2026-02-15 06:00:00,20.2,20.314390610214666
2026-02-15 07:00:00,19.8,20.41606659413236
2026-02-15 08:00:00,18.4,20.574607483317084
2026-02-15 09:00:00,17.3,19.230458513499634
2026-02-15 10:00:00,16.9,18.607026066717857
2026-02-15 11:00:00,16.6,17.30719993803338
2026-02-15 12:00:00,14.4,16.109485178196184
2026-02-15 13:00:00,12.2,16.50623298061577
2026-02-15 14:00:00,13.0,16.743977618344587
2026-02-15 15:00:00,13.7,15.419221181261312
2026-02-15 16:00:00,14.0,13.377035653842018
2026-02-15 17:00:00,14.4,13.752210964590287
2026-02-15 18:00:00,15.1,15.302865578847866
2026-02-15 19:00:00,16.9,15.40923127640713
2026-02-15 20:00:00,19.8,16.318260820673764
2026-02-15 21:00:00,20.9,16.275883713320077
2026-02-15 22:00:00,20.9,17.31902664398313
2026-02-15 23:00:00,23.0,20.00236578804524
2026-02-16 00:00:00,24.5,21.46831530841063
2026-02-16 01:00:00,24.8,21.802705093065303
2026-02-16 02:00:00,25.2,23.233692405300285
2026-02-16 03:00:00,25.2,24.420714039985494
2026-02-16 04:00:00,24.8,24.501200585174203
2026-02-16 05:00:00,24.5,24.088093521103875
2026-02-16 06:00:00,22.3,24.77757237075229
2026-02-16 07:00:00,23.4,22.996500757026794
2026-02-16 08:00:00,24.5,23.54198871783528
2026-02-16 09:00:00,23.0,22.224160707355963
2026-02-16 10:00:00,20.5,21.82277556702592
2026-02-16 11:00:00,18.7,22.383847872915535
2026-02-16 12:00:00,15.1,22.341048043309947
2026-02-16 13:00:00,13.7,18.035255717699165
2026-02-16 14:00:00,14.8,20.48055148733816
2026-02-16 15:00:00,16.9,15.616996828041547
2026-02-16 16:00:00,17.3,15.119844813558505
2026-02-16 17:00:00,18.0,15.587314091784078
2026-02-16 18:00:00,21.2,18.29195007484121
2026-02-16 19:00:00,25.2,19.406720084758923
2026-02-16 20:00:00,27.0,21.369303820998923
2026-02-16 21:00:00,26.6,21.1859771962947
2026-02-16 22:00:00,25.9,24.8248075713254
2026-02-16 23:00:00,25.2,25.707910097814732
2026-02-17 00:00:00,25.2,25.839920138879798
2026-02-17 01:00:00,24.5,25.176910227151552
2026-02-17 02:00:00,24.8,24.811908518743106
2026-02-17 03:00:00,24.5,24.92187488255725
2026-02-17 04:00:00,22.7,24.284211925435457
2026-02-17 05:00:00,21.2,22.97115398282941
2026-02-17 06:00:00,18.0,23.969235672986702
2026-02-17 07:00:00,19.8,21.466728115425372
2026-02-17 08:00:00,22.3,21.101520188787884
2026-02-17 09:00:00,23.8,18.640441395139433
2026-02-17 10:00:00,24.5,19.473788646642056
2026-02-17 11:00:00,23.4,21.26176786801821
2026-02-17 12:00:00,22.3,22.45459687153398
2026-02-17 13:00:00,20.5,23.14882887010365
2026-02-17 14:00:00,18.7,22.810224000897087
2026-02-17 15:00:00,18.0,22.403607735832445
2026-02-17 16:00:00,19.1,21.13665852882948
2026-02-17 17:00:00,20.9,19.314245287777034
2026-02-17 18:00:00,24.1,19.680871027805118
2026-02-17 19:00:00,27.4,21.2194232661819
2026-02-17 20:00:00,28.8,22.706656398111722
2026-02-17 21:00:00,31.3,25.45320639281928
2026-02-17 22:00:00,32.8,29.409913340143518
2026-02-17 23:00:00,33.8,28.61608769949482
2026-02-18 00:00:00,34.6,30.818648286522894
2026-02-18 01:00:00,33.5,32.02369062097032
2026-02-18 02:00:00,33.1,32.39473510567261
2026-02-18 03:00:00,32.4,32.59366014157007
2026-02-18 04:00:00,31.7,31.582629682868657
2026-02-18 05:00:00,31.0,30.50318110176603
2026-02-18 06:00:00,29.2,31.372264517145204
2026-02-18 07:00:00,30.2,29.671185406302385
2026-02-18 08:00:00,31.7,30.012759524371738
2026-02-18 09:00:00,32.4,29.62619722054314
2026-02-18 10:00:00,32.0,30.67571665292995
2026-02-18 11:00:00,32.0,30.856599100453252
2026-02-18 12:00:00,31.0,31.599644636808073
2026-02-18 13:00:00,29.5,31.246725119562075
2026-02-18 14:00:00,27.7,30.131883414221345
2026-02-18 15:00:00,26.3,29.55542844849783
2026-02-18 16:00:00,27.7,28.448029177251772
2026-02-18 17:00:00,29.9,27.892369479151412
2026-02-18 18:00:00,30.6,28.86088071446877
2026-02-18 19:00:00,29.9,28.838524003138836
2026-02-18 20:00:00,32.4,30.902310199882606
2026-02-18 21:00:00,34.2,30.94602295809029
2026-02-18 22:00:00,35.6,31.538386240937257
2026-02-18 23:00:00,36.7,32.9592666108353
2026-02-19 00:00:00,35.3,34.99242403987881
2026-02-19 01:00:00,34.2,34.69215794792289
2026-02-19 02:00:00,33.5,35.30236108567745
2026-02-19 03:00:00,34.2,33.703494593139524
2026-02-19 04:00:00,35.3,33.67515636279804
2026-02-19 05:00:00,37.4,32.15212612467042
2026-02-19 06:00:00,36.0,36.34893584772949
2026-02-19 07:00:00,37.4,35.34334791227125
2026-02-19 08:00:00,20.5,34.64504528495482
2026-02-19 09:00:00,21.6,28.623097035534183
2026-02-19 10:00:00,21.6,31.55894968505798
2026-02-19 11:00:00,22.0,20.236380739829023
2026-02-19 12:00:00,22.7,21.346308271034566
2026-02-19 13:00:00,20.2,21.23042360595872
2026-02-19 14:00:00,19.4,21.583300104933798
2026-02-19 15:00:00,14.8,23.58890789739475
2026-02-19 16:00:00,14.0,16.972346159171515
2026-02-19 17:00:00,15.5,19.446654478469537
2026-02-19 18:00:00,17.6,16.97067066194505
2026-02-19 19:00:00,18.0,17.595624114378037
2026-02-19 20:00:00,18.0,17.284122577096603
2026-02-19 21:00:00,17.3,18.623986248297154
2026-02-19 22:00:00,16.9,19.05684267933112
2026-02-19 23:00:00,17.6,18.048808262990647
2026-02-20 00:00:00,16.6,17.323393384086565
2026-02-20 01:00:00,15.5,16.560422308626258
2026-02-20 02:00:00,14.8,16.90010149603136
2026-02-20 03:00:00,14.8,16.031368868713336
2026-02-20 04:00:00,16.2,15.563992132651558
2026-02-20 05:00:00,16.6,14.929558469563307
2026-02-20 06:00:00,14.4,14.980805915418799
2026-02-20 07:00:00,11.9,16.05300791076509
2026-02-20 08:00:00,11.2,16.1077245733349
2026-02-20 09:00:00,12.6,14.401107265973744
2026-02-20 10:00:00,12.2,12.48836262254215
2026-02-20 11:00:00,14.0,12.253954426595492
2026-02-20 12:00:00,16.6,12.925063094341088
2026-02-20 13:00:00,14.4,13.939369868919904
2026-02-20 14:00:00,10.4,14.442830074519243
2026-02-20 15:00:00,10.4,15.90322572887213
2026-02-20 16:00:00,11.5,15.663332081633037
2026-02-20 17:00:00,11.2,9.947706288447876
2026-02-20 18:00:00,10.1,10.429548965606177
2026-02-20 19:00:00,9.0,11.910527293585751
2026-02-20 20:00:00,16.9,12.266553987115017
2026-02-20 21:00:00,19.8,13.416699608541201
2026-02-20 22:00:00,21.6,11.339958876139285
2026-02-20 23:00:00,23.0,15.992467531590382
2026-02-21 00:00:00,23.0,20.686697791971728
2026-02-21 01:00:00,20.9,21.416819495072012
2026-02-21 02:00:00,14.8,20.749397975970172
2026-02-21 03:00:00,11.5,18.05890948578913
2026-02-21 04:00:00,11.5,17.68030616378349
2026-02-21 05:00:00,10.8,14.921795175463892
2026-02-21 06:00:00,11.5,12.347128182531835
2026-02-21 07:00:00,13.7,12.236861572359718
2026-02-21 08:00:00,22.3,12.539500681129441
2026-02-21 09:00:00,25.6,17.292328616828787
2026-02-21 10:00:00,24.8,15.004949860650456
2026-02-21 11:00:00,22.3,20.84923938523486
2026-02-21 12:00:00,21.2,22.551337658708178
2026-02-21 13:00:00,20.5,22.036059056426865
2026-02-21 14:00:00,20.5,21.60298212218841
2026-02-21 15:00:00,19.1,20.458920787310987
2026-02-21 16:00:00,16.6,21.024140371943577
2026-02-21 17:00:00,17.3,20.20102825572517
2026-02-21 18:00:00,19.1,18.953182766884098
2026-02-21 19:00:00,22.3,17.827027359107024
2026-02-21 20:00:00,23.4,18.71399980687702
2026-02-21 21:00:00,28.8,19.476735501495455
2026-02-21 22:00:00,30.6,26.602196017951368
2026-02-21 23:00:00,29.5,24.796023292043994
2026-02-22 00:00:00,27.0,27.115571793865527
2026-02-22 01:00:00,26.6,27.8457898422103
2026-02-22 02:00:00,27.4,28.656821389276008
2026-02-22 03:00:00,27.7,26.777478480260907
2026-02-22 04:00:00,28.8,26.35380954243388
2026-02-22 05:00:00,30.6,26.17305388601804
2026-02-22 06:00:00,31.0,28.65469591602627
2026-02-22 07:00:00,31.3,28.727436322852544
2026-02-22 08:00:00,31.3,30.65200348720636
2026-02-22 09:00:00,31.7,30.856930188188894
2026-02-22 10:00:00,31.3,31.610467471252072
2026-02-22 11:00:00,32.8,32.00919021450306
2026-02-22 12:00:00,34.9,32.409260966328006
2026-02-22 13:00:00,33.8,30.756595015353618
2026-02-22 14:00:00,35.3,31.978341735350973
2026-02-22 15:00:00,33.5,33.02005913190881
2026-02-22 16:00:00,27.4,31.646360639314963
2026-02-22 17:00:00,24.8,28.172274018234383
2026-02-22 18:00:00,25.6,30.597591081972134
2026-02-22 19:00:00,25.6,26.998109977579723
2026-02-22 20:00:00,22.3,25.19873733610006
2026-02-22 21:00:00,19.1,23.936196868171265
2026-02-22 22:00:00,13.7,23.863638125399532
2026-02-22 23:00:00,11.2,17.37385823077971
2026-02-23 00:00:00,11.2,17.052334536661107
2026-02-23 01:00:00,12.2,13.561938842918245
2026-02-23 02:00:00,13.0,12.075161745142196
2026-02-23 03:00:00,13.0,12.433642585346638
2026-02-23 04:00:00,12.2,12.59307435462889
2026-02-23 05:00:00,11.9,13.203578197550492
2026-02-23 06:00:00,13.3,13.749226737691409
2026-02-23 07:00:00,14.8,13.952224047846794
2026-02-23 08:00:00,14.8,12.409388811680492
2026-02-23 09:00:00,15.8,13.360704650602806
2026-02-23 10:00:00,17.6,15.058233246435387
2026-02-23 11:00:00,17.6,15.007294824460011
2026-02-23 12:00:00,13.3,15.422231701866496
2026-02-23 13:00:00,14.0,15.889599078739426
2026-02-23 14:00:00,14.0,18.758374894795693
2026-02-23 15:00:00,13.3,14.70175112954464
2026-02-23 16:00:00,16.2,15.400123761337419
2026-02-23 17:00:00,11.5,15.480818271967816
2026-02-23 18:00:00,9.7,14.385052694636663
2026-02-23 19:00:00,12.6,16.64965991494043
2026-02-23 20:00:00,13.0,12.777419104199133
2026-02-23 21:00:00,17.3,10.501968720937382
2026-02-23 22:00:00,23.8,14.096175764923103
2026-02-23 23:00:00,24.8,16.548944461723803
2026-02-24 00:00:00,24.1,18.54451608243735
2026-02-24 01:00:00,24.1,23.761312516676956
2026-02-24 02:00:00,23.8,24.037513140914584
2026-02-24 03:00:00,23.0,24.1202999153939
2026-02-24 04:00:00,23.8,22.599327745352095
2026-02-24 05:00:00,24.5,21.47943562457761
2026-02-24 06:00:00,24.1,22.401785419741785
2026-02-24 07:00:00,23.4,22.896567346696216
2026-02-24 08:00:00,23.4,23.58617716123745
2026-02-24 09:00:00,23.0,22.749403438245018
2026-02-24 10:00:00,20.2,21.903361987287262
2026-02-24 11:00:00,17.3,21.699342672849916
2026-02-24 12:00:00,15.8,21.211315139589544
2026-02-24 13:00:00,14.0,19.243120535501703
2026-02-24 14:00:00,13.7,18.218423091357025
2026-02-24 15:00:00,14.4,17.44986191183797
2026-02-24 16:00:00,17.3,14.548422362117858
2026-02-24 17:00:00,19.8,13.656202802780012
2026-02-24 18:00:00,21.6,15.419835999840746
2026-02-24 19:00:00,24.1,17.795737659391257
2026-02-24 20:00:00,22.7,20.830945631973574
2026-02-24 21:00:00,22.0,21.543959522686812
2026-02-24 22:00:00,20.2,23.72015213836189
2026-02-24 23:00:00,18.4,22.592834880464316
2026-02-25 00:00:00,17.3,20.9845053392609
2026-02-25 01:00:00,16.9,20.057171985879904
2026-02-25 02:00:00,16.6,18.431616972970083
2026-02-25 03:00:00,16.6,16.8897801820091
2026-02-25 04:00:00,16.6,16.319068228820782
2026-02-25 05:00:00,15.8,15.739016515650182
2026-02-25 06:00:00,15.8,16.550632687200036
2026-02-25 07:00:00,15.8,16.03698317734161
2026-02-25 08:00:00,15.5,15.70786038348853
2026-02-25 09:00:00,14.8,15.580022971374628
2026-02-25 10:00:00,13.3,15.725468524245567
2026-02-25 11:00:00,12.2,14.943961071103383
2026-02-25 12:00:00,13.7,15.026677985058011
2026-02-25 13:00:00,14.8,14.042900150579339
2026-02-25 14:00:00,15.5,13.252351194810728
2026-02-25 15:00:00,18.4,15.388733268658186
2026-02-25 16:00:00,19.1,16.929300714497828
2026-02-25 17:00:00,19.4,15.423565515058424
2026-02-25 18:00:00,16.6,18.669988576278357
2026-02-25 19:00:00,15.8,19.748431409312392
2026-02-25 20:00:00,23.0,20.583732063638273
2026-02-25 21:00:00,27.7,18.74480804708608
2026-02-25 22:00:00,25.9,18.949464135730345
2026-02-25 23:00:00,23.0,22.369666753353933
2026-02-26 00:00:00,21.6,25.540690409920014
2026-02-26 01:00:00,20.5,24.129051452082294
2026-02-26 02:00:00,19.8,23.159003960890992
2026-02-26 03:00:00,17.6,20.727058579573193
2026-02-26 04:00:00,16.2,19.605903573914645
2026-02-26 05:00:00,18.0,19.26532467439108
2026-02-26 06:00:00,22.7,17.751272144174628
2026-02-26 07:00:00,24.8,19.298768753022188
2026-02-26 08:00:00,25.2,18.790520280125946
2026-02-26 09:00:00,25.6,22.373929972712144
2026-02-26 10:00:00,24.1,24.14153659881883
2026-02-26 11:00:00,23.0,23.68390331904242
2026-02-26 12:00:00,20.9,24.301082467222024
2026-02-26 13:00:00,19.4,21.93573352109915
2026-02-26 14:00:00,19.1,21.434467005862032
2026-02-26 15:00:00,19.1,20.83717623481467
2026-02-26 16:00:00,21.6,19.5367355516304
2026-02-26 17:00:00,22.7,19.965464147287186
2026-02-26 18:00:00,22.3,20.145916763482617
2026-02-26 19:00:00,23.8,21.730257873536985
2026-02-26 20:00:00,24.8,22.885354937385667
2026-02-26 21:00:00,24.5,23.018462243143368
2026-02-26 22:00:00,24.8,23.771696298755735
2026-02-26 23:00:00,23.8,24.671020115332706
2026-02-27 00:00:00,20.9,23.847514059153404
2026-02-27 01:00:00,17.6,23.52038713516614
2026-02-27 02:00:00,15.8,21.499684815942935
2026-02-27 03:00:00,15.8,19.529935111321684
2026-02-27 04:00:00,17.3,16.915635990971914
2026-02-27 05:00:00,17.3,16.043883898006815
2026-02-27 06:00:00,16.9,16.3075053449583
2026-02-27 07:00:00,16.2,16.902837183990684
2026-02-27 08:00:00,16.9,16.621527280540867
2026-02-27 09:00:00,17.6,16.430745189006352
2026-02-27 10:00:00,17.6,16.072321406949047
2026-02-27 11:00:00,17.3,16.31606799546549
2026-02-27 12:00:00,15.5,16.733609395050436
2026-02-27 13:00:00,14.0,17.147571921918562
2026-02-27 14:00:00,13.0,18.107024755929054
2026-02-27 15:00:00,13.0,16.943053876428955
2026-02-27 16:00:00,11.2,14.25266806478567
2026-02-27 17:00:00,11.5,13.134191112581433
2026-02-27 18:00:00,11.5,13.890389294702588
2026-02-27 19:00:00,13.7,12.323933221966255
2026-02-27 20:00:00,18.0,13.595938365091254
2026-02-27 21:00:00,19.4,14.862668769026008
2026-02-27 22:00:00,22.0,14.614688425322857
2026-02-27 23:00:00,21.6,18.608924418833013
2026-02-28 00:00:00,20.5,18.896373516046374
2026-02-28 01:00:00,19.8,22.242079959653154
2026-02-28 02:00:00,21.2,20.868362416715172
2026-02-28 03:00:00,19.1,20.599862356820587
2026-02-28 04:00:00,16.9,19.485382840733457
2026-02-28 05:00:00,15.1,20.161242785476595
2026-02-28 06:00:00,13.3,18.147086910710357
2026-02-28 07:00:00,12.6,16.292016462959204
2026-02-28 08:00:00,16.2,16.28697782246779
2026-02-28 09:00:00,17.3,14.885917303500854
2026-02-28 10:00:00,16.2,12.61681547999829
2026-02-28 11:00:00,17.3,15.731744078595753
2026-02-28 12:00:00,18.4,16.75229592991532
2026-02-28 13:00:00,18.0,16.11018847175119
2026-02-28 14:00:00,16.2,17.399763516893188
2026-02-28 15:00:00,19.4,18.98069574488421
2026-02-28 16:00:00,20.9,19.010298906854764
2026-02-28 17:00:00,22.3,16.220260710681796
2026-02-28 18:00:00,21.2,19.651457225302515
2026-02-28 19:00:00,20.2,21.640678800500524
2026-02-28 20:00:00,22.3,21.4056782423245
2026-02-28 21:00:00,25.6,22.060577721625926
2026-02-28 22:00:00,26.6,21.063618182199818
2026-02-28 23:00:00,25.6,22.39095108907777
2026-03-01 00:00:00,21.6,25.024364541430025
2026-03-01 01:00:00,19.4,23.592557801954186
2026-03-01 02:00:00,15.5,23.932093728496582
2026-03-01 03:00:00,14.8,18.79063028742097
2026-03-01 04:00:00,14.0,18.894715366767436
2026-03-01 05:00:00,13.3,14.681421837554911
2026-03-01 06:00:00,12.2,14.992143156242737
2026-03-01 07:00:00,12.6,13.702884741776149
2026-03-01 08:00:00,13.7,13.512154508316456
2026-03-01 09:00:00,10.4,12.92101489471503
2026-03-01 10:00:00,6.8,11.989287584224735
2026-03-01 11:00:00,6.1,11.881100444242023
2026-03-01 12:00:00,9.0,11.994736269749648
2026-03-01 13:00:00,11.2,9.343509730998985
2026-03-01 14:00:00,11.5,7.271404641591819
2026-03-01 15:00:00,12.2,9.92623407439541
2026-03-01 16:00:00,0.76,11.991554125028138
2026-03-01 17:00:00,0.54,8.305146312402286
2026-03-01 18:00:00,0.14,12.11570121868375
2026-03-01 19:00:00,0.14,3.9626015904047343
2026-03-01 20:00:00,0.04,4.553686891108166
2026-03-01 21:00:00,0.05,4.242147581396397
2026-03-01 22:00:00,0.08,4.671407446976657
2026-03-01 23:00:00,0.12,4.2941545690109875
2026-03-02 00:00:00,0.15,4.108366472411313
2026-03-02 01:00:00,0.02,4.219622343323698
2026-03-02 02:00:00,0.3,4.475770195225223
2026-03-02 03:00:00,0.06,4.046660393410631
2026-03-02 04:00:00,0.25,4.689910050827383
2026-03-02 05:00:00,0.35,4.795660394404367
2026-03-02 06:00:00,0.44,4.243247559467376
2026-03-02 07:00:00,0.17,4.334105471918497
2026-03-02 08:00:00,1.38,4.607791177630736
2026-03-02 09:00:00,2.19,4.560378411019186
2026-03-02 10:00:00,2.32,4.708442529852677
2026-03-02 11:00:00,2.31,4.583913049764055
2026-03-02 12:00:00,13.3,4.069413838277608
2026-03-02 13:00:00,2.0,11.55753321204295
2026-03-02 14:00:00,2.55,6.895038036198574
2026-03-02 15:00:00,2.6,12.944393149836813
2026-03-02 16:00:00,2.52,4.826786511426747
2026-03-02 17:00:00,1.9,5.679179376767421
2026-03-02 18:00:00,1.78,5.137636293992761
2026-03-02 19:00:00,0.65,5.5932434142306535
2026-03-02 20:00:00,0.99,4.628916935324755
2026-03-02 21:00:00,1.13,4.409978393683589
2026-03-02 22:00:00,15.5,4.1628296952553345
2026-03-02 23:00:00,1.82,10.612357549649673
2026-03-03 00:00:00,1.13,7.573937337892325
2026-03-03 01:00:00,0.17,12.123747951715488
2026-03-03 02:00:00,0.38,3.8119068839677483
2026-03-03 03:00:00,0.06,3.954945852777361
2026-03-03 04:00:00,0.2,3.5838059268721647
2026-03-03 05:00:00,0.2,4.152011242731952
2026-03-03 06:00:00,0.27,3.8319167855171354
2026-03-03 07:00:00,0.59,4.351228908755337
2026-03-03 08:00:00,1.35,4.236291670821816
2026-03-03 09:00:00,1.79,4.232939993897123
2026-03-03 10:00:00,1.79,4.278795954454903
2026-03-03 11:00:00,1.88,5.159112699813795
2026-03-03 12:00:00,2.28,5.247363984706086
2026-03-03 13:00:00,2.3,3.993572491195688
2026-03-03 14:00:00,2.08,3.801152613608558
2026-03-03 15:00:00,2.16,4.356548303876285
2026-03-03 16:00:00,22.2,5.348168800512544
2026-03-03 17:00:00,0.0,16.076206893010905
2026-03-03 18:00:00,22.4,11.5492357248853
2026-03-03 19:00:00,22.6,17.750613095096675
2026-03-03 20:00:00,22.7,11.333107031397311
2026-03-03 21:00:00,0.55,21.95169450888599
2026-03-03 22:00:00,0.75,13.88387074925507
2026-03-03 23:00:00,0.47,16.907463565855362
2026-03-04 00:00:00,0.82,5.845702525061199
2026-03-04 01:00:00,0.24,6.26289352853666
2026-03-04 02:00:00,1.22,6.124930574571012
2026-03-04 03:00:00,0.31,5.909783661464509
2026-03-04 04:00:00,0.09,5.842121967085241
2026-03-04 05:00:00,0.76,6.22467595494366
2026-03-04 06:00:00,0.29,6.143249486170316
2026-03-04 07:00:00,1.62,7.2954008888594615
2026-03-04 08:00:00,2.0,6.3385954648677405
2026-03-04 09:00:00,2.68,7.46257275337827
2026-03-04 10:00:00,2.84,5.843768714417948
2026-03-04 11:00:00,2.04,5.266391054389817
2026-03-04 12:00:00,26.6,7.174119689623815
2026-03-04 13:00:00,27.7,15.668563133623513
2026-03-04 14:00:00,2.18,13.383264274682968
2026-03-04 15:00:00,3.04,16.890243908591295
2026-03-04 16:00:00,2.52,18.594043771215407
2026-03-04 17:00:00,2.66,5.685456296187084
2026-03-04 18:00:00,1.46,6.407093256845442
2026-03-04 19:00:00,1.15,6.659189754538044
2026-03-04 20:00:00,1.34,6.690038739616428
2026-03-04 21:00:00,2.06,5.865748475843637
2026-03-04 22:00:00,2.33,5.725725665220859
2026-03-04 23:00:00,1.83,5.0085994517727315
2026-03-05 00:00:00,1.74,5.110896339956891
2026-03-05 01:00:00,0.93,4.981279032585164
2026-03-05 02:00:00,0.1,5.283365013199379
2026-03-05 03:00:00,0.09,4.433579077078933
2026-03-05 04:00:00,0.11,4.5272429809458
2026-03-05 05:00:00,0.7,4.339989120817147
2026-03-05 06:00:00,0.64,4.787687365835413
2026-03-05 07:00:00,1.07,4.929773647604136
2026-03-05 08:00:00,1.86,5.017433606763529
2026-03-05 09:00:00,2.47,4.43263571649444
2026-03-05 10:00:00,2.36,4.449196761204046
2026-03-05 11:00:00,2.42,4.297205840582853
2026-03-05 12:00:00,2.69,4.356963255565585
2026-03-05 13:00:00,2.32,3.951384188814055
2026-03-05 14:00:00,2.41,4.155646437478943
2026-03-05 15:00:00,1.67,4.7568983260863344
2026-03-05 16:00:00,1.73,5.15251797248611
2026-03-05 17:00:00,1.3,5.195566897314132
2026-03-05 18:00:00,0.36,5.313662924669082
2026-03-05 19:00:00,0.33,5.600528312035674
2026-03-05 20:00:00,0.22,5.390728393099041
2026-03-05 21:00:00,0.47,5.498742246958349
2026-03-05 22:00:00,0.38,5.63862427156435
2026-03-05 23:00:00,0.32,6.035181129663249
2026-03-06 00:00:00,0.62,6.4353729963722826
2026-03-06 01:00:00,0.76,5.489050948968175
2026-03-06 02:00:00,0.62,5.214476918081813
2026-03-06 03:00:00,0.26,4.6651971809119805
2026-03-06 04:00:00,0.08,5.193020535739821
2026-03-06 05:00:00,0.18,4.6616225693806275
2026-03-06 06:00:00,0.31,4.739638391798358
2026-03-06 07:00:00,0.09,4.695311660529017
2026-03-06 08:00:00,0.92,4.501131514976113
2026-03-06 09:00:00,1.35,4.433842635647486
2026-03-06 10:00:00,2.26,4.816294684169214
2026-03-06 11:00:00,2.06,4.64078719721285
2026-03-06 12:00:00,2.52,5.054879772492862
2026-03-06 13:00:00,2.44,4.7912942213123095
2026-03-06 14:00:00,2.11,4.289294456243401
2026-03-06 15:00:00,1.84,4.8417146317542255
2026-03-06 16:00:00,2.07,4.72345601429031
2026-03-06 17:00:00,2.12,4.155779589150128
2026-03-06 18:00:00,1.79,4.640846861591822
2026-03-06 19:00:00,0.87,5.941514241912994
2026-03-06 20:00:00,0.97,6.031418977357893
2026-03-06 21:00:00,2.27,5.818047117006473
2026-03-06 22:00:00,1.92,5.722382888485625
2026-03-06 23:00:00,0.33,6.022054811602832
2026-03-07 00:00:00,0.1,5.634023399765081
2026-03-07 01:00:00,0.15,5.4730857703115126
2026-03-07 02:00:00,0.3,5.242293290454651
2026-03-07 03:00:00,0.55,4.894053574745051
2026-03-07 04:00:00,0.91,4.4468718008055585
2026-03-07 05:00:00,0.74,5.061241785831056
2026-03-07 06:00:00,1.22,5.538193192846716
2026-03-07 07:00:00,1.41,6.61934382066047
2026-03-07 08:00:00,2.47,6.930189774785077
2026-03-07 09:00:00,2.46,6.743822193484433
2026-03-07 10:00:00,2.86,6.17736153899747
2026-03-07 11:00:00,2.5,6.009488908168358
2026-03-07 12:00:00,2.98,5.854121187804299
2026-03-07 13:00:00,2.95,5.875264281502872
2026-03-07 14:00:00,3.75,6.361296291356931
2026-03-07 15:00:00,2.82,6.794870156202042
2026-03-07 16:00:00,2.28,6.8118496288130395
2026-03-07 17:00:00,1.22,6.529784643830075
2026-03-07 18:00:00,0.97,6.904974289613355
2026-03-07 19:00:00,1.01,6.251822541500465
2026-03-07 20:00:00,0.86,5.690753409186771
2026-03-07 21:00:00,0.94,6.144165307574207
2026-03-07 22:00:00,1.07,7.308013124807582
2026-03-07 23:00:00,1.09,7.218919670668315
2026-03-08 00:00:00,0.73,6.821288417081497
2026-03-08 01:00:00,0.66,6.249338335976917
2026-03-08 02:00:00,0.61,5.806584009836845
2026-03-08 03:00:00,0.63,5.211948764201779
2026-03-08 04:00:00,0.73,5.026188792673241
2026-03-08 05:00:00,0.67,5.278483301944545
2026-03-08 06:00:00,0.55,4.85139192935457
2026-03-08 07:00:00,1.01,4.453250215052817
2026-03-08 08:00:00,1.46,4.720178698808869
2026-03-08 09:00:00,29.0,7.298352773785581
2026-03-08 10:00:00,4.54,15.021239476478382
2026-03-08 11:00:00,6.13,10.793461762719552
2026-03-08 12:00:00,6.84,18.589570214102466
2026-03-08 13:00:00,6.84,5.172596263840013
2026-03-08 14:00:00,6.84,7.58008424042311
2026-03-08 15:00:00,6.84,8.362651168951317
2026-03-08 16:00:00,6.84,8.270802691630509
2026-03-08 17:00:00,6.84,8.670809784417221
2026-03-08 18:00:00,6.84,8.461984549505132
2026-03-08 19:00:00,6.84,8.337019436826825
2026-03-08 20:00:00,6.84,8.25153435740861
2026-03-08 21:00:00,6.84,8.153533630682114
2026-03-08 22:00:00,6.84,8.321152104907025
2026-03-08 23:00:00,6.84,8.733689025199235
2026-03-09 00:00:00,6.84,8.509060018949896
2026-03-09 01:00:00,6.84,8.325853016749344
2026-03-09 02:00:00,6.84,8.048117400944205
2026-03-09 03:00:00,6.84,8.395553058897752
2026-03-09 04:00:00,6.84,8.61663415310556
2026-03-09 05:00:00,6.84,8.155951994280036
2026-03-09 06:00:00,6.84,7.838571128744129
2026-03-09 07:00:00,6.84,6.6992056859766755
2026-03-09 08:00:00,6.84,7.485729018738132
2026-03-09 09:00:00,6.84,8.392407905104719
2026-03-09 10:00:00,6.84,8.431040516785409
2026-03-09 11:00:00,32.4,8.990678579936828
2026-03-09 12:00:00,31.3,18.1740345386645
2026-03-09 13:00:00,13.68,17.649832068034808
2026-03-09 14:00:00,13.68,24.998414895440835
2026-03-09 15:00:00,13.68,22.58886344699274
2026-03-09 16:00:00,13.68,14.627129513879408
2026-03-09 17:00:00,13.68,14.712380564018067
2026-03-09 18:00:00,1.75,14.164102177856163
2026-03-09 19:00:00,30.0,11.96019880309007
2026-03-09 20:00:00,29.2,18.00134238009045
2026-03-09 21:00:00,29.2,14.812166650178344
2026-03-09 22:00:00,29.2,27.547213089066364
2026-03-09 23:00:00,29.2,27.389916811077736
2026-03-10 00:00:00,27.5,26.97102779337005
2026-03-10 01:00:00,25.8,27.467102340482207
2026-03-10 02:00:00,24.1,26.374087738303185
2026-03-10 03:00:00,24.0,25.762030803492507
2026-03-10 04:00:00,23.9,24.765391504917496
2026-03-10 05:00:00,23.8,23.050862104327397
2026-03-10 06:00:00,23.6,23.463605679019214
2026-03-10 07:00:00,1.89,24.362292680715242
2026-03-10 08:00:00,1.89,14.03792101163344
2026-03-10 09:00:00,1.78,17.12765402764667
2026-03-10 10:00:00,2.16,6.73147034020794
2026-03-10 11:00:00,2.69,6.500445046009318
2026-03-10 12:00:00,2.55,6.203081161997355
2026-03-10 13:00:00,2.32,7.330699292433266
2026-03-10 14:00:00,2.21,7.851654573662817
2026-03-10 15:00:00,2.37,7.429732471816077
2026-03-10 16:00:00,2.07,7.363382320163286
2026-03-10 17:00:00,1.71,7.407714259696464
2026-03-10 18:00:00,1.65,7.607425916666835
2026-03-10 19:00:00,1.79,7.945294828594367
2026-03-10 20:00:00,2.1,7.47773133100932
2026-03-10 21:00:00,1.87,7.4770092198147875
2026-03-10 22:00:00,1.72,7.899431904023048
2026-03-10 23:00:00,1.7,7.659846196435371
2026-03-11 00:00:00,1.7,7.533723060639881
2026-03-11 01:00:00,1.5,7.544782806972112
2026-03-11 02:00:00,1.59,7.55064537330213
2026-03-11 03:00:00,17.6,5.7874742081392405
2026-03-11 04:00:00,18.7,12.833175007523899
2026-03-11 05:00:00,19.8,9.913588787963462
2026-03-11 06:00:00,21.1,17.271079237401025
2026-03-11 07:00:00,22.4,19.151720543332424
2026-03-11 08:00:00,23.8,19.328510771454564
2026-03-11 09:00:00,24.8,20.299179835973305
2026-03-11 10:00:00,25.9,22.220382064631323
2026-03-11 11:00:00,27.0,23.643832394912103
2026-03-11 12:00:00,27.5,23.889268943338166
2026-03-11 13:00:00,28.0,24.940730638058213
2026-03-11 14:00:00,28.4,26.71727277524466
2026-03-11 15:00:00,29.4,26.80607396622556
2026-03-11 16:00:00,30.4,27.698078909809
2026-03-11 17:00:00,31.3,27.72232275920485
2026-03-11 18:00:00,31.4,28.66350384229353
2026-03-11 19:00:00,31.6,29.7427903750091
2026-03-11 20:00:00,31.7,30.477958605215818
2026-03-11 21:00:00,31.3,30.347728727340808
2026-03-11 22:00:00,31.0,30.120620499054994
2026-03-11 23:00:00,30.6,30.06121839828191
2026-03-12 00:00:00,29.2,29.435533985949355
2026-03-12 01:00:00,27.7,28.25438685210196
2026-03-12 02:00:00,26.3,28.38913380875907
2026-03-12 03:00:00,26.6,27.516157865721333
2026-03-12 04:00:00,27.0,26.972666267406908
2026-03-12 05:00:00,27.4,25.38767791831178
2026-03-12 06:00:00,27.5,26.673015290986307
2026-03-12 07:00:00,27.6,26.755011403079106
2026-03-12 08:00:00,27.7,27.173165309779126
2026-03-12 09:00:00,27.1,27.038356589128007
2026-03-12 10:00:00,26.5,26.910915116640517
2026-03-12 11:00:00,25.9,27.02661426431699
2026-03-12 12:00:00,25.6,25.840961074343554
2026-03-12 13:00:00,25.2,25.92331084545312
2026-03-12 14:00:00,24.8,25.1330196404859
2026-03-12 15:00:00,26.6,25.580211344389333
2026-03-12 16:00:00,28.4,25.40667267662136
2026-03-12 17:00:00,30.2,25.08647836852414
2026-03-12 18:00:00,29.8,27.071598343699137
2026-03-12 19:00:00,29.3,28.209417829581053
2026-03-12 20:00:00,28.8,29.20557186198515
2026-03-12 21:00:00,28.2,28.485561063440958
2026-03-12 22:00:00,27.6,28.88039473996383
2026-03-12 23:00:00,27.0,27.651446539217826
2026-03-13 00:00:00,22.780645161290323,27.025726343726248
2026-03-13 01:00:00,22.53790322580645,25.533867665164955
2026-03-13 02:00:00,22.44193548387097,26.03577798342632
2026-03-13 03:00:00,22.43306451612903,22.82545411378721
2026-03-13 04:00:00,22.36774193548387,22.587702698319653
2026-03-13 05:00:00,22.32741935483871,21.30805318686486
2026-03-13 06:00:00,20.80806451612903,22.470783619142416
2026-03-13 07:00:00,21.376612903225805,21.805406171366798
2026-03-13 08:00:00,21.600806451612904,22.49458721782556
2026-03-13 09:00:00,21.66532258064516,20.293197839265737
2026-03-13 10:00:00,21.03306451612903,21.072335468847516
2026-03-13 11:00:00,19.693548387096776,21.251834381512083
2026-03-13 12:00:00,18.38064516129032,20.89275385045702
2026-03-13 13:00:00,17.51451612903226,20.382130854336978
2026-03-13 14:00:00,17.353225806451615,19.68823566911297
2026-03-13 15:00:00,17.854032258064517,18.993421704650352
2026-03-13 16:00:00,18.720967741935485,18.23818550205707
2026-03-13 17:00:00,19.236290322580647,17.838514042791743
2026-03-13 18:00:00,18.97983870967742,18.190927938767466
2026-03-13 19:00:00,20.20241935483871,18.994333170735352
2026-03-13 20:00:00,21.38387096774193,20.467819122333125
2026-03-13 21:00:00,22.05806451612903,20.149113178457608
2026-03-13 22:00:00,22.55161290322581,20.55973368010657
2026-03-13 23:00:00,22.510483870967743,21.780923994534028
2026-03-14 00:00:00,22.780645161290323,22.129563565318776
2026-03-14 01:00:00,22.53790322580645,22.636030515955696
2026-03-14 02:00:00,22.44193548387097,22.513548094026653
2026-03-14 03:00:00,22.43306451612903,22.657569532973984
2026-03-14 04:00:00,22.36774193548387,22.334758398776096
2026-03-14 05:00:00,22.32741935483871,20.995326514321988
2026-03-14 06:00:00,20.80806451612903,22.134371185614498
2026-03-14 07:00:00,21.376612903225805,21.479124240800108
2026-03-14 08:00:00,21.600806451612904,22.110280114522773
2026-03-14 09:00:00,21.66532258064516,20.148566086496615
2026-03-14 10:00:00,21.03306451612903,20.908217769900286
2026-03-14 11:00:00,19.693548387096776,21.119282167160073
2026-03-14 12:00:00,18.38064516129032,20.814003801403466
2026-03-14 13:00:00,17.51451612903226,20.246083740644988
2026-03-14 14:00:00,17.353225806451615,19.33426689829027
2026-03-14 15:00:00,17.854032258064517,18.718073875007477
2026-03-14 16:00:00,18.720967741935485,17.75359106213918
2026-03-14 17:00:00,19.236290322580647,17.2794151051662
2026-03-14 18:00:00,18.97983870967742,17.912813360251302
2026-03-14 19:00:00,20.20241935483871,18.884894387262474
2026-03-14 20:00:00,21.38387096774193,20.353214859067663
2026-03-14 21:00:00,22.05806451612903,20.140759889483498
2026-03-14 22:00:00,22.55161290322581,20.563912587781896
2026-03-14 23:00:00,22.510483870967743,21.817119109894897
2026-03-15 00:00:00,22.780645161290323,22.111134910583168
2026-03-15 01:00:00,22.53790322580645,22.61682920515419
2026-03-15 02:00:00,22.44193548387097,22.489352597977938
2026-03-15 03:00:00,22.43306451612903,22.63741118853892
2026-03-15 04:00:00,22.36774193548387,22.31304026367818
2026-03-15 05:00:00,22.32741935483871,20.985721352631955
2026-03-15 06:00:00,20.80806451612903,22.125996898456314
2026-03-15 07:00:00,21.376612903225805,21.488617352793327
2026-03-15 08:00:00,21.600806451612904,22.126739918835305
2026-03-15 09:00:00,21.66532258064516,20.144041311293698
2026-03-15 10:00:00,21.03306451612903,20.91076301124392
2026-03-15 11:00:00,19.693548387096776,21.105147482674877
2026-03-15 12:00:00,18.38064516129032,20.809331995912338
2026-03-15 13:00:00,17.51451612903226,20.236357942358314
2026-03-15 14:00:00,17.353225806451615,19.34065468053879
2026-03-15 15:00:00,17.854032258064517,18.717091439443642
2026-03-15 16:00:00,18.720967741935485,17.764044765976195
2026-03-15 17:00:00,19.236290322580647,17.28523896346892
2026-03-15 18:00:00,18.97983870967742,17.929088587438656
2026-03-15 19:00:00,20.20241935483871,18.884107710179666
2026-03-15 20:00:00,21.38387096774193,20.35767552860478
2026-03-15 21:00:00,22.05806451612903,20.157489178358343
2026-03-15 22:00:00,22.55161290322581,20.54459815324585
2026-03-15 23:00:00,22.510483870967743,21.828493212931647
2026-03-16 00:00:00,22.780645161290323,22.084268816143037
2026-03-16 01:00:00,22.53790322580645,22.57660865483257
2026-03-16 02:00:00,22.44193548387097,22.435895423071898
2026-03-16 03:00:00,22.43306451612903,22.591041764188514
2026-03-16 04:00:00,22.36774193548387,22.273885260973678
2026-03-16 05:00:00,22.32741935483871,20.93635405872347
2026-03-16 06:00:00,20.80806451612903,22.079484239738782
2026-03-16 07:00:00,21.376612903225805,21.430142276266995
2026-03-16 08:00:00,21.600806451612904,22.007824643812384
2026-03-16 09:00:00,21.66532258064516,20.080703809884
2026-03-16 10:00:00,21.03306451612903,20.81285622960562
2026-03-16 11:00:00,19.693548387096776,21.00509683201994
2026-03-16 12:00:00,18.38064516129032,20.775740471706975
2026-03-16 13:00:00,17.51451612903226,20.167824459151085
2026-03-16 14:00:00,17.353225806451615,19.281425386087427
2026-03-16 15:00:00,17.854032258064517,18.690019837179776
2026-03-16 16:00:00,18.720967741935485,17.677659101008814
2026-03-16 17:00:00,19.236290322580647,17.14701679753682
2026-03-16 18:00:00,18.97983870967742,17.77691712519728
2026-03-16 19:00:00,20.20241935483871,18.816738147896448
2026-03-16 20:00:00,21.38387096774193,20.23717307723779
2026-03-16 21:00:00,22.05806451612903,20.052000382111487
2026-03-16 22:00:00,22.55161290322581,20.531271083679762
2026-03-16 23:00:00,22.510483870967743,21.77382248124934
2026-03-17 00:00:00,22.780645161290323,22.084973254540714
2026-03-17 01:00:00,22.53790322580645,22.578650329389337
2026-03-17 02:00:00,22.44193548387097,22.436902903316202
2026-03-17 03:00:00,22.43306451612903,22.575417068237854
2026-03-17 04:00:00,22.36774193548387,22.26379525565855
2026-03-17 05:00:00,22.32741935483871,20.943858421285803
2026-03-17 06:00:00,20.80806451612903,22.083791844762114
2026-03-17 07:00:00,21.376612903225805,21.42208896096985
2026-03-17 08:00:00,21.600806451612904,22.026310327873414
2026-03-17 09:00:00,21.66532258064516,20.081967249872093
2026-03-17 10:00:00,21.03306451612903,20.83962000358723
2026-03-17 11:00:00,19.693548387096776,21.02728188950242
2026-03-17 12:00:00,18.38064516129032,20.777362775904905
2026-03-17 13:00:00,17.51451612903226,20.18142059981789
2026-03-17 14:00:00,17.353225806451615,19.27509534301914
2026-03-17 15:00:00,17.854032258064517,18.70596694919213
2026-03-17 16:00:00,18.720967741935485,17.713043777715946
2026-03-17 17:00:00,19.236290322580647,17.179053789244158
2026-03-17 18:00:00,18.97983870967742,17.81069931617741
2026-03-17 19:00:00,20.20241935483871,18.843961182895974
2026-03-17 20:00:00,21.38387096774193,20.28791987451018
2026-03-17 21:00:00,22.05806451612903,20.104235440668
2026-03-17 22:00:00,22.55161290322581,20.532102779765403
2026-03-17 23:00:00,22.510483870967743,21.76674362141489
2026-03-18 00:00:00,22.780645161290323,22.075211194091715
2026-03-18 01:00:00,22.53790322580645,22.573877466863834
2026-03-18 02:00:00,22.44193548387097,22.431101155445383
2026-03-18 03:00:00,22.43306451612903,22.567938642297065
2026-03-18 04:00:00,22.36774193548387,22.25985331350734
2026-03-18 05:00:00,22.32741935483871,20.93915590371281
2026-03-18 06:00:00,20.80806451612903,22.081983996562897
2026-03-18 07:00:00,21.376612903225805,21.425000441708136
2026-03-18 08:00:00,21.600806451612904,22.031030000326844
2026-03-18 09:00:00,21.66532258064516,20.064846708612674
2026-03-18 10:00:00,21.03306451612903,20.840714994319576
2026-03-18 11:00:00,19.693548387096776,21.02882579070723
2026-03-18 12:00:00,18.38064516129032,20.75320946920265
2026-03-18 13:00:00,17.51451612903226,20.172034727906823
2026-03-18 14:00:00,17.353225806451615,19.27506078042337
2026-03-18 15:00:00,17.854032258064517,18.690675353822414
2026-03-18 16:00:00,18.720967741935485,17.7024569085292
2026-03-18 17:00:00,19.236290322580647,17.183193864770168
2026-03-18 18:00:00,18.97983870967742,17.807974898365316
2026-03-18 19:00:00,20.20241935483871,18.83981329278504
2026-03-18 20:00:00,21.38387096774193,20.314044384524124
2026-03-18 21:00:00,22.05806451612903,20.084659038290177
2026-03-18 22:00:00,22.55161290322581,20.521563946712554
2026-03-18 23:00:00,22.510483870967743,21.765185501464742
2026-03-19 00:00:00,22.780645161290323,22.07573456314324
2026-03-19 01:00:00,22.53790322580645,22.583539458444594
2026-03-19 02:00:00,22.44193548387097,22.438107032774205
2026-03-19 03:00:00,22.43306451612903,22.570366556537348
2026-03-19 04:00:00,22.36774193548387,22.27326649987912
2026-03-19 05:00:00,22.32741935483871,20.944327169522175
2026-03-19 06:00:00,20.80806451612903,22.084453959238083
2026-03-19 07:00:00,21.376612903225805,21.428309702259206
2026-03-19 08:00:00,21.600806451612904,22.031022948758228
2026-03-19 09:00:00,21.66532258064516,20.05375466258451
2026-03-19 10:00:00,21.03306451612903,20.824691351181855
2026-03-19 11:00:00,19.693548387096776,21.020119832431973
2026-03-19 12:00:00,18.38064516129032,20.73676343242993
2026-03-19 13:00:00,17.51451612903226,20.17075521927235
2026-03-19 14:00:00,17.353225806451615,19.28163144210375
2026-03-19 15:00:00,17.854032258064517,18.688091924671465
2026-03-19 16:00:00,18.720967741935485,17.696005786313155
2026-03-19 17:00:00,19.236290322580647,17.168099579653735
2026-03-19 18:00:00,18.97983870967742,17.803464814791013
2026-03-19 19:00:00,20.20241935483871,18.83725898688654
2026-03-19 20:00:00,21.38387096774193,20.311704533921976
2026-03-19 21:00:00,22.05806451612903,20.096240832823195
2026-03-19 22:00:00,22.55161290322581,20.519783893480405
2026-03-19 23:00:00,22.510483870967743,21.76679624806325
2026-03-20 00:00:00,22.780645161290323,22.072800726076366
2026-03-20 01:00:00,22.53790322580645,22.582494706634634
2026-03-20 02:00:00,22.44193548387097,22.444039468411717
2026-03-20 03:00:00,22.43306451612903,22.574764975728506
2026-03-20 04:00:00,22.36774193548387,22.272267368725835
2026-03-20 05:00:00,22.32741935483871,20.944872055124744
2026-03-20 06:00:00,20.80806451612903,22.085377049332244
2026-03-20 07:00:00,21.376612903225805,21.444770204811537
2026-03-20 08:00:00,21.600806451612904,22.037228709680324
2026-03-20 09:00:00,21.66532258064516,20.053867574329843
2026-03-20 10:00:00,21.03306451612903,20.82190388727014
2026-03-20 11:00:00,19.693548387096776,21.025602189272618
2026-03-20 12:00:00,18.38064516129032,20.726362216500682
2026-03-20 13:00:00,17.51451612903226,20.178566206481186
2026-03-20 14:00:00,17.353225806451615,19.290409171889834
2026-03-20 15:00:00,17.854032258064517,18.68980136157623
2026-03-20 16:00:00,18.720967741935485,17.714289401027056
2026-03-20 17:00:00,19.236290322580647,17.17285168538605
2026-03-20 18:00:00,18.97983870967742,17.819739275054015
2026-03-20 19:00:00,20.20241935483871,18.849724436386325
2026-03-20 20:00:00,21.38387096774193,20.316312304122306
2026-03-20 21:00:00,22.05806451612903,20.093600699764796
2026-03-20 22:00:00,22.55161290322581,20.51934422926991
2026-03-20 23:00:00,22.510483870967743,21.760152934033457
2026-03-21 00:00:00,22.780645161290323,22.074338644490318
2026-03-21 01:00:00,22.53790322580645,22.59287214522982
2026-03-21 02:00:00,22.44193548387097,22.46843593581777
2026-03-21 03:00:00,22.43306451612903,22.60919556432119
2026-03-21 04:00:00,22.36774193548387,22.29845496063723
2026-03-21 05:00:00,22.32741935483871,20.96451916232745
2026-03-21 06:00:00,20.80806451612903,22.102472066296215
2026-03-21 07:00:00,21.376612903225805,21.493549989319312
2026-03-21 08:00:00,21.600806451612904,22.107712147124168
2026-03-21 09:00:00,21.66532258064516,20.121843595219506
2026-03-21 10:00:00,21.03306451612903,20.882065793885907
2026-03-21 11:00:00,19.693548387096776,21.087188021157722
2026-03-21 12:00:00,18.38064516129032,20.75161367847535
2026-03-21 13:00:00,17.51451612903226,20.20394258031429
2026-03-21 14:00:00,17.353225806451615,19.31566297051753
2026-03-21 15:00:00,17.854032258064517,18.719099281579748
2026-03-21 16:00:00,18.720967741935485,17.757187014821156
2026-03-21 17:00:00,19.236290322580647,17.252729069513244
2026-03-21 18:00:00,18.97983870967742,17.902021005222853
2026-03-21 19:00:00,20.20241935483871,18.887234793652738
2026-03-21 20:00:00,21.38387096774193,20.330857411905313
2026-03-21 21:00:00,22.05806451612903,20.113229296169735
2026-03-21 22:00:00,22.55161290322581,20.533399239980202
2026-03-21 23:00:00,22.510483870967743,21.78407924506918
2026-03-22 00:00:00,22.780645161290323,22.06012095776614
2026-03-22 01:00:00,22.53790322580645,22.584096200108657
2026-03-22 02:00:00,22.44193548387097,22.460484753341746
2026-03-22 03:00:00,22.43306451612903,22.598745261863655
2026-03-22 04:00:00,22.36774193548387,22.274266469764335
2026-03-22 05:00:00,22.32741935483871,20.940750221232562
2026-03-22 06:00:00,20.80806451612903,22.08675754869732
2026-03-22 07:00:00,21.376612903225805,21.51331340851796
2026-03-22 08:00:00,21.600806451612904,22.132674810788444
2026-03-22 09:00:00,21.66532258064516,20.144989091627863
2026-03-22 10:00:00,21.03306451612903,20.90569692710716
2026-03-22 11:00:00,19.693548387096776,21.10301721896505
2026-03-22 12:00:00,18.38064516129032,20.76279552610329
2026-03-22 13:00:00,17.51451612903226,20.23072158523209
2026-03-22 14:00:00,17.353225806451615,19.336303817122097
2026-03-22 15:00:00,17.854032258064517,18.726016212028867
2026-03-22 16:00:00,18.720967741935485,17.77747536890677
2026-03-22 17:00:00,19.236290322580647,17.26840749841688
2026-03-22 18:00:00,18.97983870967742,17.91875159065581
2026-03-22 19:00:00,20.20241935483871,18.89063319994872
2026-03-22 20:00:00,21.38387096774193,20.338988166142315
2026-03-22 21:00:00,22.05806451612903,20.13829817581199
2026-03-22 22:00:00,22.55161290322581,20.517456667717273
2026-03-22 23:00:00,22.510483870967743,21.800866074731537
2026-03-23 00:00:00,22.780645161290323,22.04378626216021
2026-03-23 01:00:00,22.53790322580645,22.54414935699895
2026-03-23 02:00:00,22.44193548387097,22.403741181564428
2026-03-23 03:00:00,22.43306451612903,22.547615780588224
2026-03-23 04:00:00,22.36774193548387,22.23984907338646
2026-03-23 05:00:00,22.32741935483871,20.90896937268652
2026-03-23 06:00:00,20.80806451612903,22.0499800938629
2026-03-23 07:00:00,21.376612903225805,21.468806771463242
2026-03-23 08:00:00,21.600806451612904,22.031001772462538
2026-03-23 09:00:00,21.66532258064516,20.119915736995985
2026-03-23 10:00:00,21.03306451612903,20.838523639782043
2026-03-23 11:00:00,19.693548387096776,21.046216483059
2026-03-23 12:00:00,18.38064516129032,20.740035618338013
2026-03-23 13:00:00,17.51451612903226,20.18186142058
2026-03-23 14:00:00,17.353225806451615,19.291324383062783
2026-03-23 15:00:00,17.854032258064517,18.714178253971625
2026-03-23 16:00:00,18.720967741935485,17.709835016694633
2026-03-23 17:00:00,19.236290322580647,17.149861950633134
2026-03-23 18:00:00,18.97983870967742,17.794681755563474
2026-03-23 19:00:00,20.20241935483871,18.842463632447906
2026-03-23 20:00:00,21.38387096774193,20.23910365551749
2026-03-23 21:00:00,22.05806451612903,20.034373898380565
2026-03-23 22:00:00,22.55161290322581,20.522491071515326
2026-03-23 23:00:00,22.510483870967743,21.75559458804289
2026-03-24 00:00:00,22.780645161290323,22.048997760731986
2026-03-24 01:00:00,22.53790322580645,22.549752567168305
2026-03-24 02:00:00,22.44193548387097,22.405346249085504
2026-03-24 03:00:00,22.43306451612903,22.53792062642695
2026-03-24 04:00:00,22.36774193548387,22.2375884634171
2026-03-24 05:00:00,22.32741935483871,20.916208865221222
2026-03-24 06:00:00,20.80806451612903,22.063808481019244
2026-03-24 07:00:00,21.376612903225805,21.46088304173948
2026-03-24 08:00:00,21.600806451612904,22.04937948860548
2026-03-24 09:00:00,21.66532258064516,20.126548690936485
2026-03-24 10:00:00,21.03306451612903,20.86604578975568
2026-03-24 11:00:00,19.693548387096776,21.0647845599377
2026-03-24 12:00:00,18.38064516129032,20.75325784685402
2026-03-24 13:00:00,17.51451612903226,20.203920502230694
2026-03-24 14:00:00,17.353225806451615,19.270424050011577
2026-03-24 15:00:00,17.854032258064517,18.74321438119604
2026-03-24 16:00:00,18.720967741935485,17.746241411265572
2026-03-24 17:00:00,19.236290322580647,17.17689040225351
2026-03-24 18:00:00,18.97983870967742,17.836227376003585
2026-03-24 19:00:00,20.20241935483871,18.871335973783584
2026-03-24 20:00:00,21.38387096774193,20.298399115350968
2026-03-24 21:00:00,22.05806451612903,20.091520734763968
2026-03-24 22:00:00,22.55161290322581,20.52949380177295
2026-03-24 23:00:00,22.510483870967743,21.760011589588707
2026-03-25 00:00:00,22.780645161290323,22.050295655138825
2026-03-25 01:00:00,22.53790322580645,22.548926194085144
2026-03-25 02:00:00,22.44193548387097,22.404860462229973
2026-03-25 03:00:00,22.43306451612903,22.53827809485393
2026-03-25 04:00:00,22.36774193548387,22.242149659176683
2026-03-25 05:00:00,22.32741935483871,20.920310950043184
2026-03-25 06:00:00,20.80806451612903,22.069454256558338
2026-03-25 07:00:00,21.376612903225805,21.470216094511127
2026-03-25 08:00:00,21.600806451612904,22.060679444740206
2026-03-25 09:00:00,21.66532258064516,20.1234536289574
2026-03-25 10:00:00,21.03306451612903,20.87257242891541
2026-03-25 11:00:00,19.693548387096776,21.074359885371486
2026-03-25 12:00:00,18.38064516129032,20.739859747077496
2026-03-25 13:00:00,17.51451612903226,20.195466918337505
2026-03-25 14:00:00,17.353225806451615,19.26584610081123
2026-03-25 15:00:00,17.854032258064517,18.736986019976275
2026-03-25 16:00:00,18.720967741935485,17.753153561330578
2026-03-25 17:00:00,19.236290322580647,17.195471252216617
2026-03-25 18:00:00,18.97983870967742,17.839135938940174
2026-03-25 19:00:00,20.20241935483871,18.87400523704327
2026-03-25 20:00:00,21.38387096774193,20.325277764790606
2026-03-25 21:00:00,22.05806451612903,20.088163626586297
2026-03-25 22:00:00,22.55161290322581,20.535791282085192
2026-03-25 23:00:00,22.510483870967743,21.765079683977834
2026-03-26 00:00:00,22.780645161290323,22.04458934036634
2026-03-26 01:00:00,22.53790322580645,22.550639923854398
2026-03-26 02:00:00,22.44193548387097,22.404095863573435
2026-03-26 03:00:00,22.43306451612903,22.532935533108855
2026-03-26 04:00:00,22.36774193548387,22.249656368404775
2026-03-26 05:00:00,22.32741935483871,20.919722015308892
2026-03-26 06:00:00,20.80806451612903,22.066445574904073
2026-03-26 07:00:00,21.376612903225805,21.479203109736336
2026-03-26 08:00:00,21.600806451612904,22.05173396723712
2026-03-26 09:00:00,21.66532258064516,20.106576050266582
2026-03-26 10:00:00,21.03306451612903,20.856427247418964
2026-03-26 11:00:00,19.693548387096776,21.05966061787469
2026-03-26 12:00:00,18.38064516129032,20.70327971826013
2026-03-26 13:00:00,17.51451612903226,20.170078274150782
2026-03-26 14:00:00,17.353225806451615,19.24116479184478
2026-03-26 15:00:00,17.854032258064517,18.724227500643906
2026-03-26 16:00:00,18.720967741935485,17.735649736620132
2026-03-26 17:00:00,19.236290322580647,17.177001874617478
2026-03-26 18:00:00,18.97983870967742,17.831742735197118
2026-03-26 19:00:00,20.20241935483871,18.856276512623296
2026-03-26 20:00:00,21.38387096774193,20.31092099800106
2026-03-26 21:00:00,22.05806451612903,20.08545938219631
2026-03-26 22:00:00,22.55161290322581,20.54592632871446
2026-03-26 23:00:00,22.510483870967743,21.765819959691715
2026-03-27 00:00:00,22.780645161290323,22.041245106094337
2026-03-27 01:00:00,22.53790322580645,22.552844536921597
2026-03-27 02:00:00,22.44193548387097,22.409316555587345
2026-03-27 03:00:00,22.43306451612903,22.533391226857603
2026-03-27 04:00:00,22.36774193548387,22.24768320616137
2026-03-27 05:00:00,22.32741935483871,20.917138794712777
2026-03-27 06:00:00,20.80806451612903,22.06503941818077
2026-03-27 07:00:00,21.376612903225805,21.488757555358056
2026-03-27 08:00:00,21.600806451612904,22.055847323583578
2026-03-27 09:00:00,21.66532258064516,20.098116077608374
2026-03-27 10:00:00,21.03306451612903,20.85581988008937
2026-03-27 11:00:00,19.693548387096776,21.06661161368163
2026-03-27 12:00:00,18.38064516129032,20.686972177361834
2026-03-27 13:00:00,17.51451612903226,20.18751110654928
2026-03-27 14:00:00,17.353225806451615,19.254712090358012
2026-03-27 15:00:00,17.854032258064517,18.71964874040028
2026-03-27 16:00:00,18.720967741935485,17.740394143494655
2026-03-27 17:00:00,19.236290322580647,17.17152589490422
2026-03-27 18:00:00,18.97983870967742,17.827352103727577
2026-03-27 19:00:00,20.20241935483871,18.854985628341105
2026-03-27 20:00:00,21.38387096774193,20.322624163633172
2026-03-27 21:00:00,22.05806451612903,20.08762278170809
2026-03-27 22:00:00,22.55161290322581,20.546461347243934
2026-03-27 23:00:00,22.510483870967743,21.76925962047521
2026-03-28 00:00:00,22.780645161290323,22.035445776198983
2026-03-28 01:00:00,22.53790322580645,22.563959402371655
2026-03-28 02:00:00,22.44193548387097,22.438646400331564
2026-03-28 03:00:00,22.43306451612903,22.57140049084745
2026-03-28 04:00:00,22.36774193548387,22.273112993340057
2026-03-28 05:00:00,22.32741935483871,20.94291457942553
2026-03-28 06:00:00,20.80806451612903,22.09376206603683
2026-03-28 07:00:00,21.376612903225805,21.532422446888482
2026-03-28 08:00:00,21.600806451612904,22.135221139346463
2026-03-28 09:00:00,21.66532258064516,20.18565570786255
2026-03-28 10:00:00,21.03306451612903,20.92744070165005
2026-03-28 11:00:00,19.693548387096776,21.136489678557886
2026-03-28 12:00:00,18.38064516129032,20.714187846250283
2026-03-28 13:00:00,17.51451612903226,20.213007761375657
2026-03-28 14:00:00,17.353225806451615,19.283473791955014
2026-03-28 15:00:00,17.854032258064517,18.740315733978164
2026-03-28 16:00:00,18.720967741935485,17.77260584014099
2026-03-28 17:00:00,19.236290322580647,17.249422640213375
2026-03-28 18:00:00,18.97983870967742,17.90752552325264
2026-03-28 19:00:00,20.20241935483871,18.89727635498017
2026-03-28 20:00:00,21.38387096774193,20.33629822177084
2026-03-28 21:00:00,22.05806451612903,20.100312324553986
2026-03-28 22:00:00,22.55161290322581,20.57303692525071
2026-03-28 23:00:00,22.510483870967743,21.795470252302394
2026-03-29 00:00:00,22.780645161290323,22.020832129941724
2026-03-29 01:00:00,22.53790322580645,22.55165345016454
2026-03-29 02:00:00,22.44193548387097,22.425617347354972
2026-03-29 03:00:00,22.43306451612903,22.56153144459651
2026-03-29 04:00:00,22.36774193548387,22.25000597924894
2026-03-29 05:00:00,22.32741935483871,20.90751123150266
2026-03-29 06:00:00,20.80806451612903,22.097557057923574
2026-03-29 07:00:00,21.376612903225805,21.539309969469016
2026-03-29 08:00:00,21.600806451612904,22.150049963490368
2026-03-29 09:00:00,21.66532258064516,20.202883055802204
2026-03-29 10:00:00,21.03306451612903,20.947345974920232
2026-03-29 11:00:00,19.693548387096776,21.138634992117062
2026-03-29 12:00:00,18.38064516129032,20.70891895473045
2026-03-29 13:00:00,17.51451612903226,20.21315218101983
2026-03-29 14:00:00,17.353225806451615,19.298813441178954
2026-03-29 15:00:00,17.854032258064517,18.70314762024882
2026-03-29 16:00:00,18.720967741935485,17.73550882129028
2026-03-29 17:00:00,19.236290322580647,17.22266562627929
2026-03-29 18:00:00,18.97983870967742,17.888213007526247
2026-03-29 19:00:00,20.20241935483871,18.84747296413102
2026-03-29 20:00:00,21.38387096774193,20.308002714189158
2026-03-29 21:00:00,22.05806451612903,20.062134087151097
2026-03-29 22:00:00,22.55161290322581,20.55552257984685
2026-03-29 23:00:00,22.510483870967743,21.807143166110244
2026-03-30 00:00:00,22.780645161290323,21.985396624343398
2026-03-30 01:00:00,22.53790322580645,22.50204182785892
2026-03-30 02:00:00,22.44193548387097,22.360617461654094
2026-03-30 03:00:00,22.43306451612903,22.501866102937296
2026-03-30 04:00:00,22.36774193548387,22.19224049738004
2026-03-30 05:00:00,22.32741935483871,20.85080028760185
2026-03-30 06:00:00,20.80806451612903,22.034869827100152
2026-03-30 07:00:00,21.376612903225805,21.479857806439803
2026-03-30 08:00:00,21.600806451612904,22.020736884903265
2026-03-30 09:00:00,21.66532258064516,20.13375089778273
2026-03-30 10:00:00,21.03306451612903,20.858694308062496
2026-03-30 11:00:00,19.693548387096776,21.057143814384283
2026-03-30 12:00:00,18.38064516129032,20.65828471114916
2026-03-30 13:00:00,17.51451612903226,20.16142865990934
2026-03-30 14:00:00,17.353225806451615,19.258024082114332
2026-03-30 15:00:00,17.854032258064517,18.620745855513864
2026-03-30 16:00:00,18.720967741935485,17.61095188613633
2026-03-30 17:00:00,19.236290322580647,17.041697391948276
2026-03-30 18:00:00,18.97983870967742,17.73801916677681
2026-03-30 19:00:00,20.20241935483871,18.78680939387791
2026-03-30 20:00:00,21.38387096774193,20.23330926198298
2026-03-30 21:00:00,22.05806451612903,19.898836789585054
2026-03-30 22:00:00,22.55161290322581,20.539135874551285
2026-03-30 23:00:00,22.510483870967743,21.748839791287452
2026-03-31 00:00:00,22.780645161290323,21.98776725236368
2026-03-31 01:00:00,22.53790322580645,22.50634971396626
2026-03-31 02:00:00,22.44193548387097,22.364329504888026
2026-03-31 03:00:00,22.43306451612903,22.49967476744542
2026-03-31 04:00:00,22.36774193548387,22.20116872310966
2026-03-31 05:00:00,22.32741935483871,20.867955273529496
2026-03-31 06:00:00,20.80806451612903,22.05440892361974
2026-03-31 07:00:00,21.376612903225805,21.473011721605573
2026-03-31 08:00:00,21.600806451612904,22.030087681152544
2026-03-31 09:00:00,21.66532258064516,20.11003988311443
2026-03-31 10:00:00,21.03306451612903,20.85428852014895
2026-03-31 11:00:00,19.693548387096776,21.045188638718468
2026-03-31 12:00:00,18.38064516129032,20.635559095806713
2026-03-31 13:00:00,17.51451612903226,20.149084875078735
2026-03-31 14:00:00,17.353225806451615,19.225951632151684
2026-03-31 15:00:00,17.854032258064517,18.590337341199554
2026-03-31 16:00:00,18.720967741935485,17.613763027331018
2026-03-31 17:00:00,19.236290322580647,17.03945124983288
2026-03-31 18:00:00,18.97983870967742,17.74446256971232
2026-03-31 19:00:00,20.20241935483871,18.80323735468181
2026-03-31 20:00:00,21.38387096774193,20.279209512033887
2026-03-31 21:00:00,22.05806451612903,19.93045221235942
2026-03-31 22:00:00,22.55161290322581,20.52881498657537
2026-03-31 23:00:00,22.510483870967743,21.734183441261465
2026-04-01 00:00:00,19.805,21.371493693010265
2026-04-01 01:00:00,19.4325,22.377512966291484
2026-04-01 02:00:00,19.204166666666666,22.250481705783837
2026-04-01 03:00:00,18.86916666666667,18.990344648350582
2026-04-01 04:00:00,18.704166666666666,18.877922531372544
2026-04-01 05:00:00,18.576666666666664,17.19116446755498
2026-04-01 06:00:00,16.7875,17.86974962280577
2026-04-01 07:00:00,17.095833333333335,17.855578219588814
2026-04-01 08:00:00,16.964166666666667,17.67676246324816
2026-04-01 09:00:00,16.620833333333334,15.913746447612297
2026-04-01 10:00:00,15.994166666666668,15.618087042145671
2026-04-01 11:00:00,15.108333333333333,15.811861424380792
2026-04-01 12:00:00,14.1825,15.279495138509805
2026-04-01 13:00:00,13.4525,15.319061257126128
2026-04-01 14:00:00,13.4825,15.293626899381799
2026-04-01 15:00:00,14.126666666666669,14.329195852381162
2026-04-01 16:00:00,14.864166666666668,13.144427718289098
2026-04-01 17:00:00,15.364166666666668,12.898706305953565
2026-04-01 18:00:00,15.845833333333331,15.13618475154639
2026-04-01 19:00:00,16.806666666666665,15.32789870979354
2026-04-01 20:00:00,17.805833333333332,16.095083383262946
2026-04-01 21:00:00,18.909166666666668,16.002509744785627
2026-04-01 22:00:00,19.6075,17.568499548659386
2026-04-01 23:00:00,19.971666666666668,17.436784598932725
2026-04-02 00:00:00,19.805,18.12642962482312
2026-04-02 01:00:00,19.4325,19.119688387751985
2026-04-02 02:00:00,19.204166666666666,19.40361687339891
2026-04-02 03:00:00,18.86916666666667,18.888487458230536
2026-04-02 04:00:00,18.704166666666666,18.851222677502626
2026-04-02 05:00:00,18.576666666666664,17.116682312497133
2026-04-02 06:00:00,16.7875,17.8211991996765
2026-04-02 07:00:00,17.095833333333335,17.786826727098664
2026-04-02 08:00:00,16.964166666666667,17.529464559707037
2026-04-02 09:00:00,16.620833333333334,15.715059390541345
2026-04-02 10:00:00,15.994166666666668,15.457122117695558
2026-04-02 11:00:00,15.108333333333333,15.550981772674453
2026-04-02 12:00:00,14.1825,15.268719324050222
2026-04-02 13:00:00,13.4525,15.208400907099334
2026-04-02 14:00:00,13.4825,15.217101127308105
2026-04-02 15:00:00,14.126666666666669,14.361867443483268
2026-04-02 16:00:00,14.864166666666668,13.243082406816082
2026-04-02 17:00:00,15.364166666666668,12.901818021976528
2026-04-02 18:00:00,15.845833333333331,15.1987203982955
2026-04-02 19:00:00,16.806666666666665,15.389683614859587
2026-04-02 20:00:00,17.805833333333332,16.071077181386315
2026-04-02 21:00:00,18.909166666666668,15.882764020717753
2026-04-02 22:00:00,19.6075,17.569980288192866
2026-04-02 23:00:00,19.971666666666668,17.451333396033917
2026-04-03 00:00:00,19.805,18.13862345620851
2026-04-03 01:00:00,19.4325,19.128576682158155
2026-04-03 02:00:00,19.204166666666666,19.40981282960366
2026-04-03 03:00:00,18.86916666666667,18.898972924954506
2026-04-03 04:00:00,18.704166666666666,18.836485244906555
2026-04-03 05:00:00,18.576666666666664,17.129443206517305
2026-04-03 06:00:00,16.7875,17.84370994092462
2026-04-03 07:00:00,17.095833333333335,17.797608050812663
2026-04-03 08:00:00,16.964166666666667,17.531221381321423
2026-04-03 09:00:00,16.620833333333334,15.72468835529369
2026-04-03 10:00:00,15.994166666666668,15.458784779194989
2026-04-03 11:00:00,15.108333333333333,15.548832773934677
2026-04-03 12:00:00,14.1825,15.275764326372128
2026-04-03 13:00:00,13.4525,15.22453928953336
2026-04-03 14:00:00,13.4825,15.220300385520009
2026-04-03 15:00:00,14.126666666666669,14.389140078070204
2026-04-03 16:00:00,14.864166666666668,13.28879958985749
2026-04-03 17:00:00,15.364166666666668,12.927467072480802
2026-04-03 18:00:00,15.845833333333331,15.248148578882809
2026-04-03 19:00:00,16.806666666666665,15.431677838969382
2026-04-03 20:00:00,17.805833333333332,16.092880966114574
2026-04-03 21:00:00,18.909166666666668,15.904379759542376
2026-04-03 22:00:00,19.6075,17.56923363581513
2026-04-03 23:00:00,19.971666666666668,17.45382493856785
2026-04-04 00:00:00,19.805,18.151807063527897
2026-04-04 01:00:00,19.4325,19.157835993924927
2026-04-04 02:00:00,19.204166666666666,19.419837584161066
2026-04-04 03:00:00,18.86916666666667,18.92679358071091
2026-04-04 04:00:00,18.704166666666666,18.847932569472896
2026-04-04 05:00:00,18.576666666666664,17.17363804585311
2026-04-04 06:00:00,16.7875,17.882677294854354
2026-04-04 07:00:00,17.095833333333335,17.821736616445975
2026-04-04 08:00:00,16.964166666666667,17.555595745744707
2026-04-04 09:00:00,16.620833333333334,15.747700224345163
2026-04-04 10:00:00,15.994166666666668,15.47143318983546
2026-04-04 11:00:00,15.108333333333333,15.547160237811367
2026-04-04 12:00:00,14.1825,15.28699918792692
2026-04-04 13:00:00,13.4525,15.215087762351791
2026-04-04 14:00:00,13.4825,15.194918405441253
2026-04-04 15:00:00,14.126666666666669,14.389775146952733
2026-04-04 16:00:00,14.864166666666668,13.332272678819209
2026-04-04 17:00:00,15.364166666666668,13.047348779157316
2026-04-04 18:00:00,15.845833333333331,15.30051802463744
2026-04-04 19:00:00,16.806666666666665,15.454861859771523
2026-04-04 20:00:00,17.805833333333332,16.100708144569225
2026-04-04 21:00:00,18.909166666666668,15.925710745628807
2026-04-04 22:00:00,19.6075,17.606163758207487
2026-04-04 23:00:00,19.971666666666668,17.459920818443223
2026-04-05 00:00:00,19.805,18.159478493421673
2026-04-05 01:00:00,19.4325,19.178994280935147
2026-04-05 02:00:00,19.204166666666666,19.43805518439263
2026-04-05 03:00:00,18.86916666666667,18.9291809997901
2026-04-05 04:00:00,18.704166666666666,18.8577632231027
2026-04-05 05:00:00,18.576666666666664,17.169610095783664
2026-04-05 06:00:00,16.7875,17.919563419469544
2026-04-05 07:00:00,17.095833333333335,17.829709617651737
2026-04-05 08:00:00,16.964166666666667,17.56563038984411
2026-04-05 09:00:00,16.620833333333334,15.75222867750147
2026-04-05 10:00:00,15.994166666666668,15.478967697849566
2026-04-05 11:00:00,15.108333333333333,15.543168779466686
2026-04-05 12:00:00,14.1825,15.27746351816306
2026-04-05 13:00:00,13.4525,15.231594025271583
2026-04-05 14:00:00,13.4825,15.179321768564819
2026-04-05 15:00:00,14.126666666666669,14.360989290344225
2026-04-05 16:00:00,14.864166666666668,13.32563194373533
2026-04-05 17:00:00,15.364166666666668,13.028808431957994
2026-04-05 18:00:00,15.845833333333331,15.300197360504985
2026-04-05 19:00:00,16.806666666666665,15.446884441048129
2026-04-05 20:00:00,17.805833333333332,16.086115599084437
2026-04-05 21:00:00,18.909166666666668,15.914759841789948
2026-04-05 22:00:00,19.6075,17.609768945108478
2026-04-05 23:00:00,19.971666666666668,17.471608827619725
2026-04-06 00:00:00,19.805,18.147026459349853
2026-04-06 01:00:00,19.4325,19.135735783249174
2026-04-06 02:00:00,19.204166666666666,19.3792611996832
2026-04-06 03:00:00,18.86916666666667,18.862037302940912
2026-04-06 04:00:00,18.704166666666666,18.784047100315654
2026-04-06 05:00:00,18.576666666666664,17.11136497957714
2026-04-06 06:00:00,16.7875,17.798588746074948
2026-04-06 07:00:00,17.095833333333335,17.805714829032645
2026-04-06 08:00:00,16.964166666666667,17.56936161788282
2026-04-06 09:00:00,16.620833333333334,15.736854440862366
2026-04-06 10:00:00,15.994166666666668,15.475990592546063
2026-04-06 11:00:00,15.108333333333333,15.571015192128495
2026-04-06 12:00:00,14.1825,15.274286284917679
2026-04-06 13:00:00,13.4525,15.222118918075605
2026-04-06 14:00:00,13.4825,15.205315753654986
2026-04-06 15:00:00,14.126666666666669,14.332649460197318
2026-04-06 16:00:00,14.864166666666668,13.180431641363603
2026-04-06 17:00:00,15.364166666666668,12.81210506167008
2026-04-06 18:00:00,15.845833333333331,15.157088146517001
2026-04-06 19:00:00,16.806666666666665,15.331870132273286
2026-04-06 20:00:00,17.805833333333332,16.005148930225143
2026-04-06 21:00:00,18.909166666666668,15.876808471811643
2026-04-06 22:00:00,19.6075,17.594907130719577
2026-04-06 23:00:00,19.971666666666668,17.417870645989574
2026-04-07 00:00:00,19.805,18.167274176048537
2026-04-07 01:00:00,19.4325,19.15921030536377
2026-04-07 02:00:00,19.204166666666666,19.416474197827817
2026-04-07 03:00:00,18.86916666666667,18.89557331327864
2026-04-07 04:00:00,18.704166666666666,18.80236702184127
2026-04-07 05:00:00,18.576666666666664,17.130877754998643
2026-04-07 06:00:00,16.7875,17.81709909051949
2026-04-07 07:00:00,17.095833333333335,17.804462267753692
2026-04-07 08:00:00,16.964166666666667,17.572235996705125
2026-04-07 09:00:00,16.620833333333334,15.731725740143148
2026-04-07 10:00:00,15.994166666666668,15.468512899843947
2026-04-07 11:00:00,15.108333333333333,15.56315524163482
2026-04-07 12:00:00,14.1825,15.265992058080121
2026-04-07 13:00:00,13.4525,15.211026551527054
2026-04-07 14:00:00,13.4825,15.187490075758925
2026-04-07 15:00:00,14.126666666666669,14.349014005247925
2026-04-07 16:00:00,14.864166666666668,13.224193295277924
2026-04-07 17:00:00,15.364166666666668,12.870614869879674
2026-04-07 18:00:00,15.845833333333331,15.206003865822295
2026-04-07 19:00:00,16.806666666666665,15.377446774253498
2026-04-07 20:00:00,17.805833333333332,16.04329068384027
2026-04-07 21:00:00,18.909166666666668,15.91693350296221
2026-04-07 22:00:00,19.6075,17.604046917332106
2026-04-07 23:00:00,19.971666666666668,17.42851335100189
2026-04-08 00:00:00,19.805,18.16766508019302
2026-04-08 01:00:00,19.4325,19.15395799079624
2026-04-08 02:00:00,19.204166666666666,19.40079666293366
2026-04-08 03:00:00,18.86916666666667,18.90226744603543
2026-04-08 04:00:00,18.704166666666666,18.797665233367436
2026-04-08 05:00:00,18.576666666666664,17.131357837422694
2026-04-08 06:00:00,16.7875,17.816751080089368
2026-04-08 07:00:00,17.095833333333335,17.79973962344888
2026-04-08 08:00:00,16.964166666666667,17.56731458933443
2026-04-08 09:00:00,16.620833333333334,15.736479088160609
2026-04-08 10:00:00,15.994166666666668,15.477191836560968
2026-04-08 11:00:00,15.108333333333333,15.566259495122068
2026-04-08 12:00:00,14.1825,15.270147378376937
2026-04-08 13:00:00,13.4525,15.208245447450455
2026-04-08 14:00:00,13.4825,15.191081559950184
2026-04-08 15:00:00,14.126666666666669,14.335796650163886
2026-04-08 16:00:00,14.864166666666668,13.21668857296369
2026-04-08 17:00:00,15.364166666666668,12.869634082821474
2026-04-08 18:00:00,15.845833333333331,15.213236154895124
2026-04-08 19:00:00,16.806666666666665,15.3891430609185
2026-04-08 20:00:00,17.805833333333332,16.05471024345455
2026-04-08 21:00:00,18.909166666666668,15.917253950384517
2026-04-08 22:00:00,19.6075,17.604757583638076
2026-04-08 23:00:00,19.971666666666668,17.422294131361824
2026-04-09 00:00:00,19.805,18.170715878075654
2026-04-09 01:00:00,19.4325,19.158606685648486
2026-04-09 02:00:00,19.204166666666666,19.40246280101553
2026-04-09 03:00:00,18.86916666666667,18.912168040677045
2026-04-09 04:00:00,18.704166666666666,18.80425461261658
2026-04-09 05:00:00,18.576666666666664,17.149768601757586
2026-04-09 06:00:00,16.7875,17.822829640716815
2026-04-09 07:00:00,17.095833333333335,17.799261803314632
2026-04-09 08:00:00,16.964166666666667,17.559193583213286
2026-04-09 09:00:00,16.620833333333334,15.743961713670394
2026-04-09 10:00:00,15.994166666666668,15.484828765241282
2026-04-09 11:00:00,15.108333333333333,15.555955579099507
2026-04-09 12:00:00,14.1825,15.28601796380351
2026-04-09 13:00:00,13.4525,15.222559738707293
2026-04-09 14:00:00,13.4825,15.20605198391764
2026-04-09 15:00:00,14.126666666666669,14.327426478622167
2026-04-09 16:00:00,14.864166666666668,13.210366205626574
2026-04-09 17:00:00,15.364166666666668,12.867125569680681
2026-04-09 18:00:00,15.845833333333331,15.21297692773338
2026-04-09 19:00:00,16.806666666666665,15.41506365056881
2026-04-09 20:00:00,17.805833333333332,16.056769379125647
2026-04-09 21:00:00,18.909166666666668,15.924387792587126
2026-04-09 22:00:00,19.6075,17.598081876720865
2026-04-09 23:00:00,19.971666666666668,17.429664381783585
2026-04-10 00:00:00,19.805,18.156273410967756
2026-04-10 01:00:00,19.4325,19.155273316010973
2026-04-10 02:00:00,19.204166666666666,19.39868749067949
2026-04-10 03:00:00,18.86916666666667,18.907978308621885
2026-04-10 04:00:00,18.704166666666666,18.788991245915916
2026-04-10 05:00:00,18.576666666666664,17.159326394872913
2026-04-10 06:00:00,16.7875,17.849927533259777
2026-04-10 07:00:00,17.095833333333335,17.803317204996766
2026-04-10 08:00:00,16.964166666666667,17.559872594124634
2026-04-10 09:00:00,16.620833333333334,15.751301181788488
2026-04-10 10:00:00,15.994166666666668,15.485385414173326
2026-04-10 11:00:00,15.108333333333333,15.547092930839927
2026-04-10 12:00:00,14.1825,15.28431029014533
2026-04-10 13:00:00,13.4525,15.226974297139467
2026-04-10 14:00:00,13.4825,15.197767866510343
2026-04-10 15:00:00,14.126666666666669,14.341739241247323
2026-04-10 16:00:00,14.864166666666668,13.243850113575505
2026-04-10 17:00:00,15.364166666666668,12.880021121440253
2026-04-10 18:00:00,15.845833333333331,15.245438926426264
2026-04-10 19:00:00,16.806666666666665,15.440480810658286
2026-04-10 20:00:00,17.805833333333332,16.06789664858376
2026-04-10 21:00:00,18.909166666666668,15.925501326801268
2026-04-10 22:00:00,19.6075,17.598750252806887
2026-04-10 23:00:00,19.971666666666668,17.431633988612255
2026-04-11 00:00:00,19.805,18.160276966829844
2026-04-11 01:00:00,19.4325,19.178401263854603
2026-04-11 02:00:00,19.204166666666666,19.435775152914694
2026-04-11 03:00:00,18.86916666666667,18.949650202954587
2026-04-11 04:00:00,18.704166666666666,18.818070202583147
2026-04-11 05:00:00,18.576666666666664,17.202533123071355
2026-04-11 06:00:00,16.7875,17.888039482845542
2026-04-11 07:00:00,17.095833333333335,17.819128639954815
2026-04-11 08:00:00,16.964166666666667,17.5724963776761
2026-04-11 09:00:00,16.620833333333334,15.767248530864563
2026-04-11 10:00:00,15.994166666666668,15.492779851484713
2026-04-11 11:00:00,15.108333333333333,15.54757110937976
2026-04-11 12:00:00,14.1825,15.284865798099416
2026-04-11 13:00:00,13.4525,15.221317998353733
2026-04-11 14:00:00,13.4825,15.183028005218478
2026-04-11 15:00:00,14.126666666666669,14.344746278296434
2026-04-11 16:00:00,14.864166666666668,13.283364698673086
2026-04-11 17:00:00,15.364166666666668,13.008084886711657
2026-04-11 18:00:00,15.845833333333331,15.289233937373805
2026-04-11 19:00:00,16.806666666666665,15.454840353588217
2026-04-11 20:00:00,17.805833333333332,16.07260620210522
2026-04-11 21:00:00,18.909166666666668,15.936050831683676
2026-04-11 22:00:00,19.6075,17.619741695394016
2026-04-11 23:00:00,19.971666666666668,17.44987390313201
2026-04-12 00:00:00,19.805,18.158765148555847
2026-04-12 01:00:00,19.4325,19.181771327689585
2026-04-12 02:00:00,19.204166666666666,19.439195205065644
2026-04-12 03:00:00,18.86916666666667,18.94710688299231
2026-04-12 04:00:00,18.704166666666666,18.828039271932646
2026-04-12 05:00:00,18.576666666666664,17.20803300503288
2026-04-12 06:00:00,16.7875,17.945685764268557
2026-04-12 07:00:00,17.095833333333335,17.815769088862048
2026-04-12 08:00:00,16.964166666666667,17.57873102493329
2026-04-12 09:00:00,16.620833333333334,15.767517873949616
2026-04-12 10:00:00,15.994166666666668,15.495692705707437
2026-04-12 11:00:00,15.108333333333333,15.54784468809481
2026-04-12 12:00:00,14.1825,15.281398365007124
2026-04-12 13:00:00,13.4525,15.235394747593514
2026-04-12 14:00:00,13.4825,15.174747853223781
2026-04-12 15:00:00,14.126666666666669,14.328946283678931
2026-04-12 16:00:00,14.864166666666668,13.280811176230262
2026-04-12 17:00:00,15.364166666666668,13.00996543188975
2026-04-12 18:00:00,15.845833333333331,15.283936296759116
2026-04-12 19:00:00,16.806666666666665,15.434370958633417
2026-04-12 20:00:00,17.805833333333332,16.057251858035848
2026-04-12 21:00:00,18.909166666666668,15.92647744281628
2026-04-12 22:00:00,19.6075,17.62530010065884
2026-04-12 23:00:00,19.971666666666668,17.464246861840373
2026-04-13 00:00:00,19.805,18.14893005161874
2026-04-13 01:00:00,19.4325,19.129646761456975
2026-04-13 02:00:00,19.204166666666666,19.369117882736493
2026-04-13 03:00:00,18.86916666666667,18.878129700280553
2026-04-13 04:00:00,18.704166666666666,18.76754508188624
2026-04-13 05:00:00,18.576666666666664,17.14558252120061
2026-04-13 06:00:00,16.7875,17.827034662308215
2026-04-13 07:00:00,17.095833333333335,17.795144514117506
2026-04-13 08:00:00,16.964166666666667,17.57992460924601
2026-04-13 09:00:00,16.620833333333334,15.715737724880317
2026-04-13 10:00:00,15.994166666666668,15.474027492250427
2026-04-13 11:00:00,15.108333333333333,15.568912324597608
2026-04-13 12:00:00,14.1825,15.272659590714358
2026-04-13 13:00:00,13.4525,15.231294192734993
2026-04-13 14:00:00,13.4825,15.208222322483433
2026-04-13 15:00:00,14.126666666666669,14.305597370260898
2026-04-13 16:00:00,14.864166666666668,13.16402560060531
2026-04-13 17:00:00,15.364166666666668,12.793731491176889
2026-04-13 18:00:00,15.845833333333331,15.133978918690353
2026-04-13 19:00:00,16.806666666666665,15.31257803854184
2026-04-13 20:00:00,17.805833333333332,15.978928435825408
2026-04-13 21:00:00,18.909166666666668,15.870838133469618
2026-04-13 22:00:00,19.6075,17.58628069729719
2026-04-13 23:00:00,19.971666666666668,17.411766595486732
2026-04-14 00:00:00,19.805,18.157211565748938
2026-04-14 01:00:00,19.4325,19.1403406873087
2026-04-14 02:00:00,19.204166666666666,19.39354635544893
2026-04-14 03:00:00,18.86916666666667,18.905311534763047
2026-04-14 04:00:00,18.704166666666666,18.780190900770606
2026-04-14 05:00:00,18.576666666666664,17.157710571992887
2026-04-14 06:00:00,16.7875,17.85234088841601
2026-04-14 07:00:00,17.095833333333335,17.78894530029733
2026-04-14 08:00:00,16.964166666666667,17.578298378122078
2026-04-14 09:00:00,16.620833333333334,15.708976857259692
2026-04-14 10:00:00,15.994166666666668,15.45876341148552
2026-04-14 11:00:00,15.108333333333333,15.543747039671938
2026-04-14 12:00:00,14.1825,15.278339141907171
2026-04-14 13:00:00,13.4525,15.229321947951158
2026-04-14 14:00:00,13.4825,15.202570897392501
2026-04-14 15:00:00,14.126666666666669,14.330108745573348
2026-04-14 16:00:00,14.864166666666668,13.215488920216824
2026-04-14 17:00:00,15.364166666666668,12.854422462975675
2026-04-14 18:00:00,15.845833333333331,15.205522054563053
2026-04-14 19:00:00,16.806666666666665,15.360299808101626
2026-04-14 20:00:00,17.805833333333332,16.013975782610814
2026-04-14 21:00:00,18.909166666666668,15.913389220464387
2026-04-14 22:00:00,19.6075,17.600371637963235
2026-04-14 23:00:00,19.971666666666668,17.425773722253155
2026-04-15 00:00:00,19.805,18.167584753686242
2026-04-15 01:00:00,19.4325,19.14347472291366
2026-04-15 02:00:00,19.204166666666666,19.387230968696223
2026-04-15 03:00:00,18.86916666666667,18.914492068522446
2026-04-15 04:00:00,18.704166666666666,18.781575233172425
2026-04-15 05:00:00,18.576666666666664,17.16472107874125
2026-04-15 06:00:00,16.7875,17.856743570423923
2026-04-15 07:00:00,17.095833333333335,17.78684660928768
2026-04-15 08:00:00,16.964166666666667,17.57176835679887
2026-04-15 09:00:00,16.620833333333334,15.7136255176366
2026-04-15 10:00:00,15.994166666666668,15.465851140992026
2026-04-15 11:00:00,15.108333333333333,15.564352007914886
2026-04-15 12:00:00,14.1825,15.310881647368742
2026-04-15 13:00:00,13.4525,15.227265182431422
2026-04-15 14:00:00,13.4825,15.209515405168961
2026-04-15 15:00:00,14.126666666666669,14.322160082622345
2026-04-15 16:00:00,14.864166666666668,13.21581606153163
2026-04-15 17:00:00,15.364166666666668,12.861406906368657
2026-04-15 18:00:00,15.845833333333331,15.210288851733939
2026-04-15 19:00:00,16.806666666666665,15.380596606175434
2026-04-15 20:00:00,17.805833333333332,16.029630989726776
2026-04-15 21:00:00,18.909166666666668,15.929850383769496
2026-04-15 22:00:00,19.6075,17.616606981569483
2026-04-15 23:00:00,19.971666666666668,17.43579795839446
2026-04-16 00:00:00,19.805,18.173292783999006
2026-04-16 01:00:00,19.4325,19.15027172451206
2026-04-16 02:00:00,19.204166666666666,19.39485672506753
2026-04-16 03:00:00,18.86916666666667,18.921015642399183
2026-04-16 04:00:00,18.704166666666666,18.787364772855398
2026-04-16 05:00:00,18.576666666666664,17.171222698884627
2026-04-16 06:00:00,16.7875,17.86253866828404
2026-04-16 07:00:00,17.095833333333335,17.78917058876378
2026-04-16 08:00:00,16.964166666666667,17.560841019872086
2026-04-16 09:00:00,16.620833333333334,15.72074937824156
2026-04-16 10:00:00,15.994166666666668,15.465995755093285
2026-04-16 11:00:00,15.108333333333333,15.561941670206538
2026-04-16 12:00:00,14.1825,15.32577728656693
2026-04-16 13:00:00,13.4525,15.240348791177702
2026-04-16 14:00:00,13.4825,15.229320899182936
2026-04-16 15:00:00,14.126666666666669,14.328328764020927
2026-04-16 16:00:00,14.864166666666668,13.225162968197566
2026-04-16 17:00:00,15.364166666666668,12.870710836831758
2026-04-16 18:00:00,15.845833333333331,15.230457852261816
2026-04-16 19:00:00,16.806666666666665,15.41247988935474
2026-04-16 20:00:00,17.805833333333332,16.03400535857959
2026-04-16 21:00:00,18.909166666666668,15.942435379402163
2026-04-16 22:00:00,19.6075,17.616845382207394
2026-04-16 23:00:00,19.971666666666668,17.44943269677011
2026-04-17 00:00:00,19.805,18.170938385763424
2026-04-17 01:00:00,19.4325,19.153790618659873
2026-04-17 02:00:00,19.204166666666666,19.395984950996496
2026-04-17 03:00:00,18.86916666666667,18.921863117977168
2026-04-17 04:00:00,18.704166666666666,18.782564436546693
2026-04-17 05:00:00,18.576666666666664,17.178730599108277
2026-04-17 06:00:00,16.7875,17.888127179963313
2026-04-17 07:00:00,17.095833333333335,17.786320193212532
2026-04-17 08:00:00,16.964166666666667,17.55666306751558
2026-04-17 09:00:00,16.620833333333334,15.724917495130217
2026-04-17 10:00:00,15.994166666666668,15.465283870403074
2026-04-17 11:00:00,15.108333333333333,15.549244083278541
2026-04-17 12:00:00,14.1825,15.321847530746954
2026-04-17 13:00:00,13.4525,15.241708540196342
2026-04-17 14:00:00,13.4825,15.21612721502849
2026-04-17 15:00:00,14.126666666666669,14.34757894478437
2026-04-17 16:00:00,14.864166666666668,13.253001789599
2026-04-17 17:00:00,15.364166666666668,12.876394011295744
2026-04-17 18:00:00,15.845833333333331,15.248322796265462
2026-04-17 19:00:00,16.806666666666665,15.43528617656219
2026-04-17 20:00:00,17.805833333333332,16.046433365676197
2026-04-17 21:00:00,18.909166666666668,15.94521430579631
2026-04-17 22:00:00,19.6075,17.61731366301727
2026-04-17 23:00:00,19.971666666666668,17.456891624507485
2026-04-18 00:00:00,19.805,18.166098576641446
2026-04-18 01:00:00,19.4325,19.166747480465013
2026-04-18 02:00:00,19.204166666666666,19.42324697072828
2026-04-18 03:00:00,18.86916666666667,18.954576374361814
2026-04-18 04:00:00,18.704166666666666,18.80581224878182
2026-04-18 05:00:00,18.576666666666664,17.207792831324017
2026-04-18 06:00:00,16.7875,17.91939710197965
2026-04-18 07:00:00,17.095833333333335,17.804477096848856
2026-04-18 08:00:00,16.964166666666667,17.569306687808304
2026-04-18 09:00:00,16.620833333333334,15.7376299129292
2026-04-18 10:00:00,15.994166666666668,15.4697427417471
2026-04-18 11:00:00,15.108333333333333,15.539649820593933
2026-04-18 12:00:00,14.1825,15.322388030841715
2026-04-18 13:00:00,13.4525,15.234154037736506
2026-04-18 14:00:00,13.4825,15.193893522081133
2026-04-18 15:00:00,14.126666666666669,14.343692395776293
2026-04-18 16:00:00,14.864166666666668,13.291198568716652
2026-04-18 17:00:00,15.364166666666668,13.011428134348389
2026-04-18 18:00:00,15.845833333333331,15.306084236568141
2026-04-18 19:00:00,16.806666666666665,15.4485069567964
2026-04-18 20:00:00,17.805833333333332,16.035897537046893
2026-04-18 21:00:00,18.909166666666668,15.947579417182784
2026-04-18 22:00:00,19.6075,17.626649309859182
2026-04-18 23:00:00,19.971666666666668,17.468784879419605
2026-04-19 00:00:00,19.805,18.159489354878975
2026-04-19 01:00:00,19.4325,19.165830748655985
2026-04-19 02:00:00,19.204166666666666,19.423305011080682
2026-04-19 03:00:00,18.86916666666667,18.944493473619957
2026-04-19 04:00:00,18.704166666666666,18.810993310690897
2026-04-19 05:00:00,18.576666666666664,17.19829768646146
2026-04-19 06:00:00,16.7875,17.942754114413734
2026-04-19 07:00:00,17.095833333333335,17.796839638483164
2026-04-19 08:00:00,16.964166666666667,17.571817354300407
2026-04-19 09:00:00,16.620833333333334,15.737101915745646
2026-04-19 10:00:00,15.994166666666668,15.4723443892814
2026-04-19 11:00:00,15.108333333333333,15.529502951869839
2026-04-19 12:00:00,14.1825,15.324098516045101
2026-04-19 13:00:00,13.4525,15.254350485863846
2026-04-19 14:00:00,13.4825,15.183962521586931
2026-04-19 15:00:00,14.126666666666669,14.340774626932326
2026-04-19 16:00:00,14.864166666666668,13.302734700323295
2026-04-19 17:00:00,15.364166666666668,13.017853732157985
2026-04-19 18:00:00,15.845833333333331,15.31146103058525
2026-04-19 19:00:00,16.806666666666665,15.429038667133767
2026-04-19 20:00:00,17.805833333333332,16.01960257545065
2026-04-19 21:00:00,18.909166666666668,15.933790427988281
2026-04-19 22:00:00,19.6075,17.627749894479457
2026-04-19 23:00:00,19.971666666666668,17.482099371550152
2026-04-20 00:00:00,19.805,18.150427619661663
2026-04-20 01:00:00,19.4325,19.11020879090132
2026-04-20 02:00:00,19.204166666666666,19.356165367369826
2026-04-20 03:00:00,18.86916666666667,18.883575086458006
2026-04-20 04:00:00,18.704166666666666,18.760279905627044
2026-04-20 05:00:00,18.576666666666664,17.1408263774319
2026-04-20 06:00:00,16.7875,17.836258203386024
2026-04-20 07:00:00,17.095833333333335,17.77345292047987
2026-04-20 08:00:00,16.964166666666667,17.574685165313532
2026-04-20 09:00:00,16.620833333333334,15.707906565509873
2026-04-20 10:00:00,15.994166666666668,15.460077359919982
2026-04-20 11:00:00,15.108333333333333,15.552226769924067
2026-04-20 12:00:00,14.1825,15.324325500040866
2026-04-20 13:00:00,13.4525,15.25059443357959
2026-04-20 14:00:00,13.4825,15.227460842743458
2026-04-20 15:00:00,14.126666666666669,14.323358095689805
2026-04-20 16:00:00,14.864166666666668,13.189972408100203
2026-04-20 17:00:00,15.364166666666668,12.8033102243684
2026-04-20 18:00:00,15.845833333333331,15.158257327489334
2026-04-20 19:00:00,16.806666666666665,15.316937453327945
2026-04-20 20:00:00,17.805833333333332,15.935851741613549
2026-04-20 21:00:00,18.909166666666668,15.876220632997365
2026-04-20 22:00:00,19.6075,17.593274542469302
2026-04-20 23:00:00,19.971666666666668,17.433958729366175
2026-04-21 00:00:00,19.805,18.166344413764357
2026-04-21 01:00:00,19.4325,19.12270216663197
2026-04-21 02:00:00,19.204166666666666,19.37901596579763
2026-04-21 03:00:00,18.86916666666667,18.905454018268586
2026-04-21 04:00:00,18.704166666666666,18.777559832715315
2026-04-21 05:00:00,18.576666666666664,17.15635569873112
2026-04-21 06:00:00,16.7875,17.85581369031067
2026-04-21 07:00:00,17.095833333333335,17.77137140419819
2026-04-21 08:00:00,16.964166666666667,17.57602251774111
2026-04-21 09:00:00,16.620833333333334,15.70315595743138
2026-04-21 10:00:00,15.994166666666668,15.452306141977768
2026-04-21 11:00:00,15.108333333333333,15.53429710018628
2026-04-21 12:00:00,14.1825,15.32026130122471
2026-04-21 13:00:00,13.4525,15.252001023166557
2026-04-21 14:00:00,13.4825,15.223634438884854
2026-04-21 15:00:00,14.126666666666669,14.349657657971903
2026-04-21 16:00:00,14.864166666666668,13.240383128538365
2026-04-21 17:00:00,15.364166666666668,12.867102057219164
2026-04-21 18:00:00,15.845833333333331,15.210400078404927
2026-04-21 19:00:00,16.806666666666665,15.355601299935213
2026-04-21 20:00:00,17.805833333333332,15.966938757247728
2026-04-21 21:00:00,18.909166666666668,15.917720435637158
2026-04-21 22:00:00,19.6075,17.60712633030564
2026-04-21 23:00:00,19.971666666666668,17.44886052645276
2026-04-22 00:00:00,19.805,18.18127694203988
2026-04-22 01:00:00,19.4325,19.12810263049579
2026-04-22 02:00:00,19.204166666666666,19.37388620235209
2026-04-22 03:00:00,18.86916666666667,18.913545133148165
2026-04-22 04:00:00,18.704166666666666,18.784398058104845
2026-04-22 05:00:00,18.576666666666664,17.171504904612156
2026-04-22 06:00:00,16.7875,17.8637704423927
2026-04-22 07:00:00,17.095833333333335,17.771183912567228
2026-04-22 08:00:00,16.964166666666667,17.576435082933784
2026-04-22 09:00:00,16.620833333333334,15.725226861945561
2026-04-22 10:00:00,15.994166666666668,15.466651982942633
2026-04-22 11:00:00,15.108333333333333,15.539075115491134
2026-04-22 12:00:00,14.1825,15.330060495620067
2026-04-22 13:00:00,13.4525,15.249626757377062
2026-04-22 14:00:00,13.4825,15.2261646284121
2026-04-22 15:00:00,14.126666666666669,14.353226596795789
2026-04-22 16:00:00,14.864166666666668,13.250126145849848
2026-04-22 17:00:00,15.364166666666668,12.878595637965251
2026-04-22 18:00:00,15.845833333333331,15.235956427393472
2026-04-22 19:00:00,16.806666666666665,15.379017876723056
2026-04-22 20:00:00,17.805833333333332,15.983236116763127
2026-04-22 21:00:00,18.909166666666668,15.923245883218984
2026-04-22 22:00:00,19.6075,17.608953996753577
2026-04-22 23:00:00,19.971666666666668,17.452846854984244
2026-04-23 00:00:00,19.805,18.201912535711365
2026-04-23 01:00:00,19.4325,19.151128520809145
2026-04-23 02:00:00,19.204166666666666,19.3912876056487
2026-04-23 03:00:00,18.86916666666667,18.9307455364747
2026-04-23 04:00:00,18.704166666666666,18.80247790116755
2026-04-23 05:00:00,18.576666666666664,17.18000328030757
2026-04-23 06:00:00,16.7875,17.86954146212687
2026-04-23 07:00:00,17.095833333333335,17.763221639246254
2026-04-23 08:00:00,16.964166666666667,17.570587879968695
2026-04-23 09:00:00,16.620833333333334,15.747318139817303
2026-04-23 10:00:00,15.994166666666668,15.486459786922794
2026-04-23 11:00:00,15.108333333333333,15.543659100689894
2026-04-23 12:00:00,14.1825,15.3583036514884
2026-04-23 13:00:00,13.4525,15.28360999409129
2026-04-23 14:00:00,13.4825,15.27254690424314
2026-04-23 15:00:00,14.126666666666669,14.374958805274817
2026-04-23 16:00:00,14.864166666666668,13.260699028137207
2026-04-23 17:00:00,15.364166666666668,12.910373107932493
2026-04-23 18:00:00,15.845833333333331,15.273355070709789
2026-04-23 19:00:00,16.806666666666665,15.411683945593575
2026-04-23 20:00:00,17.805833333333332,16.004583022148672
2026-04-23 21:00:00,18.909166666666668,15.944430953517642
2026-04-23 22:00:00,19.6075,17.629324732518356
2026-04-23 23:00:00,19.971666666666668,17.492498720539395
2026-04-24 00:00:00,19.805,18.194823459842436
2026-04-24 01:00:00,19.4325,19.146056184874052
2026-04-24 02:00:00,19.204166666666666,19.389419063066306
2026-04-24 03:00:00,18.86916666666667,18.935836250186057
2026-04-24 04:00:00,18.704166666666666,18.80484640178487
2026-04-24 05:00:00,18.576666666666664,17.183373068343663
2026-04-24 06:00:00,16.7875,17.89180882134816
2026-04-24 07:00:00,17.095833333333335,17.773881505550744
2026-04-24 08:00:00,16.964166666666667,17.56664703113362
2026-04-24 09:00:00,16.620833333333334,15.759777727264204
2026-04-24 10:00:00,15.994166666666668,15.498060456731487
2026-04-24 11:00:00,15.108333333333333,15.56467491267182
2026-04-24 12:00:00,14.1825,15.388700848608115
2026-04-24 13:00:00,13.4525,15.31884111109189
2026-04-24 14:00:00,13.4825,15.272108947751502
2026-04-24 15:00:00,14.126666666666669,14.38625799178589
2026-04-24 16:00:00,14.864166666666668,13.283405526860975
2026-04-24 17:00:00,15.364166666666668,12.924317730198489
2026-04-24 18:00:00,15.845833333333331,15.278141215610557
2026-04-24 19:00:00,16.806666666666665,15.435195852478378
2026-04-24 20:00:00,17.805833333333332,15.997222625665563
2026-04-24 21:00:00,18.909166666666668,15.942812365567143
2026-04-24 22:00:00,19.6075,17.634401334032944
2026-04-24 23:00:00,19.971666666666668,17.50249731648187
2026-04-25 00:00:00,19.805,18.19178181522612
2026-04-25 01:00:00,19.4325,19.15730682598105
2026-04-25 02:00:00,19.204166666666666,19.426474636283558
2026-04-25 03:00:00,18.86916666666667,18.987657844877685
2026-04-25 04:00:00,18.704166666666666,18.848081817742155
2026-04-25 05:00:00,18.576666666666664,17.228880675821905
2026-04-25 06:00:00,16.7875,17.939800231082167
2026-04-25 07:00:00,17.095833333333335,17.816931197246745
2026-04-25 08:00:00,16.964166666666667,17.592402176564715
2026-04-25 09:00:00,16.620833333333334,15.789253892517989
2026-04-25 10:00:00,15.994166666666668,15.522564713636658
2026-04-25 11:00:00,15.108333333333333,15.58183479880956
2026-04-25 12:00:00,14.1825,15.418055410930402
2026-04-25 13:00:00,13.4525,15.323126347554274
2026-04-25 14:00:00,13.4825,15.272181830821967
2026-04-25 15:00:00,14.126666666666669,14.399370625337987
2026-04-25 16:00:00,14.864166666666668,13.334745618957918
2026-04-25 17:00:00,15.364166666666668,13.073401440510104
2026-04-25 18:00:00,15.845833333333331,15.350702872826307
2026-04-25 19:00:00,16.806666666666665,15.460717693890128
2026-04-25 20:00:00,17.805833333333332,16.004848658207663
2026-04-25 21:00:00,18.909166666666668,15.963463503475634
2026-04-25 22:00:00,19.6075,17.66691676428372
2026-04-25 23:00:00,19.971666666666668,17.517058502933665
2026-04-26 00:00:00,19.805,18.18999964561945
2026-04-26 01:00:00,19.4325,19.155524950008754
2026-04-26 02:00:00,19.204166666666666,19.427285075420563
2026-04-26 03:00:00,18.86916666666667,18.988615651646775
2026-04-26 04:00:00,18.704166666666666,18.857005442717707
2026-04-26 05:00:00,18.576666666666664,17.21890884592304
2026-04-26 06:00:00,16.7875,17.949010196900367
2026-04-26 07:00:00,17.095833333333335,17.815166807651345
2026-04-26 08:00:00,16.964166666666667,17.593225218256734
2026-04-26 09:00:00,16.620833333333334,15.790707556867066
2026-04-26 10:00:00,15.994166666666668,15.526169040974693
2026-04-26 11:00:00,15.108333333333333,15.608147330368563
2026-04-26 12:00:00,14.1825,15.442141839660724
2026-04-26 13:00:00,13.4525,15.373288395130615
2026-04-26 14:00:00,13.4825,15.27414964499858
2026-04-26 15:00:00,14.126666666666669,14.396246749585133
2026-04-26 16:00:00,14.864166666666668,13.34928738774471
2026-04-26 17:00:00,15.364166666666668,13.075184657681302
2026-04-26 18:00:00,15.845833333333331,15.348378076304666
2026-04-26 19:00:00,16.806666666666665,15.441129289307401
2026-04-26 20:00:00,17.805833333333332,15.982567274941616
2026-04-26 21:00:00,18.909166666666668,15.948523742982207
2026-04-26 22:00:00,19.6075,17.67587128118604
2026-04-26 23:00:00,19.971666666666668,17.53345636892248
2026-04-27 00:00:00,19.805,18.185443014741498
2026-04-27 01:00:00,19.4325,19.103561666228913
2026-04-27 02:00:00,19.204166666666666,19.36104203574068
2026-04-27 03:00:00,18.86916666666667,18.919407041417607
2026-04-27 04:00:00,18.704166666666666,18.782833348333078
2026-04-27 05:00:00,18.576666666666664,17.15576254366885
2026-04-27 06:00:00,16.7875,17.840921853564463
2026-04-27 07:00:00,17.095833333333335,17.78464338261721
2026-04-27 08:00:00,16.964166666666667,17.586296194991807
2026-04-27 09:00:00,16.620833333333334,15.762667822867162
2026-04-27 10:00:00,15.994166666666668,15.50074924559766
2026-04-27 11:00:00,15.108333333333333,15.620774481083224
2026-04-27 12:00:00,14.1825,15.436071685881767
2026-04-27 13:00:00,13.4525,15.381187146077282
2026-04-27 14:00:00,13.4825,15.319147223653703
2026-04-27 15:00:00,14.126666666666669,14.345880727286684
2026-04-27 16:00:00,14.864166666666668,13.20873455672233
2026-04-27 17:00:00,15.364166666666668,12.876174011370292
2026-04-27 18:00:00,15.845833333333331,15.254403239935826
2026-04-27 19:00:00,16.806666666666665,15.315789571097255
2026-04-27 20:00:00,17.805833333333332,15.89901500072453
2026-04-27 21:00:00,18.909166666666668,15.884177985893505
2026-04-27 22:00:00,19.6075,17.623059067177586
2026-04-27 23:00:00,19.971666666666668,17.455866568844286
2026-04-28 00:00:00,19.805,18.193706116303673
2026-04-28 01:00:00,19.4325,19.104089695605715
2026-04-28 02:00:00,19.204166666666666,19.373341515791523
2026-04-28 03:00:00,18.86916666666667,18.933458764392192
2026-04-28 04:00:00,18.704166666666666,18.790136576290156
2026-04-28 05:00:00,18.576666666666664,17.166093637190016
2026-04-28 06:00:00,16.7875,17.86190648237646
2026-04-28 07:00:00,17.095833333333335,17.77501087833202
2026-04-28 08:00:00,16.964166666666667,17.581323539098136
2026-04-28 09:00:00,16.620833333333334,15.763324960664814
2026-04-28 10:00:00,15.994166666666668,15.495377365004966
2026-04-28 11:00:00,15.108333333333333,15.580016384927523
2026-04-28 12:00:00,14.1825,15.40595750335163
2026-04-28 13:00:00,13.4525,15.346835019794424
2026-04-28 14:00:00,13.4825,15.297221030196813
2026-04-28 15:00:00,14.126666666666669,14.358535985675392
2026-04-28 16:00:00,14.864166666666668,13.238594667540593
2026-04-28 17:00:00,15.364166666666668,12.9252155504001
2026-04-28 18:00:00,15.845833333333331,15.303020483153484
2026-04-28 19:00:00,16.806666666666665,15.355013515222126
2026-04-28 20:00:00,17.805833333333332,15.930841688502724
2026-04-28 21:00:00,18.909166666666668,15.92073620184923
2026-04-28 22:00:00,19.6075,17.642460312915972
2026-04-28 23:00:00,19.971666666666668,17.464649537208608
2026-04-29 00:00:00,19.805,18.22428082989422
2026-04-29 01:00:00,19.4325,19.099980798950604
2026-04-29 02:00:00,19.204166666666666,19.363858917010347
2026-04-29 03:00:00,18.86916666666667,18.94952037734408
2026-04-29 04:00:00,18.704166666666666,18.79558067801569
2026-04-29 05:00:00,18.576666666666664,17.16804815736289
2026-04-29 06:00:00,16.7875,17.888450594475678
2026-04-29 07:00:00,17.095833333333335,17.77836228865712
2026-04-29 08:00:00,16.964166666666667,17.55962485885466
2026-04-29 09:00:00,16.620833333333334,15.771911652201315
2026-04-29 10:00:00,15.994166666666668,15.506205631949783
2026-04-29 11:00:00,15.108333333333333,15.593435284186022
2026-04-29 12:00:00,14.1825,15.43330416518533
2026-04-29 13:00:00,13.4525,15.378502894331692
2026-04-29 14:00:00,13.4825,15.322760369606208
2026-04-29 15:00:00,14.126666666666669,14.338492081788237
2026-04-29 16:00:00,14.864166666666668,13.224041886364576
2026-04-29 17:00:00,15.364166666666668,12.897171135823868
2026-04-29 18:00:00,15.845833333333331,15.295649817352896
2026-04-29 19:00:00,16.806666666666665,15.33352771518783
2026-04-29 20:00:00,17.805833333333332,15.93162270674084
2026-04-29 21:00:00,18.909166666666668,15.888873526908142
2026-04-29 22:00:00,19.6075,17.640087820956403
2026-04-29 23:00:00,19.971666666666668,17.48657548187868
2026-04-30 00:00:00,19.805,18.204649314136546
2026-04-30 01:00:00,19.4325,19.101693275339393
2026-04-30 02:00:00,19.204166666666666,19.364483915792817
2026-04-30 03:00:00,18.86916666666667,18.947959719523098
2026-04-30 04:00:00,18.704166666666666,18.80192937164493
2026-04-30 05:00:00,18.576666666666664,17.167812202413877
2026-04-30 06:00:00,16.7875,17.863739766760006
2026-04-30 07:00:00,17.095833333333335,17.778875192962747
2026-04-30 08:00:00,16.964166666666667,17.548029428493805
2026-04-30 09:00:00,16.620833333333334,15.782031976081312
2026-04-30 10:00:00,15.994166666666668,15.518309531724169
2026-04-30 11:00:00,15.108333333333333,15.592831508218111
2026-04-30 12:00:00,14.1825,15.437431983697337
2026-04-30 13:00:00,13.4525,15.408666394197269
2026-04-30 14:00:00,13.4825,15.325347865285469
2026-04-30 15:00:00,14.126666666666669,14.288305230086074
2026-04-30 16:00:00,14.864166666666668,13.18371122477615
2026-04-30 17:00:00,15.364166666666668,12.86672044712897
2026-04-30 18:00:00,15.845833333333331,15.267771322499165
2026-04-30 19:00:00,16.806666666666665,15.305615027710221
2026-04-30 20:00:00,17.805833333333332,15.902283288991574
2026-04-30 21:00:00,18.909166666666668,15.863689721565375
2026-04-30 22:00:00,19.6075,17.633351142434282
2026-04-30 23:00:00,19.971666666666668,17.49756109302881
2026-05-01 00:00:00,14.570967741935483,17.90584170668719
2026-05-01 01:00:00,14.312096774193549,15.764223118475295
2026-05-01 02:00:00,14.25,19.95634329222559
2026-05-01 03:00:00,14.317741935483872,13.899954656058155
2026-05-01 04:00:00,14.070967741935483,14.06402493556162
2026-05-01 05:00:00,14.171774193548387,12.55256550697784
2026-05-01 06:00:00,12.649193548387096,13.883665897576925
2026-05-01 07:00:00,12.931451612903226,14.189143543398952
2026-05-01 08:00:00,13.03064516129032,13.530619698780287
2026-05-01 09:00:00,12.98225806451613,12.02348292300201
2026-05-01 10:00:00,12.725,12.136819541046155
2026-05-01 11:00:00,11.974193548387095,12.315614358951912
2026-05-01 12:00:00,10.966935483870968,12.042453212840309
2026-05-01 13:00:00,9.893548387096772,12.089476530249627
2026-05-01 14:00:00,9.475,11.367212749369696
2026-05-01 15:00:00,9.764516129032256,10.652535023129074
2026-05-01 16:00:00,10.291935483870969,9.656092725222042
2026-05-01 17:00:00,11.223387096774196,9.126368898926682
2026-05-01 18:00:00,11.546774193548387,9.229271292430571
2026-05-01 19:00:00,12.672580645161291,9.415614238579108
2026-05-01 20:00:00,13.606451612903228,11.250620159173028
2026-05-01 21:00:00,14.258064516129032,11.658321326747194
2026-05-01 22:00:00,14.656451612903227,11.999649918683183
2026-05-01 23:00:00,14.803225806451612,13.255576433016243
2026-05-02 00:00:00,14.570967741935483,13.756422674558603
2026-05-02 01:00:00,14.312096774193549,14.070945345967901
2026-05-02 02:00:00,14.25,14.280740776531237
2026-05-02 03:00:00,14.317741935483872,13.961906808186885
2026-05-02 04:00:00,14.070967741935483,14.013945126430011
2026-05-02 05:00:00,14.171774193548387,12.640542179589737
2026-05-02 06:00:00,12.649193548387096,13.878469749358919
2026-05-02 07:00:00,12.931451612903226,14.074926415457355
2026-05-02 08:00:00,13.03064516129032,13.641971080483604
2026-05-02 09:00:00,12.98225806451613,12.273080985496168
2026-05-02 10:00:00,12.725,12.447827778530332
2026-05-02 11:00:00,11.974193548387095,12.459708643970568
2026-05-02 12:00:00,10.966935483870968,11.97250562128933
2026-05-02 13:00:00,9.893548387096772,12.00168682641888
2026-05-02 14:00:00,9.475,11.490261335169624
2026-05-02 15:00:00,9.764516129032256,10.73216492796488
2026-05-02 16:00:00,10.291935483870969,9.871872355365788
2026-05-02 17:00:00,11.223387096774196,9.406078314099414
2026-05-02 18:00:00,11.546774193548387,9.712113569761954
2026-05-02 19:00:00,12.672580645161291,9.93792276950172
2026-05-02 20:00:00,13.606451612903228,11.307514316335642
2026-05-02 21:00:00,14.258064516129032,11.690839477359855
2026-05-02 22:00:00,14.656451612903227,12.076168321563546
2026-05-02 23:00:00,14.803225806451612,13.308100957507126
2026-05-03 00:00:00,14.570967741935483,13.743910467837829
2026-05-03 01:00:00,14.312096774193549,14.060762465678899
2026-05-03 02:00:00,14.25,14.279828146238195
2026-05-03 03:00:00,14.317741935483872,13.952988868569104
2026-05-03 04:00:00,14.070967741935483,14.00712834660385
2026-05-03 05:00:00,14.171774193548387,12.632513011108347
2026-05-03 06:00:00,12.649193548387096,13.867570258569096
2026-05-03 07:00:00,12.931451612903226,14.060489154571702
2026-05-03 08:00:00,13.03064516129032,13.642695528749005
2026-05-03 09:00:00,12.98225806451613,12.277464457360391
2026-05-03 10:00:00,12.725,12.452629246401026
2026-05-03 11:00:00,11.974193548387095,12.468381491731018
2026-05-03 12:00:00,10.966935483870968,11.967221312585613
2026-05-03 13:00:00,9.893548387096772,12.00739967117553
2026-05-03 14:00:00,9.475,11.496790353523643
2026-05-03 15:00:00,9.764516129032256,10.74962040364955
2026-05-03 16:00:00,10.291935483870969,9.879101623847104
2026-05-03 17:00:00,11.223387096774196,9.419492025183205
2026-05-03 18:00:00,11.546774193548387,9.729324436116855
2026-05-03 19:00:00,12.672580645161291,9.937760961185727
2026-05-03 20:00:00,13.606451612903228,11.331322759527179
2026-05-03 21:00:00,14.258064516129032,11.73005479356619
2026-05-03 22:00:00,14.656451612903227,12.097107545650514
2026-05-03 23:00:00,14.803225806451612,13.322829435567364
2026-05-04 00:00:00,14.570967741935483,13.648895139524907
2026-05-04 01:00:00,14.312096774193549,13.960567522508343
2026-05-04 02:00:00,14.25,14.143359455483607
2026-05-04 03:00:00,14.317741935483872,13.800533499238355
2026-05-04 04:00:00,14.070967741935483,13.88973338531709
2026-05-04 05:00:00,14.171774193548387,12.494770798425606
2026-05-04 06:00:00,12.649193548387096,13.785548186654351
2026-05-04 07:00:00,12.931451612903226,14.061998029423563
2026-05-04 08:00:00,13.03064516129032,13.58874247150185
2026-05-04 09:00:00,12.98225806451613,12.172755320385917
2026-05-04 10:00:00,12.725,12.35845255758002
2026-05-04 11:00:00,11.974193548387095,12.417563868596503
2026-05-04 12:00:00,10.966935483870968,11.96666301169429
2026-05-04 13:00:00,9.893548387096772,11.978176059661061
2026-05-04 14:00:00,9.475,11.49995896952504
2026-05-04 15:00:00,9.764516129032256,10.660563774409079
2026-05-04 16:00:00,10.291935483870969,9.785948402363225
2026-05-04 17:00:00,11.223387096774196,9.28664333451896
2026-05-04 18:00:00,11.546774193548387,9.58523739153014
2026-05-04 19:00:00,12.672580645161291,9.798278345035213
2026-05-04 20:00:00,13.606451612903228,11.218586599936511
2026-05-04 21:00:00,14.258064516129032,11.570766285167116
2026-05-04 22:00:00,14.656451612903227,11.983944979613636
2026-05-04 23:00:00,14.803225806451612,13.198099553191213
2026-05-05 00:00:00,14.570967741935483,13.670642992913915
2026-05-05 01:00:00,14.312096774193549,13.9817951395418
2026-05-05 02:00:00,14.25,14.161237631983557
2026-05-05 03:00:00,14.317741935483872,13.81620218135241
2026-05-05 04:00:00,14.070967741935483,13.914252904345851
2026-05-05 05:00:00,14.171774193548387,12.513898485643535
2026-05-05 06:00:00,12.649193548387096,13.799173124554972
2026-05-05 07:00:00,12.931451612903226,14.064498292460687
2026-05-05 08:00:00,13.03064516129032,13.610720527932404
2026-05-05 09:00:00,12.98225806451613,12.195539116733908
2026-05-05 10:00:00,12.725,12.379280145254306
2026-05-05 11:00:00,11.974193548387095,12.436517006002939
2026-05-05 12:00:00,10.966935483870968,11.973568698772866
2026-05-05 13:00:00,9.893548387096772,12.005710209385775
2026-05-05 14:00:00,9.475,11.53532708317471
2026-05-05 15:00:00,9.764516129032256,10.738154076476079
2026-05-05 16:00:00,10.291935483870969,9.881673821439048
2026-05-05 17:00:00,11.223387096774196,9.39942019600057
2026-05-05 18:00:00,11.546774193548387,9.645620149125802
2026-05-05 19:00:00,12.672580645161291,9.85426752661937
2026-05-05 20:00:00,13.606451612903228,11.28792023361487
2026-05-05 21:00:00,14.258064516129032,11.651482822291046
2026-05-05 22:00:00,14.656451612903227,12.012563619056987
2026-05-05 23:00:00,14.803225806451612,13.22025668442706
2026-05-06 00:00:00,14.570967741935483,13.678422685397042
2026-05-06 01:00:00,14.312096774193549,14.000800953555302
2026-05-06 02:00:00,14.25,14.175461272396054
2026-05-06 03:00:00,14.317741935483872,13.824982196494666
2026-05-06 04:00:00,14.070967741935483,13.90859803051515
2026-05-06 05:00:00,14.171774193548387,12.515475787095117
2026-05-06 06:00:00,12.649193548387096,13.769998130245991
2026-05-06 07:00:00,12.931451612903226,14.051238421635764
2026-05-06 08:00:00,13.03064516129032,13.610452675303387
2026-05-06 09:00:00,12.98225806451613,12.198376948754708
2026-05-06 10:00:00,12.725,12.385391222148282
2026-05-06 11:00:00,11.974193548387095,12.439370585360184
2026-05-06 12:00:00,10.966935483870968,11.957878598179605
2026-05-06 13:00:00,9.893548387096772,12.006928502117763
2026-05-06 14:00:00,9.475,11.539055199727539
2026-05-06 15:00:00,9.764516129032256,10.739005489436469
2026-05-06 16:00:00,10.291935483870969,9.882407093990787
2026-05-06 17:00:00,11.223387096774196,9.417651590332467
2026-05-06 18:00:00,11.546774193548387,9.629230915310938
2026-05-06 19:00:00,12.672580645161291,9.867770719654185
2026-05-06 20:00:00,13.606451612903228,11.298231383354956
2026-05-06 21:00:00,14.258064516129032,11.63485337932292
2026-05-06 22:00:00,14.656451612903227,12.021098176089033
2026-05-06 23:00:00,14.803225806451612,13.226621300241757
2026-05-07 00:00:00,14.570967741935483,13.69692004013818
2026-05-07 01:00:00,14.312096774193549,14.016920471981482
2026-05-07 02:00:00,14.25,14.20333123582572
2026-05-07 03:00:00,14.317741935483872,13.852862748140936
2026-05-07 04:00:00,14.070967741935483,13.924777137648794
2026-05-07 05:00:00,14.171774193548387,12.531790209566566
2026-05-07 06:00:00,12.649193548387096,13.792795674524314
2026-05-07 07:00:00,12.931451612903226,14.068395692785913
2026-05-07 08:00:00,13.03064516129032,13.621966708791074
2026-05-07 09:00:00,12.98225806451613,12.23451982831639
2026-05-07 10:00:00,12.725,12.422126373091782
2026-05-07 11:00:00,11.974193548387095,12.478987998119912
2026-05-07 12:00:00,10.966935483870968,11.974958349143112
2026-05-07 13:00:00,9.893548387096772,12.013475366573807
2026-05-07 14:00:00,9.475,11.540215803675572
2026-05-07 15:00:00,9.764516129032256,10.763190902823233
2026-05-07 16:00:00,10.291935483870969,9.892436223448817
2026-05-07 17:00:00,11.223387096774196,9.429247541938985
2026-05-07 18:00:00,11.546774193548387,9.651971556082476
2026-05-07 19:00:00,12.672580645161291,9.888709233530044
2026-05-07 20:00:00,13.606451612903228,11.318074286588569
2026-05-07 21:00:00,14.258064516129032,11.654286993565371
2026-05-07 22:00:00,14.656451612903227,12.02908779475774
2026-05-07 23:00:00,14.803225806451612,13.236254570087299
2026-05-08 00:00:00,14.570967741935483,13.668132006709484
2026-05-08 01:00:00,14.312096774193549,13.997487537418184
2026-05-08 02:00:00,14.25,14.200343450179634
2026-05-08 03:00:00,14.317741935483872,13.851114190301313
2026-05-08 04:00:00,14.070967741935483,13.923070204069681
2026-05-08 05:00:00,14.171774193548387,12.5420620121792
2026-05-08 06:00:00,12.649193548387096,13.801144592494026
2026-05-08 07:00:00,12.931451612903226,14.07683273955056
2026-05-08 08:00:00,13.03064516129032,13.626667934881837
2026-05-08 09:00:00,12.98225806451613,12.24580353308552
2026-05-08 10:00:00,12.725,12.432761558154441
2026-05-08 11:00:00,11.974193548387095,12.488206900617929
2026-05-08 12:00:00,10.966935483870968,11.97921882700217
2026-05-08 13:00:00,9.893548387096772,12.008604773530674
2026-05-08 14:00:00,9.475,11.55995509541668
2026-05-08 15:00:00,9.764516129032256,10.779800762413128
2026-05-08 16:00:00,10.291935483870969,9.892377724247389
2026-05-08 17:00:00,11.223387096774196,9.418555640292482
2026-05-08 18:00:00,11.546774193548387,9.718449225086669
2026-05-08 19:00:00,12.672580645161291,9.951309546620838
2026-05-08 20:00:00,13.606451612903228,11.302151605886298
2026-05-08 21:00:00,14.258064516129032,11.634134048228493
2026-05-08 22:00:00,14.656451612903227,12.005653132271206
2026-05-08 23:00:00,14.803225806451612,13.209381391726748
2026-05-09 00:00:00,14.570967741935483,13.666068472244133
2026-05-09 01:00:00,14.312096774193549,14.005886848540001
2026-05-09 02:00:00,14.25,14.211212244138045
2026-05-09 03:00:00,14.317741935483872,13.872586262556204
2026-05-09 04:00:00,14.070967741935483,13.935582579912625
2026-05-09 05:00:00,14.171774193548387,12.583303333423366
2026-05-09 06:00:00,12.649193548387096,13.818631907215574
2026-05-09 07:00:00,12.931451612903226,14.031631413255141
2026-05-09 08:00:00,13.03064516129032,13.61058088692641
2026-05-09 09:00:00,12.98225806451613,12.237925394392025
2026-05-09 10:00:00,12.725,12.412540203206362
2026-05-09 11:00:00,11.974193548387095,12.459993104347546
2026-05-09 12:00:00,10.966935483870968,11.947077411166681
2026-05-09 13:00:00,9.893548387096772,12.005211429819841
2026-05-09 14:00:00,9.475,11.577135578180311
2026-05-09 15:00:00,9.764516129032256,10.789592542606645
2026-05-09 16:00:00,10.291935483870969,9.885699518902573
2026-05-09 17:00:00,11.223387096774196,9.426549505851035
2026-05-09 18:00:00,11.546774193548387,9.768999798202245
2026-05-09 19:00:00,12.672580645161291,9.98721078916298
2026-05-09 20:00:00,13.606451612903228,11.297148350655434
2026-05-09 21:00:00,14.258064516129032,11.663484828608071
2026-05-09 22:00:00,14.656451612903227,12.034708977250784
2026-05-09 23:00:00,14.803225806451612,13.23735174425525
2026-05-10 00:00:00,14.570967741935483,13.650695041734872
2026-05-10 01:00:00,14.312096774193549,13.986752570861004
2026-05-10 02:00:00,14.25,14.206499418528766
2026-05-10 03:00:00,14.317741935483872,13.863059372145011
2026-05-10 04:00:00,14.070967741935483,13.92889404614515
2026-05-10 05:00:00,14.171774193548387,12.574608342575393
2026-05-10 06:00:00,12.649193548387096,13.807715082158218
2026-05-10 07:00:00,12.931451612903226,14.012327533514751
2026-05-10 08:00:00,13.03064516129032,13.611370096082496
2026-05-10 09:00:00,12.98225806451613,12.232256482391223
2026-05-10 10:00:00,12.725,12.407174253817441
2026-05-10 11:00:00,11.974193548387095,12.455499173359453
2026-05-10 12:00:00,10.966935483870968,11.936720061288689
2026-05-10 13:00:00,9.893548387096772,12.003828188316353
2026-05-10 14:00:00,9.475,11.579447030158946
2026-05-10 15:00:00,9.764516129032256,10.791372285099204
2026-05-10 16:00:00,10.291935483870969,9.878835534925681
2026-05-10 17:00:00,11.223387096774196,9.430658352190864
2026-05-10 18:00:00,11.546774193548387,9.772070738372268
2026-05-10 19:00:00,12.672580645161291,9.972510612713084
2026-05-10 20:00:00,13.606451612903228,11.301564301509949
2026-05-10 21:00:00,14.258064516129032,11.6593398487959
2026-05-10 22:00:00,14.656451612903227,12.045639854172489
2026-05-10 23:00:00,14.803225806451612,13.240706787829073
2026-05-11 00:00:00,14.570967741935483,13.599398073862481
2026-05-11 01:00:00,14.312096774193549,13.924222250234617
2026-05-11 02:00:00,14.25,14.105707200507721
2026-05-11 03:00:00,14.317741935483872,13.761168831286213
2026-05-11 04:00:00,14.070967741935483,13.83666638727226
2026-05-11 05:00:00,14.171774193548387,12.45364763866561
2026-05-11 06:00:00,12.649193548387096,13.736575914840603
2026-05-11 07:00:00,12.931451612903226,14.025711904861382
2026-05-11 08:00:00,13.03064516129032,13.57111418788351
2026-05-11 09:00:00,12.98225806451613,12.150911587712184
2026-05-11 10:00:00,12.725,12.336695539568833
2026-05-11 11:00:00,11.974193548387095,12.415322626735236
2026-05-11 12:00:00,10.966935483870968,11.951008415721606
2026-05-11 13:00:00,9.893548387096772,11.978504973206064
2026-05-11 14:00:00,9.475,11.525472265778557
2026-05-11 15:00:00,9.764516129032256,10.686393642512535
2026-05-11 16:00:00,10.291935483870969,9.766782410229203
2026-05-11 17:00:00,11.223387096774196,9.278381222307779
2026-05-11 18:00:00,11.546774193548387,9.60867344831618
2026-05-11 19:00:00,12.672580645161291,9.807924609400619
2026-05-11 20:00:00,13.606451612903228,11.199889620778421
2026-05-11 21:00:00,14.258064516129032,11.519181916799651
2026-05-11 22:00:00,14.656451612903227,11.951733121081437
2026-05-11 23:00:00,14.803225806451612,13.143477535414203
2026-05-12 00:00:00,14.570967741935483,13.63026186971809
2026-05-12 01:00:00,14.312096774193549,13.955547848826452
2026-05-12 02:00:00,14.25,14.137081466342526
2026-05-12 03:00:00,14.317741935483872,13.80108286720684
2026-05-12 04:00:00,14.070967741935483,13.88299165238817
2026-05-12 05:00:00,14.171774193548387,12.498425735732212
2026-05-12 06:00:00,12.649193548387096,13.774130190012908
2026-05-12 07:00:00,12.931451612903226,14.034182161033467
2026-05-12 08:00:00,13.03064516129032,13.586096945239637
2026-05-12 09:00:00,12.98225806451613,12.181883198181369
2026-05-12 10:00:00,12.725,12.371148167246986
2026-05-12 11:00:00,11.974193548387095,12.451604989337092
2026-05-12 12:00:00,10.966935483870968,11.96451854540119
2026-05-12 13:00:00,9.893548387096772,12.003110860829924
2026-05-12 14:00:00,9.475,11.554312035735023
2026-05-12 15:00:00,9.764516129032256,10.797230508167793
2026-05-12 16:00:00,10.291935483870969,9.903115885780847
2026-05-12 17:00:00,11.223387096774196,9.388351612098443
2026-05-12 18:00:00,11.546774193548387,9.661477123693365
2026-05-12 19:00:00,12.672580645161291,9.860811928502109
2026-05-12 20:00:00,13.606451612903228,11.285722112256543
2026-05-12 21:00:00,14.258064516129032,11.60372361463919
2026-05-12 22:00:00,14.656451612903227,11.98140859881569
2026-05-12 23:00:00,14.803225806451612,13.17408003994716
2026-05-13 00:00:00,14.570967741935483,13.655471200844822
2026-05-13 01:00:00,14.312096774193549,13.978899679429436
2026-05-13 02:00:00,14.25,14.159605161239813
2026-05-13 03:00:00,14.317741935483872,13.825787824215041
2026-05-13 04:00:00,14.070967741935483,13.892960160965863
2026-05-13 05:00:00,14.171774193548387,12.518669550062025
2026-05-13 06:00:00,12.649193548387096,13.768875306223435
2026-05-13 07:00:00,12.931451612903226,14.033415765833706
2026-05-13 08:00:00,13.03064516129032,13.58681164192864
2026-05-13 09:00:00,12.98225806451613,12.194973078314883
2026-05-13 10:00:00,12.725,12.381398086179399
2026-05-13 11:00:00,11.974193548387095,12.454241770638218
2026-05-13 12:00:00,10.966935483870968,11.95869072134559
2026-05-13 13:00:00,9.893548387096772,12.013935304457274
2026-05-13 14:00:00,9.475,11.553711651893472
2026-05-13 15:00:00,9.764516129032256,10.803823412307985
2026-05-13 16:00:00,10.291935483870969,9.899494998834374
2026-05-13 17:00:00,11.223387096774196,9.405593215672265
2026-05-13 18:00:00,11.546774193548387,9.649966149116224
2026-05-13 19:00:00,12.672580645161291,9.857155475694345
2026-05-13 20:00:00,13.606451612903228,11.285528892270907
2026-05-13 21:00:00,14.258064516129032,11.585659143007526
2026-05-13 22:00:00,14.656451612903227,11.985989532038495
2026-05-13 23:00:00,14.803225806451612,13.185193430303329
2026-05-14 00:00:00,14.570967741935483,13.680256274082694
2026-05-14 01:00:00,14.312096774193549,14.004987329952453
2026-05-14 02:00:00,14.25,14.19121763304656
2026-05-14 03:00:00,14.317741935483872,13.837858793533432
2026-05-14 04:00:00,14.070967741935483,13.905582561690672
2026-05-14 05:00:00,14.171774193548387,12.541527352099873
2026-05-14 06:00:00,12.649193548387096,13.781336794116658
2026-05-14 07:00:00,12.931451612903226,14.051635366253823
2026-05-14 08:00:00,13.03064516129032,13.60048466047989
2026-05-14 09:00:00,12.98225806451613,12.240007494171625
2026-05-14 10:00:00,12.725,12.424431092078986
2026-05-14 11:00:00,11.974193548387095,12.477495345628604
2026-05-14 12:00:00,10.966935483870968,11.97132114465698
2026-05-14 13:00:00,9.893548387096772,12.019786169312223
2026-05-14 14:00:00,9.475,11.556455430483854
2026-05-14 15:00:00,9.764516129032256,10.825161395777762
2026-05-14 16:00:00,10.291935483870969,9.907934057208468
2026-05-14 17:00:00,11.223387096774196,9.415160300849122
2026-05-14 18:00:00,11.546774193548387,9.660548168046226
2026-05-14 19:00:00,12.672580645161291,9.88582309911984
2026-05-14 20:00:00,13.606451612903228,11.293099391245201
2026-05-14 21:00:00,14.258064516129032,11.603522662926766
2026-05-14 22:00:00,14.656451612903227,12.000049660312712
2026-05-14 23:00:00,14.803225806451612,13.195134666313743
2026-05-15 00:00:00,14.570967741935483,13.684998862961777
2026-05-15 01:00:00,14.312096774193549,14.016176063460627
2026-05-15 02:00:00,14.25,14.204174450117556
2026-05-15 03:00:00,14.317741935483872,13.854455711714678
2026-05-15 04:00:00,14.070967741935483,13.917273363500579
2026-05-15 05:00:00,14.171774193548387,12.557295385633749
2026-05-15 06:00:00,12.649193548387096,13.79690869113572
2026-05-15 07:00:00,12.931451612903226,14.055119799233157
2026-05-15 08:00:00,13.03064516129032,13.602406661035634
2026-05-15 09:00:00,12.98225806451613,12.24195428790894
2026-05-15 10:00:00,12.725,12.42312971840761
2026-05-15 11:00:00,11.974193548387095,12.472198558015434
2026-05-15 12:00:00,10.966935483870968,11.968428776818625
2026-05-15 13:00:00,9.893548387096772,12.012814766515811
2026-05-15 14:00:00,9.475,11.567062604812826
2026-05-15 15:00:00,9.764516129032256,10.823959370079287
2026-05-15 16:00:00,10.291935483870969,9.895849914654328
2026-05-15 17:00:00,11.223387096774196,9.40414058868192
2026-05-15 18:00:00,11.546774193548387,9.72101589085973
2026-05-15 19:00:00,12.672580645161291,9.944900449966514
2026-05-15 20:00:00,13.606451612903228,11.296815726957108
2026-05-15 21:00:00,14.258064516129032,11.608451344471561
2026-05-15 22:00:00,14.656451612903227,12.011214186433243
2026-05-15 23:00:00,14.803225806451612,13.196481058216706
2026-05-16 00:00:00,14.570967741935483,13.697376864387664
2026-05-16 01:00:00,14.312096774193549,14.034704718688772
2026-05-16 02:00:00,14.25,14.226180938438079
2026-05-16 03:00:00,14.317741935483872,13.901232309096432
2026-05-16 04:00:00,14.070967741935483,13.941974935016455
2026-05-16 05:00:00,14.171774193548387,12.609466434154077
2026-05-16 06:00:00,12.649193548387096,13.826185326035535
2026-05-16 07:00:00,12.931451612903226,14.028615561058103
2026-05-16 08:00:00,13.03064516129032,13.601747425731741
2026-05-16 09:00:00,12.98225806451613,12.247243689081024
2026-05-16 10:00:00,12.725,12.422730109418705
2026-05-16 11:00:00,11.974193548387095,12.469137132895382
2026-05-16 12:00:00,10.966935483870968,11.960378788028311
2026-05-16 13:00:00,9.893548387096772,12.013038627378418
2026-05-16 14:00:00,9.475,11.585244420123516
2026-05-16 15:00:00,9.764516129032256,10.823740168358484
2026-05-16 16:00:00,10.291935483870969,9.893538670876241
2026-05-16 17:00:00,11.223387096774196,9.415005006847547
2026-05-16 18:00:00,11.546774193548387,9.782472259400802
2026-05-16 19:00:00,12.672580645161291,9.984519091951679
2026-05-16 20:00:00,13.606451612903228,11.290069009128938
2026-05-16 21:00:00,14.258064516129032,11.653082048882863
2026-05-16 22:00:00,14.656451612903227,12.056217313235814
2026-05-16 23:00:00,14.803225806451612,13.242434841233262
2026-05-17 00:00:00,14.570967741935483,13.671681687149263
2026-05-17 01:00:00,14.312096774193549,14.008646138603051
2026-05-17 02:00:00,14.25,14.219104853238877
2026-05-17 03:00:00,14.317741935483872,13.890562899792823
2026-05-17 04:00:00,14.070967741935483,13.928666621676658
2026-05-17 05:00:00,14.171774193548387,12.590356775867711
2026-05-17 06:00:00,12.649193548387096,13.800275378014076
2026-05-17 07:00:00,12.931451612903226,14.00218593340119
2026-05-17 08:00:00,13.03064516129032,13.587429922402162
2026-05-17 09:00:00,12.98225806451613,12.225974812740152
2026-05-17 10:00:00,12.725,12.40455520999809
2026-05-17 11:00:00,11.974193548387095,12.454064682926294
2026-05-17 12:00:00,10.966935483870968,11.939308175638033
2026-05-17 13:00:00,9.893548387096772,11.997980557156211
2026-05-17 14:00:00,9.475,11.550931815738702
2026-05-17 15:00:00,9.764516129032256,10.770089857640446
2026-05-17 16:00:00,10.291935483870969,9.838637807958591
2026-05-17 17:00:00,11.223387096774196,9.390400720280148
2026-05-17 18:00:00,11.546774193548387,9.773523572479977
2026-05-17 19:00:00,12.672580645161291,9.969924177464726
2026-05-17 20:00:00,13.606451612903228,11.279296701104355
2026-05-17 21:00:00,14.258064516129032,11.646583473922872
2026-05-17 22:00:00,14.656451612903227,12.048304776665653
2026-05-17 23:00:00,14.803225806451612,13.231846563932383
2026-05-18 00:00:00,14.570967741935483,13.621785307579522
2026-05-18 01:00:00,14.312096774193549,13.959171172014482
2026-05-18 02:00:00,14.25,14.126216888099169
2026-05-18 03:00:00,14.317741935483872,13.795063008022654
2026-05-18 04:00:00,14.070967741935483,13.86143609133796
2026-05-18 05:00:00,14.171774193548387,12.494677741255128
2026-05-18 06:00:00,12.649193548387096,13.75458761193179
2026-05-18 07:00:00,12.931451612903226,14.037688000517283
2026-05-18 08:00:00,13.03064516129032,13.559227256732173
2026-05-18 09:00:00,12.98225806451613,12.153239887265205
2026-05-18 10:00:00,12.725,12.339860736536883
2026-05-18 11:00:00,11.974193548387095,12.414015564365101
2026-05-18 12:00:00,10.966935483870968,11.958678653221924
2026-05-18 13:00:00,9.893548387096772,11.976551123409031
2026-05-18 14:00:00,9.475,11.502587843167145
2026-05-18 15:00:00,9.764516129032256,10.680900004513294
2026-05-18 16:00:00,10.291935483870969,9.748258640911448
2026-05-18 17:00:00,11.223387096774196,9.250338571325956
2026-05-18 18:00:00,11.546774193548387,9.62261842408153
2026-05-18 19:00:00,12.672580645161291,9.813923697474054
2026-05-18 20:00:00,13.606451612903228,11.188754112088343
2026-05-18 21:00:00,14.258064516129032,11.51393738860746
2026-05-18 22:00:00,14.656451612903227,11.95815738478812
2026-05-18 23:00:00,14.803225806451612,13.141448930737631
2026-05-19 00:00:00,14.570967741935483,13.655400792663315
2026-05-19 01:00:00,14.312096774193549,13.980496637902558
2026-05-19 02:00:00,14.25,14.159169317380112
2026-05-19 03:00:00,14.317741935483872,13.829603279696514
2026-05-19 04:00:00,14.070967741935483,13.895788195758836
2026-05-19 05:00:00,14.171774193548387,12.529140433073461
2026-05-19 06:00:00,12.649193548387096,13.78230917231483
2026-05-19 07:00:00,12.931451612903226,14.055989763754251
2026-05-19 08:00:00,13.03064516129032,13.580753778405168
2026-05-19 09:00:00,12.98225806451613,12.1790470534334
2026-05-19 10:00:00,12.725,12.365752883600187
2026-05-19 11:00:00,11.974193548387095,12.433687966526925
2026-05-19 12:00:00,10.966935483870968,11.971725989003746
2026-05-19 13:00:00,9.893548387096772,12.003630223953115
2026-05-19 14:00:00,9.475,11.550315661990961
2026-05-19 15:00:00,9.764516129032256,10.814949228919208
2026-05-19 16:00:00,10.291935483870969,9.893713030591666
2026-05-19 17:00:00,11.223387096774196,9.364725621177627
2026-05-19 18:00:00,11.546774193548387,9.677111461837796
2026-05-19 19:00:00,12.672580645161291,9.867306032512744
2026-05-19 20:00:00,13.606451612903228,11.277265602233532
2026-05-19 21:00:00,14.258064516129032,11.591582079762901
2026-05-19 22:00:00,14.656451612903227,11.989889765330213
2026-05-19 23:00:00,14.803225806451612,13.173040936132262
2026-05-20 00:00:00,14.570967741935483,13.668119960212028
2026-05-20 01:00:00,14.312096774193549,14.002084437310266
2026-05-20 02:00:00,14.25,14.18435252004444
2026-05-20 03:00:00,14.317741935483872,13.856320435232174
2026-05-20 04:00:00,14.070967741935483,13.908730599558124
2026-05-20 05:00:00,14.171774193548387,12.555221993676497
2026-05-20 06:00:00,12.649193548387096,13.77567285022748
2026-05-20 07:00:00,12.931451612903226,14.065798252765536
2026-05-20 08:00:00,13.03064516129032,13.592272229455165
2026-05-20 09:00:00,12.98225806451613,12.194244677794387
2026-05-20 10:00:00,12.725,12.376272358435141
2026-05-20 11:00:00,11.974193548387095,12.446283082495185
2026-05-20 12:00:00,10.966935483870968,11.977049218289146
2026-05-20 13:00:00,9.893548387096772,12.022815155110456
2026-05-20 14:00:00,9.475,11.55389542322546
2026-05-20 15:00:00,9.764516129032256,10.820383391159478
2026-05-20 16:00:00,10.291935483870969,9.897433665422728
2026-05-20 17:00:00,11.223387096774196,9.387351201372734
2026-05-20 18:00:00,11.546774193548387,9.664148424418183
2026-05-20 19:00:00,12.672580645161291,9.879173111608281
2026-05-20 20:00:00,13.606451612903228,11.292047521265957
2026-05-20 21:00:00,14.258064516129032,11.578588897243979
2026-05-20 22:00:00,14.656451612903227,12.00210696003804
2026-05-20 23:00:00,14.803225806451612,13.181061854335425
2026-05-21 00:00:00,14.570967741935483,13.689356682937506
2026-05-21 01:00:00,14.312096774193549,14.018498017270108
2026-05-21 02:00:00,14.25,14.207765877068482
2026-05-21 03:00:00,14.317741935483872,13.857808023208168
2026-05-21 04:00:00,14.070967741935483,13.916696465039218
2026-05-21 05:00:00,14.171774193548387,12.561051298987579
2026-05-21 06:00:00,12.649193548387096,13.77966206223541
2026-05-21 07:00:00,12.931451612903226,14.074199515740737
2026-05-21 08:00:00,13.03064516129032,13.591620829458346
2026-05-21 09:00:00,12.98225806451613,12.222064604461668
2026-05-21 10:00:00,12.725,12.402585478273778
2026-05-21 11:00:00,11.974193548387095,12.451090531156984
2026-05-21 12:00:00,10.966935483870968,11.97602939724964
2026-05-21 13:00:00,9.893548387096772,12.022812153084185
2026-05-21 14:00:00,9.475,11.54363058852266
2026-05-21 15:00:00,9.764516129032256,10.836273079160508
2026-05-21 16:00:00,10.291935483870969,9.903773173766211
2026-05-21 17:00:00,11.223387096774196,9.39126270570332
2026-05-21 18:00:00,11.546774193548387,9.676929765571641
2026-05-21 19:00:00,12.672580645161291,9.886680779406383
2026-05-21 20:00:00,13.606451612903228,11.288916868193542
2026-05-21 21:00:00,14.258064516129032,11.597675464526066
2026-05-21 22:00:00,14.656451612903227,12.000475278440348
2026-05-21 23:00:00,14.803225806451612,13.177805271850287
2026-05-22 00:00:00,14.570967741935483,13.705955029081519
2026-05-22 01:00:00,14.312096774193549,14.039591896922031
2026-05-22 02:00:00,14.25,14.228557238224965
2026-05-22 03:00:00,14.317741935483872,13.884978471622127
2026-05-22 04:00:00,14.070967741935483,13.933939219851101
2026-05-22 05:00:00,14.171774193548387,12.581213963693456
2026-05-22 06:00:00,12.649193548387096,13.802257834541543
2026-05-22 07:00:00,12.931451612903226,14.080887301748396
2026-05-22 08:00:00,13.03064516129032,13.59846111619027
2026-05-22 09:00:00,12.98225806451613,12.22683248372309
2026-05-22 10:00:00,12.725,12.409135784096144
2026-05-22 11:00:00,11.974193548387095,12.454651841401812
2026-05-22 12:00:00,10.966935483870968,11.972402103544969
2026-05-22 13:00:00,9.893548387096772,12.02009982717917
2026-05-22 14:00:00,9.475,11.561289641362567
2026-05-22 15:00:00,9.764516129032256,10.835534027744789
2026-05-22 16:00:00,10.291935483870969,9.901634741525974
2026-05-22 17:00:00,11.223387096774196,9.384733656609583
2026-05-22 18:00:00,11.546774193548387,9.727626378534403
2026-05-22 19:00:00,12.672580645161291,9.950788972710344
2026-05-22 20:00:00,13.606451612903228,11.309931667145834
2026-05-22 21:00:00,14.258064516129032,11.625544550486737
2026-05-22 22:00:00,14.656451612903227,12.006944314111141
2026-05-22 23:00:00,14.803225806451612,13.187707620386927
2026-05-23 00:00:00,14.570967741935483,13.76711843852453
2026-05-23 01:00:00,14.312096774193549,14.111976788642059
2026-05-23 02:00:00,14.25,14.311846729945398
2026-05-23 03:00:00,14.317741935483872,13.979322186966247
2026-05-23 04:00:00,14.070967741935483,14.014812332559163
2026-05-23 05:00:00,14.171774193548387,12.7090196461459
2026-05-23 06:00:00,12.649193548387096,13.90001790227412
2026-05-23 07:00:00,12.931451612903226,14.096212745734462
2026-05-23 08:00:00,13.03064516129032,13.639694736985078
2026-05-23 09:00:00,12.98225806451613,12.286596448652945
2026-05-23 10:00:00,12.725,12.4607347956237
2026-05-23 11:00:00,11.974193548387095,12.505928739020632
2026-05-23 12:00:00,10.966935483870968,12.032405915475321
2026-05-23 13:00:00,9.893548387096772,12.077850821045764
2026-05-23 14:00:00,9.475,11.619469435044365
2026-05-23 15:00:00,9.764516129032256,10.895886012486294
2026-05-23 16:00:00,10.291935483870969,9.93947691360184
2026-05-23 17:00:00,11.223387096774196,9.448350903898152
2026-05-23 18:00:00,11.546774193548387,9.816157053678388
2026-05-23 19:00:00,12.672580645161291,10.03646337218483
2026-05-23 20:00:00,13.606451612903228,11.338568958979995
2026-05-23 21:00:00,14.258064516129032,11.702323909649252
2026-05-23 22:00:00,14.656451612903227,12.077100023214467
2026-05-23 23:00:00,14.803225806451612,13.283971967686295
2026-05-24 00:00:00,14.570967741935483,13.763102843367395
2026-05-24 01:00:00,14.312096774193549,14.100857231262353
2026-05-24 02:00:00,14.25,14.321078732515137
2026-05-24 03:00:00,14.317741935483872,13.994044859012082
2026-05-24 04:00:00,14.070967741935483,14.015944588189598
2026-05-24 05:00:00,14.171774193548387,12.712483663358686
2026-05-24 06:00:00,12.649193548387096,13.89570280796943
2026-05-24 07:00:00,12.931451612903226,14.08112411848078
2026-05-24 08:00:00,13.03064516129032,13.639749949331824
2026-05-24 09:00:00,12.98225806451613,12.299898134036585
2026-05-24 10:00:00,12.725,12.471061563941753
2026-05-24 11:00:00,11.974193548387095,12.54826267006148
2026-05-24 12:00:00,10.966935483870968,12.045747921018396
2026-05-24 13:00:00,9.893548387096772,12.102092654130445
2026-05-24 14:00:00,9.475,11.607002899421683
2026-05-24 15:00:00,9.764516129032256,10.89451286301463
2026-05-24 16:00:00,10.291935483870969,9.932596219244378
2026-05-24 17:00:00,11.223387096774196,9.435295562598899
2026-05-24 18:00:00,11.546774193548387,9.81411618190668
2026-05-24 19:00:00,12.672580645161291,10.01667886369492
2026-05-24 20:00:00,13.606451612903228,11.328975783402836
2026-05-24 21:00:00,14.258064516129032,11.71461442490615
2026-05-24 22:00:00,14.656451612903227,12.079021602417411
2026-05-24 23:00:00,14.803225806451612,13.297558478697766
2026-05-25 00:00:00,14.570967741935483,13.724957946048253
2026-05-25 01:00:00,14.312096774193549,14.047624012004182
2026-05-25 02:00:00,14.25,14.218646332826516
2026-05-25 03:00:00,14.317741935483872,13.891187982693573
2026-05-25 04:00:00,14.070967741935483,13.92466787792187
2026-05-25 05:00:00,14.171774193548387,12.591018950717004
2026-05-25 06:00:00,12.649193548387096,13.807789360668211
2026-05-25 07:00:00,12.931451612903226,14.06767456248825
2026-05-25 08:00:00,13.03064516129032,13.588926855673687
2026-05-25 09:00:00,12.98225806451613,12.214592033101496
2026-05-25 10:00:00,12.725,12.39087194507805
2026-05-25 11:00:00,11.974193548387095,12.49987542497433
2026-05-25 12:00:00,10.966935483870968,12.046827480755862
2026-05-25 13:00:00,9.893548387096772,12.069798819643808
2026-05-25 14:00:00,9.475,11.570040697359218
2026-05-25 15:00:00,9.764516129032256,10.823296707113048
2026-05-25 16:00:00,10.291935483870969,9.865104307568746
2026-05-25 17:00:00,11.223387096774196,9.315980190157518
2026-05-25 18:00:00,11.546774193548387,9.653476442514076
2026-05-25 19:00:00,12.672580645161291,9.850324885482301
2026-05-25 20:00:00,13.606451612903228,11.226529544989948
2026-05-25 21:00:00,14.258064516129032,11.590665444661319
2026-05-25 22:00:00,14.656451612903227,11.979285802859643
2026-05-25 23:00:00,14.803225806451612,13.219267266223028
2026-05-26 00:00:00,14.570967741935483,13.784873225017606
2026-05-26 01:00:00,14.312096774193549,14.094219749461587
2026-05-26 02:00:00,14.25,14.277536808766044
2026-05-26 03:00:00,14.317741935483872,13.95425139200184
2026-05-26 04:00:00,14.070967741935483,13.970461928547959
2026-05-26 05:00:00,14.171774193548387,12.650390954539207
2026-05-26 06:00:00,12.649193548387096,13.843266467114695
2026-05-26 07:00:00,12.931451612903226,14.075549444545157
2026-05-26 08:00:00,13.03064516129032,13.59833630736994
2026-05-26 09:00:00,12.98225806451613,12.217909390698024
2026-05-26 10:00:00,12.725,12.393607772690075
2026-05-26 11:00:00,11.974193548387095,12.510756159907189
2026-05-26 12:00:00,10.966935483870968,12.051595620673414
2026-05-26 13:00:00,9.893548387096772,12.098267547477079
2026-05-26 14:00:00,9.475,11.601472917987369
2026-05-26 15:00:00,9.764516129032256,10.88991041306469
2026-05-26 16:00:00,10.291935483870969,9.937110955504604
2026-05-26 17:00:00,11.223387096774196,9.422627916796223
2026-05-26 18:00:00,11.546774193548387,9.693372564616197
2026-05-26 19:00:00,12.672580645161291,9.89362979365292
2026-05-26 20:00:00,13.606451612903228,11.312794170933225
2026-05-26 21:00:00,14.258064516129032,11.671008089141225
2026-05-26 22:00:00,14.656451612903227,12.003010523790497
2026-05-26 23:00:00,14.803225806451612,13.272285651010653
2026-05-27 00:00:00,14.570967741935483,13.911448149246322
2026-05-27 01:00:00,14.312096774193549,14.187972104422261
2026-05-27 02:00:00,14.25,14.391671741840637
2026-05-27 03:00:00,14.317741935483872,14.072589696218312
2026-05-27 04:00:00,14.070967741935483,14.016292164644767
2026-05-27 05:00:00,14.171774193548387,12.74708275534249
2026-05-27 06:00:00,12.649193548387096,13.836561008651785
2026-05-27 07:00:00,12.931451612903226,14.07345668802385
2026-05-27 08:00:00,13.03064516129032,13.577067764345129
2026-05-27 09:00:00,12.98225806451613,12.231265607682758
2026-05-27 10:00:00,12.725,12.40394055869416
2026-05-27 11:00:00,11.974193548387095,12.51602490709925
2026-05-27 12:00:00,10.966935483870968,12.046135583533863
2026-05-27 13:00:00,9.893548387096772,12.093966850051963
2026-05-27 14:00:00,9.475,11.603655773443954
2026-05-27 15:00:00,9.764516129032256,10.896717031822114
2026-05-27 16:00:00,10.291935483870969,9.932801372606178
2026-05-27 17:00:00,11.223387096774196,9.446536857586967
2026-05-27 18:00:00,11.546774193548387,9.675198673107278
2026-05-27 19:00:00,12.672580645161291,9.90098027804237
2026-05-27 20:00:00,13.606451612903228,11.318720239561863
2026-05-27 21:00:00,14.258064516129032,11.658373001068494
2026-05-27 22:00:00,14.656451612903227,12.00171679561226
2026-05-27 23:00:00,14.803225806451612,13.364155686409593
2026-05-28 00:00:00,14.570967741935483,13.930411177444377
2026-05-28 01:00:00,14.312096774193549,14.205737587650688
2026-05-28 02:00:00,14.25,14.423143062866394
2026-05-28 03:00:00,14.317741935483872,14.0816367556762
2026-05-28 04:00:00,14.070967741935483,14.020958028851247
2026-05-28 05:00:00,14.171774193548387,12.763543969279969
2026-05-28 06:00:00,12.649193548387096,13.85258474854257
2026-05-28 07:00:00,12.931451612903226,14.076954820738294
2026-05-28 08:00:00,13.03064516129032,13.572627213780699
2026-05-28 09:00:00,12.98225806451613,12.242890815150673
2026-05-28 10:00:00,12.725,12.41486859152246
2026-05-28 11:00:00,11.974193548387095,12.498385036699345
2026-05-28 12:00:00,10.966935483870968,12.018132347348466
2026-05-28 13:00:00,9.893548387096772,12.05373286022538
2026-05-28 14:00:00,9.475,11.579101621922916
2026-05-28 15:00:00,9.764516129032256,10.937407360774536
2026-05-28 16:00:00,10.291935483870969,9.958388633043965
2026-05-28 17:00:00,11.223387096774196,9.472912343487938
2026-05-28 18:00:00,11.546774193548387,9.680777958999471
2026-05-28 19:00:00,12.672580645161291,9.894723954339561
2026-05-28 20:00:00,13.606451612903228,11.31014170039629
2026-05-28 21:00:00,14.258064516129032,11.65870073969308
2026-05-28 22:00:00,14.656451612903227,11.996067778148568
2026-05-28 23:00:00,14.803225806451612,13.377008839361203
2026-05-29 00:00:00,14.570967741935483,13.957375359402782
2026-05-29 01:00:00,14.312096774193549,14.24121384589256
2026-05-29 02:00:00,14.25,14.474294497044163
2026-05-29 03:00:00,14.317741935483872,14.119605348293305
2026-05-29 04:00:00,14.070967741935483,14.055259722750183
2026-05-29 05:00:00,14.171774193548387,12.799101637361957
2026-05-29 06:00:00,12.649193548387096,13.897435398008419
2026-05-29 07:00:00,12.931451612903226,14.095601724432605
2026-05-29 08:00:00,13.03064516129032,13.597386912262932
2026-05-29 09:00:00,12.98225806451613,12.266493476142905
2026-05-29 10:00:00,12.725,12.434946728381966
2026-05-29 11:00:00,11.974193548387095,12.515825923671624
2026-05-29 12:00:00,10.966935483870968,12.014508361317656
2026-05-29 13:00:00,9.893548387096772,12.043306064771205
2026-05-29 14:00:00,9.475,11.590950030349832
2026-05-29 15:00:00,9.764516129032256,10.955007269173876
2026-05-29 16:00:00,10.291935483870969,9.959692550909491
2026-05-29 17:00:00,11.223387096774196,9.469093258248126
2026-05-29 18:00:00,11.546774193548387,9.735782943962
2026-05-29 19:00:00,12.672580645161291,9.92929162156754
2026-05-29 20:00:00,13.606451612903228,11.300872111767111
2026-05-29 21:00:00,14.258064516129032,11.652807196241945
2026-05-29 22:00:00,14.656451612903227,12.033486758987811
2026-05-29 23:00:00,14.803225806451612,13.405554388561024
2026-05-30 00:00:00,14.570967741935483,14.023919504242544
2026-05-30 01:00:00,14.312096774193549,14.305088307012277
2026-05-30 02:00:00,14.25,14.561079551615883
2026-05-30 03:00:00,14.317741935483872,14.201629471676833
2026-05-30 04:00:00,14.070967741935483,14.113225280315598
2026-05-30 05:00:00,14.171774193548387,12.882959412815627
2026-05-30 06:00:00,12.649193548387096,14.024567875676961
2026-05-30 07:00:00,12.931451612903226,14.106385879624789
2026-05-30 08:00:00,13.03064516129032,13.62096254065954
2026-05-30 09:00:00,12.98225806451613,12.301727633131218
2026-05-30 10:00:00,12.725,12.465791094587374
2026-05-30 11:00:00,11.974193548387095,12.543903977701245
2026-05-30 12:00:00,10.966935483870968,12.021753755250366
2026-05-30 13:00:00,9.893548387096772,12.043055534237812
2026-05-30 14:00:00,9.475,11.616611863530665
2026-05-30 15:00:00,9.764516129032256,11.035102425058327
2026-05-30 16:00:00,10.291935483870969,10.158697255174298
2026-05-30 17:00:00,11.223387096774196,9.591127997102618
2026-05-30 18:00:00,11.546774193548387,9.799050655733637
2026-05-30 19:00:00,12.672580645161291,9.97943047731508
2026-05-30 20:00:00,13.606451612903228,11.3221098962117
2026-05-30 21:00:00,14.258064516129032,11.726179734214288
2026-05-30 22:00:00,14.656451612903227,12.093170318240691
2026-05-30 23:00:00,14.803225806451612,13.468678543575368
2026-05-31 00:00:00,14.570967741935483,14.0083299795057
2026-05-31 01:00:00,14.312096774193549,14.286698915869433
2026-05-31 02:00:00,14.25,14.561736435918107
2026-05-31 03:00:00,14.317741935483872,14.194707017328062
2026-05-31 04:00:00,14.070967741935483,14.10982593030662
2026-05-31 05:00:00,14.171774193548387,12.877435412086824
2026-05-31 06:00:00,12.649193548387096,14.016071467025949
2026-05-31 07:00:00,12.931451612903226,14.09147741859325
2026-05-31 08:00:00,13.03064516129032,13.620048402908072
2026-05-31 09:00:00,12.98225806451613,12.308200614236153
2026-05-31 10:00:00,12.725,12.469682772740526
2026-05-31 11:00:00,11.974193548387095,12.546330143981427
2026-05-31 12:00:00,10.966935483870968,12.010425314685925
2026-05-31 13:00:00,9.893548387096772,12.042197784615809
2026-05-31 14:00:00,9.475,11.602869184363087
2026-05-31 15:00:00,9.764516129032256,11.075841464287919
2026-05-31 16:00:00,10.291935483870969,10.187310204379173
2026-05-31 17:00:00,11.223387096774196,9.639354742395017
2026-05-31 18:00:00,11.546774193548387,9.829657519490004
2026-05-31 19:00:00,12.672580645161291,10.005159000852014
2026-05-31 20:00:00,13.606451612903228,11.320676141227121
2026-05-31 21:00:00,14.258064516129032,11.726570550170905
2026-05-31 22:00:00,14.656451612903227,12.083973360366612
2026-05-31 23:00:00,14.803225806451612,13.465575358949465
2026-06-01 00:00:00,10.905,13.505817456100367
2026-06-01 01:00:00,11.019166666666669,13.477391159336758
2026-06-01 02:00:00,10.9075,15.47261064847465
2026-06-01 03:00:00,10.909166666666666,10.607589652210487
2026-06-01 04:00:00,10.920833333333333,10.687691212711702
2026-06-01 05:00:00,11.090833333333334,9.25132732327747
2026-06-01 06:00:00,9.61,9.781010030401731
2026-06-01 07:00:00,9.84,10.575062661243585
2026-06-01 08:00:00,10.079166666666667,10.669781135984834
2026-06-01 09:00:00,10.151666666666667,9.441381831589528
2026-06-01 10:00:00,10.2075,9.389818899383938
2026-06-01 11:00:00,10.376666666666669,9.277655785836242
2026-06-01 12:00:00,10.025,8.954652550413364
2026-06-01 13:00:00,9.125,9.053719191327634
2026-06-01 14:00:00,8.4625,10.137674431058912
2026-06-01 15:00:00,8.695833333333333,10.002177513610636
2026-06-01 16:00:00,9.355833333333331,8.907681376935406
2026-06-01 17:00:00,10.349166666666669,7.845834005270206
2026-06-01 18:00:00,10.568333333333332,8.761274300918238
2026-06-01 19:00:00,11.219166666666666,8.519440083110336
2026-06-01 20:00:00,12.004166666666666,9.337872399105905
2026-06-01 21:00:00,11.540833333333332,9.951043938154482
2026-06-01 22:00:00,11.2975,10.090831255085053
2026-06-01 23:00:00,10.964166666666667,10.604508676186839
2026-06-02 00:00:00,10.905,11.521353936456732
2026-06-02 01:00:00,11.019166666666669,11.00110901750908
2026-06-02 02:00:00,10.9075,10.569743921984422
2026-06-02 03:00:00,10.909166666666666,10.831432045440753
2026-06-02 04:00:00,10.920833333333333,10.760800690366345
2026-06-02 05:00:00,11.090833333333334,9.476689538164626
2026-06-02 06:00:00,9.61,9.986956471269032
2026-06-02 07:00:00,9.84,10.586927335040288
2026-06-02 08:00:00,10.079166666666667,10.66848692802768
2026-06-02 09:00:00,10.151666666666667,9.491994553538852
2026-06-02 10:00:00,10.2075,9.482062078768411
2026-06-02 11:00:00,10.376666666666669,9.45389274155913
2026-06-02 12:00:00,10.025,8.956530810921883
2026-06-02 13:00:00,9.125,9.016916333301452
2026-06-02 14:00:00,8.4625,10.06732013056706
2026-06-02 15:00:00,8.695833333333333,9.867861889042771
2026-06-02 16:00:00,9.355833333333331,8.90163744285061
2026-06-02 17:00:00,10.349166666666669,7.844285435320732
2026-06-02 18:00:00,10.568333333333332,8.82325182222965
2026-06-02 19:00:00,11.219166666666666,8.53872666035502
2026-06-02 20:00:00,12.004166666666666,9.567783755324292
2026-06-02 21:00:00,11.540833333333332,10.105023267390322
2026-06-02 22:00:00,11.2975,10.278602692806142
2026-06-02 23:00:00,10.964166666666667,10.890700749399482
2026-06-03 00:00:00,10.905,11.493583935942228
2026-06-03 01:00:00,11.019166666666669,10.964308592052724
2026-06-03 02:00:00,10.9075,10.561081618598799
2026-06-03 03:00:00,10.909166666666666,10.830861223705515
2026-06-03 04:00:00,10.920833333333333,10.763098616668296
2026-06-03 05:00:00,11.090833333333334,9.475645296141568
2026-06-03 06:00:00,9.61,9.983234722527355
2026-06-03 07:00:00,9.84,10.565061664002833
2026-06-03 08:00:00,10.079166666666667,10.665175455422546
2026-06-03 09:00:00,10.151666666666667,9.481497875817539
2026-06-03 10:00:00,10.2075,9.472039092304026
2026-06-03 11:00:00,10.376666666666669,9.451182288651157
2026-06-03 12:00:00,10.025,8.951266107051413
2026-06-03 13:00:00,9.125,8.997552191564111
2026-06-03 14:00:00,8.4625,10.056907770210564
2026-06-03 15:00:00,8.695833333333333,9.83706855070506
2026-06-03 16:00:00,9.355833333333331,8.852587512597673
2026-06-03 17:00:00,10.349166666666669,7.821024001043821
2026-06-03 18:00:00,10.568333333333332,8.806215335354885
2026-06-03 19:00:00,11.219166666666666,8.515303918926513
2026-06-03 20:00:00,12.004166666666666,9.550652302522353
2026-06-03 21:00:00,11.540833333333332,10.1109795009144
2026-06-03 22:00:00,11.2975,10.264168553327274
2026-06-03 23:00:00,10.964166666666667,10.861401659288871
2026-06-04 00:00:00,10.905,11.515969839432803
2026-06-04 01:00:00,11.019166666666669,10.99150881418017
2026-06-04 02:00:00,10.9075,10.56240687548083
2026-06-04 03:00:00,10.909166666666666,10.828663855172106
2026-06-04 04:00:00,10.920833333333333,10.762700350672684
2026-06-04 05:00:00,11.090833333333334,9.551732387994313
2026-06-04 06:00:00,9.61,10.055308835798602
2026-06-04 07:00:00,9.84,10.60019667837505
2026-06-04 08:00:00,10.079166666666667,10.715593688647886
2026-06-04 09:00:00,10.151666666666667,9.508168803554685
2026-06-04 10:00:00,10.2075,9.496219880455985
2026-06-04 11:00:00,10.376666666666669,9.490734874240324
2026-06-04 12:00:00,10.025,9.005688302121673
2026-06-04 13:00:00,9.125,9.003478144673942
2026-06-04 14:00:00,8.4625,10.04555013781828
2026-06-04 15:00:00,8.695833333333333,9.797959893605242
2026-06-04 16:00:00,9.355833333333331,8.834901683210791
2026-06-04 17:00:00,10.349166666666669,7.804579022862724
2026-06-04 18:00:00,10.568333333333332,8.83561358905002
2026-06-04 19:00:00,11.219166666666666,8.522132853255279
2026-06-04 20:00:00,12.004166666666666,9.589482778733842
2026-06-04 21:00:00,11.540833333333332,10.128749461624375
2026-06-04 22:00:00,11.2975,10.283455620902746
2026-06-04 23:00:00,10.964166666666667,10.890269949389491
2026-06-05 00:00:00,10.905,11.516661606473068
2026-06-05 01:00:00,11.019166666666669,10.998240296338661
2026-06-05 02:00:00,10.9075,10.586223939461744
2026-06-05 03:00:00,10.909166666666666,10.843801097175735
2026-06-05 04:00:00,10.920833333333333,10.782021892743069
2026-06-05 05:00:00,11.090833333333334,9.566876408265712
2026-06-05 06:00:00,9.61,10.0677829395281
2026-06-05 07:00:00,9.84,10.60785258042773
2026-06-05 08:00:00,10.079166666666667,10.720782691754257
2026-06-05 09:00:00,10.151666666666667,9.500154180601847
2026-06-05 10:00:00,10.2075,9.48146780090864
2026-06-05 11:00:00,10.376666666666669,9.47288384860472
2026-06-05 12:00:00,10.025,8.986562994396698
2026-06-05 13:00:00,9.125,9.000771364396352
2026-06-05 14:00:00,8.4625,10.03246479201597
2026-06-05 15:00:00,8.695833333333333,9.774019010322993
2026-06-05 16:00:00,9.355833333333331,8.821504693339865
2026-06-05 17:00:00,10.349166666666669,7.811734338122715
2026-06-05 18:00:00,10.568333333333332,8.843192533705091
2026-06-05 19:00:00,11.219166666666666,8.555182597113898
2026-06-05 20:00:00,12.004166666666666,9.659382094245043
2026-06-05 21:00:00,11.540833333333332,10.139680710663171
2026-06-05 22:00:00,11.2975,10.277854698988506
2026-06-05 23:00:00,10.964166666666667,10.887039552321564
2026-06-06 00:00:00,10.905,11.548042044318711
2026-06-06 01:00:00,11.019166666666669,11.02349118941132
2026-06-06 02:00:00,10.9075,10.596512991762443
2026-06-06 03:00:00,10.909166666666666,10.819862612381307
2026-06-06 04:00:00,10.920833333333333,10.746127887816806
2026-06-06 05:00:00,11.090833333333334,9.532800207784305
2026-06-06 06:00:00,9.61,10.026579851667778
2026-06-06 07:00:00,9.84,10.601767553603537
2026-06-06 08:00:00,10.079166666666667,10.720183338227043
2026-06-06 09:00:00,10.151666666666667,9.496073504853419
2026-06-06 10:00:00,10.2075,9.469415941088311
2026-06-06 11:00:00,10.376666666666669,9.47425692520093
2026-06-06 12:00:00,10.025,8.994094240970886
2026-06-06 13:00:00,9.125,9.011940059217725
2026-06-06 14:00:00,8.4625,10.039021144120674
2026-06-06 15:00:00,8.695833333333333,9.775515007372011
2026-06-06 16:00:00,9.355833333333331,8.831060315453099
2026-06-06 17:00:00,10.349166666666669,7.89891754802566
2026-06-06 18:00:00,10.568333333333332,8.906659203631229
2026-06-06 19:00:00,11.219166666666666,8.594209234136088
2026-06-06 20:00:00,12.004166666666666,9.660255937728502
2026-06-06 21:00:00,11.540833333333332,10.18222393950401
2026-06-06 22:00:00,11.2975,10.30626283892116
2026-06-06 23:00:00,10.964166666666667,10.913364783462967
2026-06-07 00:00:00,10.905,11.536228602627876
2026-06-07 01:00:00,11.019166666666669,11.00162657408083
2026-06-07 02:00:00,10.9075,10.568602012142534
2026-06-07 03:00:00,10.909166666666666,10.790210708584818
2026-06-07 04:00:00,10.920833333333333,10.716511709028993
2026-06-07 05:00:00,11.090833333333334,9.507099085096655
2026-06-07 06:00:00,9.61,9.997940007176272
2026-06-07 07:00:00,9.84,10.58988439223705
2026-06-07 08:00:00,10.079166666666667,10.721275588936734
2026-06-07 09:00:00,10.151666666666667,9.488205893614934
2026-06-07 10:00:00,10.2075,9.459039295067216
2026-06-07 11:00:00,10.376666666666669,9.466413139555705
2026-06-07 12:00:00,10.025,8.992306999289468
2026-06-07 13:00:00,9.125,9.027841780813993
2026-06-07 14:00:00,8.4625,10.016435120464834
2026-06-07 15:00:00,8.695833333333333,9.77188230673563
2026-06-07 16:00:00,9.355833333333331,8.812308291288472
2026-06-07 17:00:00,10.349166666666669,7.882957303842412
2026-06-07 18:00:00,10.568333333333332,8.897066598312703
2026-06-07 19:00:00,11.219166666666666,8.601855948352842
2026-06-07 20:00:00,12.004166666666666,9.665211535494631
2026-06-07 21:00:00,11.540833333333332,10.16482437450955
2026-06-07 22:00:00,11.2975,10.278964620328583
2026-06-07 23:00:00,10.964166666666667,10.887225408591155
2026-06-08 00:00:00,10.905,11.476319901178531
2026-06-08 01:00:00,11.019166666666669,10.964963133642183
2026-06-08 02:00:00,10.9075,10.51478419814109
2026-06-08 03:00:00,10.909166666666666,10.753704257551671
2026-06-08 04:00:00,10.920833333333333,10.686748211114445
2026-06-08 05:00:00,11.090833333333334,9.46461188165524
2026-06-08 06:00:00,9.61,9.974258956808619
2026-06-08 07:00:00,9.84,10.587198289249061
2026-06-08 08:00:00,10.079166666666667,10.690384795128978
2026-06-08 09:00:00,10.151666666666667,9.455432096415478
2026-06-08 10:00:00,10.2075,9.45974663712542
2026-06-08 11:00:00,10.376666666666669,9.462686702011794
2026-06-08 12:00:00,10.025,8.989545457611683
2026-06-08 13:00:00,9.125,9.048619423460185
2026-06-08 14:00:00,8.4625,10.044801300159302
2026-06-08 15:00:00,8.695833333333333,9.816128067582145
2026-06-08 16:00:00,9.355833333333331,8.862894409580369
2026-06-08 17:00:00,10.349166666666669,7.833115588605086
2026-06-08 18:00:00,10.568333333333332,8.788479792744777
2026-06-08 19:00:00,11.219166666666666,8.539924732129048
2026-06-08 20:00:00,12.004166666666666,9.45868771338796
2026-06-08 21:00:00,11.540833333333332,10.033266069615301
2026-06-08 22:00:00,11.2975,10.230489778893636
2026-06-08 23:00:00,10.964166666666667,10.862677098093336
2026-06-09 00:00:00,10.905,11.522839298614132
2026-06-09 01:00:00,11.019166666666669,10.999825466793707
2026-06-09 02:00:00,10.9075,10.54891765446628
2026-06-09 03:00:00,10.909166666666666,10.77198645816387
2026-06-09 04:00:00,10.920833333333333,10.702734936858533
2026-06-09 05:00:00,11.090833333333334,9.472351868085273
2026-06-09 06:00:00,9.61,9.98046135394963
2026-06-09 07:00:00,9.84,10.59161895592484
2026-06-09 08:00:00,10.079166666666667,10.721058048682577
2026-06-09 09:00:00,10.151666666666667,9.494394101934201
2026-06-09 10:00:00,10.2075,9.490985576117108
2026-06-09 11:00:00,10.376666666666669,9.470784503390341
2026-06-09 12:00:00,10.025,9.000186418512722
2026-06-09 13:00:00,9.125,9.030652596447847
2026-06-09 14:00:00,8.4625,10.057969944966395
2026-06-09 15:00:00,8.695833333333333,9.792662332409172
2026-06-09 16:00:00,9.355833333333331,8.883585152004056
2026-06-09 17:00:00,10.349166666666669,7.832571488416232
2026-06-09 18:00:00,10.568333333333332,8.798868624136652
2026-06-09 19:00:00,11.219166666666666,8.54763972981836
2026-06-09 20:00:00,12.004166666666666,9.536831853809954
2026-06-09 21:00:00,11.540833333333332,10.090324571250079
2026-06-09 22:00:00,11.2975,10.26635224197973
2026-06-09 23:00:00,10.964166666666667,10.893897377032069
2026-06-10 00:00:00,10.905,11.529207537215921
2026-06-10 01:00:00,11.019166666666669,10.999887659697606
2026-06-10 02:00:00,10.9075,10.53957126085808
2026-06-10 03:00:00,10.909166666666666,10.773990508695222
2026-06-10 04:00:00,10.920833333333333,10.70941107912326
2026-06-10 05:00:00,11.090833333333334,9.467445761433087
2026-06-10 06:00:00,9.61,9.976304552690213
2026-06-10 07:00:00,9.84,10.577728037580878
2026-06-10 08:00:00,10.079166666666667,10.722413084404835
2026-06-10 09:00:00,10.151666666666667,9.500465533915818
2026-06-10 10:00:00,10.2075,9.496872955249003
2026-06-10 11:00:00,10.376666666666669,9.483147786989626
2026-06-10 12:00:00,10.025,9.011778863224162
2026-06-10 13:00:00,9.125,9.022761921603479
2026-06-10 14:00:00,8.4625,10.065648824962505
2026-06-10 15:00:00,8.695833333333333,9.778812191486246
2026-06-10 16:00:00,9.355833333333331,8.846408750923406
2026-06-10 17:00:00,10.349166666666669,7.83731916839214
2026-06-10 18:00:00,10.568333333333332,8.802253862299096
2026-06-10 19:00:00,11.219166666666666,8.54230409045984
2026-06-10 20:00:00,12.004166666666666,9.531189910737293
2026-06-10 21:00:00,11.540833333333332,10.102700290023392
2026-06-10 22:00:00,11.2975,10.26611835557799
2026-06-10 23:00:00,10.964166666666667,10.896168153025435
2026-06-11 00:00:00,10.905,11.541505714257053
2026-06-11 01:00:00,11.019166666666669,11.012513914053116
2026-06-11 02:00:00,10.9075,10.56029136775016
2026-06-11 03:00:00,10.909166666666666,10.786884516547033
2026-06-11 04:00:00,10.920833333333333,10.72743281281429
2026-06-11 05:00:00,11.090833333333334,9.511824715180289
2026-06-11 06:00:00,9.61,10.024099357140077
2026-06-11 07:00:00,9.84,10.602664735511846
2026-06-11 08:00:00,10.079166666666667,10.736710335686576
2026-06-11 09:00:00,10.151666666666667,9.521774135288789
2026-06-11 10:00:00,10.2075,9.519073894662078
2026-06-11 11:00:00,10.376666666666669,9.512612269186402
2026-06-11 12:00:00,10.025,9.035823152408327
2026-06-11 13:00:00,9.125,9.029148648882941
2026-06-11 14:00:00,8.4625,10.068997926036541
2026-06-11 15:00:00,8.695833333333333,9.780572164773425
2026-06-11 16:00:00,9.355833333333331,8.850164433853038
2026-06-11 17:00:00,10.349166666666669,7.841017853704188
2026-06-11 18:00:00,10.568333333333332,8.817328916254644
2026-06-11 19:00:00,11.219166666666666,8.564477461575951
2026-06-11 20:00:00,12.004166666666666,9.567428127042431
2026-06-11 21:00:00,11.540833333333332,10.118409320776822
2026-06-11 22:00:00,11.2975,10.277248832483762
2026-06-11 23:00:00,10.964166666666667,10.896970681363769
2026-06-12 00:00:00,10.905,11.527862805297197
2026-06-12 01:00:00,11.019166666666669,11.001271306433324
2026-06-12 02:00:00,10.9075,10.568839823163838
2026-06-12 03:00:00,10.909166666666666,10.799070670224108
2026-06-12 04:00:00,10.920833333333333,10.738470990008121
2026-06-12 05:00:00,11.090833333333334,9.521654245260454
2026-06-12 06:00:00,9.61,10.03698916568348
2026-06-12 07:00:00,9.84,10.601113056442966
2026-06-12 08:00:00,10.079166666666667,10.7327209308881
2026-06-12 09:00:00,10.151666666666667,9.507654637481238
2026-06-12 10:00:00,10.2075,9.509320857076986
2026-06-12 11:00:00,10.376666666666669,9.494836308292232
2026-06-12 12:00:00,10.025,9.015159963118476
2026-06-12 13:00:00,9.125,9.017814651657252
2026-06-12 14:00:00,8.4625,10.05034505586248
2026-06-12 15:00:00,8.695833333333333,9.7554959245256
2026-06-12 16:00:00,9.355833333333331,8.842397880714827
2026-06-12 17:00:00,10.349166666666669,7.848427919137105
2026-06-12 18:00:00,10.568333333333332,8.827125616139128
2026-06-12 19:00:00,11.219166666666666,8.58900586441635
2026-06-12 20:00:00,12.004166666666666,9.629847218684386
2026-06-12 21:00:00,11.540833333333332,10.126760962508946
2026-06-12 22:00:00,11.2975,10.271577929676459
2026-06-12 23:00:00,10.964166666666667,10.884845757702784
2026-06-13 00:00:00,10.905,11.50885364313104
2026-06-13 01:00:00,11.019166666666669,10.977189913677837
2026-06-13 02:00:00,10.9075,10.5576606076629
2026-06-13 03:00:00,10.909166666666666,10.79909370108242
2026-06-13 04:00:00,10.920833333333333,10.728278467874894
2026-06-13 05:00:00,11.090833333333334,9.51849861587711
2026-06-13 06:00:00,9.61,10.039682046140197
2026-06-13 07:00:00,9.84,10.601690777664052
2026-06-13 08:00:00,10.079166666666667,10.72952284264495
2026-06-13 09:00:00,10.151666666666667,9.494859589267096
2026-06-13 10:00:00,10.2075,9.487609408821752
2026-06-13 11:00:00,10.376666666666669,9.473267619471564
2026-06-13 12:00:00,10.025,9.00985521673178
2026-06-13 13:00:00,9.125,9.010521236356798
2026-06-13 14:00:00,8.4625,10.047850736776088
2026-06-13 15:00:00,8.695833333333333,9.749560289214333
2026-06-13 16:00:00,9.355833333333331,8.845712196452528
2026-06-13 17:00:00,10.349166666666669,7.907752992379353
2026-06-13 18:00:00,10.568333333333332,8.866040254705418
2026-06-13 19:00:00,11.219166666666666,8.612645015259353
2026-06-13 20:00:00,12.004166666666666,9.662035973707361
2026-06-13 21:00:00,11.540833333333332,10.13619523282166
2026-06-13 22:00:00,11.2975,10.261025474662599
2026-06-13 23:00:00,10.964166666666667,10.869373550255995
2026-06-14 00:00:00,10.905,11.509569379340299
2026-06-14 01:00:00,11.019166666666669,10.975280661428425
2026-06-14 02:00:00,10.9075,10.558272115515512
2026-06-14 03:00:00,10.909166666666666,10.797380931530043
2026-06-14 04:00:00,10.920833333333333,10.725794568280804
2026-06-14 05:00:00,11.090833333333334,9.516101370812358
2026-06-14 06:00:00,9.61,10.036655044321549
2026-06-14 07:00:00,9.84,10.595377917814922
2026-06-14 08:00:00,10.079166666666667,10.733868237510745
2026-06-14 09:00:00,10.151666666666667,9.489884883389134
2026-06-14 10:00:00,10.2075,9.48197222156047
2026-06-14 11:00:00,10.376666666666669,9.465971511124037
2026-06-14 12:00:00,10.025,9.019227093356665
2026-06-14 13:00:00,9.125,9.02672364790001
2026-06-14 14:00:00,8.4625,10.031615693359464
2026-06-14 15:00:00,8.695833333333333,9.754975849583118
2026-06-14 16:00:00,9.355833333333331,8.840498940624062
2026-06-14 17:00:00,10.349166666666669,7.899987152719938
2026-06-14 18:00:00,10.568333333333332,8.87549490546368
2026-06-14 19:00:00,11.219166666666666,8.642495598986905
2026-06-14 20:00:00,12.004166666666666,9.689274336226525
2026-06-14 21:00:00,11.540833333333332,10.142415596206297
2026-06-14 22:00:00,11.2975,10.25558373942647
2026-06-14 23:00:00,10.964166666666667,10.857286236420183
2026-06-15 00:00:00,10.905,11.482930000989683
2026-06-15 01:00:00,11.019166666666669,10.955563501493298
2026-06-15 02:00:00,10.9075,10.50553314827231
2026-06-15 03:00:00,10.909166666666666,10.772748663080957
2026-06-15 04:00:00,10.920833333333333,10.704529405100027
2026-06-15 05:00:00,11.090833333333334,9.47159320673611
2026-06-15 06:00:00,9.61,10.023564416685554
2026-06-15 07:00:00,9.84,10.580521526044613
2026-06-15 08:00:00,10.079166666666667,10.704861579272308
2026-06-15 09:00:00,10.151666666666667,9.455739987216598
2026-06-15 10:00:00,10.2075,9.475865091559545
2026-06-15 11:00:00,10.376666666666669,9.459489861877454
2026-06-15 12:00:00,10.025,9.0197997517698
2026-06-15 13:00:00,9.125,9.051070087765476
2026-06-15 14:00:00,8.4625,10.04688197483006
2026-06-15 15:00:00,8.695833333333333,9.808353482281188
2026-06-15 16:00:00,9.355833333333331,8.88768066929019
2026-06-15 17:00:00,10.349166666666669,7.84151622419464
2026-06-15 18:00:00,10.568333333333332,8.778921600204272
2026-06-15 19:00:00,11.219166666666666,8.579232433903812
2026-06-15 20:00:00,12.004166666666666,9.526652818238611
2026-06-15 21:00:00,11.540833333333332,10.04950652772175
2026-06-15 22:00:00,11.2975,10.229945782646974
2026-06-15 23:00:00,10.964166666666667,10.850508842915717
2026-06-16 00:00:00,10.905,11.515770807769215
2026-06-16 01:00:00,11.019166666666669,10.967769988724969
2026-06-16 02:00:00,10.9075,10.518599148995566
2026-06-16 03:00:00,10.909166666666666,10.773946523957747
2026-06-16 04:00:00,10.920833333333333,10.70192324895703
2026-06-16 05:00:00,11.090833333333334,9.455133805916407
2026-06-16 06:00:00,9.61,10.006919039457687
2026-06-16 07:00:00,9.84,10.568536987493744
2026-06-16 08:00:00,10.079166666666667,10.723781251220206
2026-06-16 09:00:00,10.151666666666667,9.482427638474114
2026-06-16 10:00:00,10.2075,9.49684200183956
2026-06-16 11:00:00,10.376666666666669,9.477144036287447
2026-06-16 12:00:00,10.025,9.041328666327459
2026-06-16 13:00:00,9.125,9.045185465326714
2026-06-16 14:00:00,8.4625,10.054512626345737
2026-06-16 15:00:00,8.695833333333333,9.790815298710381
2026-06-16 16:00:00,9.355833333333331,8.890324268323882
2026-06-16 17:00:00,10.349166666666669,7.852738509097851
2026-06-16 18:00:00,10.568333333333332,8.812684803852058
2026-06-16 19:00:00,11.219166666666666,8.597046824792578
2026-06-16 20:00:00,12.004166666666666,9.594293030949391
2026-06-16 21:00:00,11.540833333333332,10.088079669733723
2026-06-16 22:00:00,11.2975,10.252681617641372
2026-06-16 23:00:00,10.964166666666667,10.866284059002606
2026-06-17 00:00:00,10.905,11.525863159556168
2026-06-17 01:00:00,11.019166666666669,10.973553510847898
2026-06-17 02:00:00,10.9075,10.517998821458981
2026-06-17 03:00:00,10.909166666666666,10.778927431572583
2026-06-17 04:00:00,10.920833333333333,10.712424443667405
2026-06-17 05:00:00,11.090833333333334,9.458479140362495
2026-06-17 06:00:00,9.61,10.00364132171639
2026-06-17 07:00:00,9.84,10.55267980351202
2026-06-17 08:00:00,10.079166666666667,10.723616074382003
2026-06-17 09:00:00,10.151666666666667,9.474765591427193
2026-06-17 10:00:00,10.2075,9.502373670325712
2026-06-17 11:00:00,10.376666666666669,9.49108723740762
2026-06-17 12:00:00,10.025,9.060712164673383
2026-06-17 13:00:00,9.125,9.035875100668807
2026-06-17 14:00:00,8.4625,10.024834285617056
2026-06-17 15:00:00,8.695833333333333,9.769067520408875
2026-06-17 16:00:00,9.355833333333331,8.85997786029363
2026-06-17 17:00:00,10.349166666666669,7.848088589003717
2026-06-17 18:00:00,10.568333333333332,8.838168137557872
2026-06-17 19:00:00,11.219166666666666,8.603206042821709
2026-06-17 20:00:00,12.004166666666666,9.595766257822362
2026-06-17 21:00:00,11.540833333333332,10.101895924818866
2026-06-17 22:00:00,11.2975,10.25878704512116
2026-06-17 23:00:00,10.964166666666667,10.86909190883508
2026-06-18 00:00:00,10.905,11.542448010176432
2026-06-18 01:00:00,11.019166666666669,11.002668909592714
2026-06-18 02:00:00,10.9075,10.547892462012822
2026-06-18 03:00:00,10.909166666666666,10.790050645334265
2026-06-18 04:00:00,10.920833333333333,10.727034819305217
2026-06-18 05:00:00,11.090833333333334,9.510074402889828
2026-06-18 06:00:00,9.61,10.029347176145508
2026-06-18 07:00:00,9.84,10.595867814690076
2026-06-18 08:00:00,10.079166666666667,10.754726691422352
2026-06-18 09:00:00,10.151666666666667,9.511729718403204
2026-06-18 10:00:00,10.2075,9.537808660009322
2026-06-18 11:00:00,10.376666666666669,9.532010074569444
2026-06-18 12:00:00,10.025,9.059567882952663
2026-06-18 13:00:00,9.125,9.036071734309807
2026-06-18 14:00:00,8.4625,10.020762902397134
2026-06-18 15:00:00,8.695833333333333,9.754237286871252
2026-06-18 16:00:00,9.355833333333331,8.854610343644882
2026-06-18 17:00:00,10.349166666666669,7.835531836443652
2026-06-18 18:00:00,10.568333333333332,8.84803492033291
2026-06-18 19:00:00,11.219166666666666,8.620179742160422
2026-06-18 20:00:00,12.004166666666666,9.611560333916856
2026-06-18 21:00:00,11.540833333333332,10.102615759063482
2026-06-18 22:00:00,11.2975,10.287158966544565
2026-06-18 23:00:00,10.964166666666667,10.891073689015276
2026-06-19 00:00:00,10.905,11.557001971018625
2026-06-19 01:00:00,11.019166666666669,11.026195965838776
2026-06-19 02:00:00,10.9075,10.585585411559084
2026-06-19 03:00:00,10.909166666666666,10.817012220029934
2026-06-19 04:00:00,10.920833333333333,10.754856653479354
2026-06-19 05:00:00,11.090833333333334,9.535960037385331
2026-06-19 06:00:00,9.61,10.059267383464867
2026-06-19 07:00:00,9.84,10.607816931854071
2026-06-19 08:00:00,10.079166666666667,10.776356762485317
2026-06-19 09:00:00,10.151666666666667,9.556612673133827
2026-06-19 10:00:00,10.2075,9.545957926496385
2026-06-19 11:00:00,10.376666666666669,9.536479018953358
2026-06-19 12:00:00,10.025,9.062417482849037
2026-06-19 13:00:00,9.125,9.058730313635433
2026-06-19 14:00:00,8.4625,10.067276772083058
2026-06-19 15:00:00,8.695833333333333,9.745026713464954
2026-06-19 16:00:00,9.355833333333331,8.862802552943464
2026-06-19 17:00:00,10.349166666666669,7.851634061902573
2026-06-19 18:00:00,10.568333333333332,8.867451165819258
2026-06-19 19:00:00,11.219166666666666,8.64808714046602
2026-06-19 20:00:00,12.004166666666666,9.682946421187514
2026-06-19 21:00:00,11.540833333333332,10.126317946654053
2026-06-19 22:00:00,11.2975,10.293800420330287
2026-06-19 23:00:00,10.964166666666667,10.899871621313583
2026-06-20 00:00:00,10.905,11.568964386942529
2026-06-20 01:00:00,11.019166666666669,11.014190565103132
2026-06-20 02:00:00,10.9075,10.584982138929286
2026-06-20 03:00:00,10.909166666666666,10.837704355785256
2026-06-20 04:00:00,10.920833333333333,10.758277167327847
2026-06-20 05:00:00,11.090833333333334,9.54107228713567
2026-06-20 06:00:00,9.61,10.068496275555473
2026-06-20 07:00:00,9.84,10.602269697384822
2026-06-20 08:00:00,10.079166666666667,10.784623979135631
2026-06-20 09:00:00,10.151666666666667,9.570200635614196
2026-06-20 10:00:00,10.2075,9.547850331524021
2026-06-20 11:00:00,10.376666666666669,9.540554973038613
2026-06-20 12:00:00,10.025,9.062180434719181
2026-06-20 13:00:00,9.125,9.063035199339076
2026-06-20 14:00:00,8.4625,10.087120899121452
2026-06-20 15:00:00,8.695833333333333,9.75676620205117
2026-06-20 16:00:00,9.355833333333331,8.864245636091034
2026-06-20 17:00:00,10.349166666666669,7.915020847512432
2026-06-20 18:00:00,10.568333333333332,8.923795875149276
2026-06-20 19:00:00,11.219166666666666,8.66892518349725
2026-06-20 20:00:00,12.004166666666666,9.705779178458087
2026-06-20 21:00:00,11.540833333333332,10.141640893583466
2026-06-20 22:00:00,11.2975,10.29312936568948
2026-06-20 23:00:00,10.964166666666667,10.912650546471518
2026-06-21 00:00:00,10.905,11.564554065571148
2026-06-21 01:00:00,11.019166666666669,11.007792080159849
2026-06-21 02:00:00,10.9075,10.580441363867433
2026-06-21 03:00:00,10.909166666666666,10.82775245041983
2026-06-21 04:00:00,10.920833333333333,10.750118453911696
2026-06-21 05:00:00,11.090833333333334,9.532873336912157
2026-06-21 06:00:00,9.61,10.062549323678885
2026-06-21 07:00:00,9.84,10.59795936449626
2026-06-21 08:00:00,10.079166666666667,10.783871847158522
2026-06-21 09:00:00,10.151666666666667,9.562617540770248
2026-06-21 10:00:00,10.2075,9.538233217666496
2026-06-21 11:00:00,10.376666666666669,9.530844848704156
2026-06-21 12:00:00,10.025,9.057804772800292
2026-06-21 13:00:00,9.125,9.076281435710927
2026-06-21 14:00:00,8.4625,10.077425401433064
2026-06-21 15:00:00,8.695833333333333,9.77194687637529
2026-06-21 16:00:00,9.355833333333331,8.850777256073942
2026-06-21 17:00:00,10.349166666666669,7.889500962672375
2026-06-21 18:00:00,10.568333333333332,8.925773787169824
2026-06-21 19:00:00,11.219166666666666,8.679325223487165
2026-06-21 20:00:00,12.004166666666666,9.718084160858805
2026-06-21 21:00:00,11.540833333333332,10.144460695607076
2026-06-21 22:00:00,11.2975,10.284064191125593
2026-06-21 23:00:00,10.964166666666667,10.895953442515943
2026-06-22 00:00:00,10.905,11.523451848657915
2026-06-22 01:00:00,11.019166666666669,10.975564638603348
2026-06-22 02:00:00,10.9075,10.522115556754079
2026-06-22 03:00:00,10.909166666666666,10.781671532602994
2026-06-22 04:00:00,10.920833333333333,10.715826060032875
2026-06-22 05:00:00,11.090833333333334,9.486201458912689
2026-06-22 06:00:00,9.61,10.055723412175299
2026-06-22 07:00:00,9.84,10.588489170003331
2026-06-22 08:00:00,10.079166666666667,10.74583533144483
2026-06-22 09:00:00,10.151666666666667,9.517052124290132
2026-06-22 10:00:00,10.2075,9.519184263707462
2026-06-22 11:00:00,10.376666666666669,9.509976146107224
2026-06-22 12:00:00,10.025,9.045409339145905
2026-06-22 13:00:00,9.125,9.089723651280636
2026-06-22 14:00:00,8.4625,10.090145397414872
2026-06-22 15:00:00,8.695833333333333,9.826827970157755
2026-06-22 16:00:00,9.355833333333331,8.8964136561129
2026-06-22 17:00:00,10.349166666666669,7.8566392025555665
2026-06-22 18:00:00,10.568333333333332,8.841838818520635
2026-06-22 19:00:00,11.219166666666666,8.611949865885595
2026-06-22 20:00:00,12.004166666666666,9.552234125863016
2026-06-22 21:00:00,11.540833333333332,10.054519247194264
2026-06-22 22:00:00,11.2975,10.255563670268312
2026-06-22 23:00:00,10.964166666666667,10.872509862351281
2026-06-23 00:00:00,10.905,11.590950361610561
2026-06-23 01:00:00,11.019166666666669,11.029889398155973
2026-06-23 02:00:00,10.9075,10.583070600789306
2026-06-23 03:00:00,10.909166666666666,10.827694376942821
2026-06-23 04:00:00,10.920833333333333,10.754626512194616
2026-06-23 05:00:00,11.090833333333334,9.523674269814904
2026-06-23 06:00:00,9.61,10.089141492414532
2026-06-23 07:00:00,9.84,10.606993160446407
2026-06-23 08:00:00,10.079166666666667,10.806477982809497
2026-06-23 09:00:00,10.151666666666667,9.600706224401927
2026-06-23 10:00:00,10.2075,9.592943136025173
2026-06-23 11:00:00,10.376666666666669,9.580803553041775
2026-06-23 12:00:00,10.025,9.125372418163101
2026-06-23 13:00:00,9.125,9.128665380656908
2026-06-23 14:00:00,8.4625,10.137749334630312
2026-06-23 15:00:00,8.695833333333333,9.846429404072527
2026-06-23 16:00:00,9.355833333333331,8.944388081098989
2026-06-23 17:00:00,10.349166666666669,7.904008994669651
2026-06-23 18:00:00,10.568333333333332,8.897167558907462
2026-06-23 19:00:00,11.219166666666666,8.666160489095578
2026-06-23 20:00:00,12.004166666666666,9.644288989588876
2026-06-23 21:00:00,11.540833333333332,10.130115247662024
2026-06-23 22:00:00,11.2975,10.313150733317366
2026-06-23 23:00:00,10.964166666666667,10.923045916030873
2026-06-24 00:00:00,10.905,11.594898297147413
2026-06-24 01:00:00,11.019166666666669,11.027333351213965
2026-06-24 02:00:00,10.9075,10.584729937611346
2026-06-24 03:00:00,10.909166666666666,10.830981011979414
2026-06-24 04:00:00,10.920833333333333,10.762585715801745
2026-06-24 05:00:00,11.090833333333334,9.532779226700008
2026-06-24 06:00:00,9.61,10.088199866339675
2026-06-24 07:00:00,9.84,10.59610423485067
2026-06-24 08:00:00,10.079166666666667,10.808430340818944
2026-06-24 09:00:00,10.151666666666667,9.605674116117456
2026-06-24 10:00:00,10.2075,9.598825894806104
2026-06-24 11:00:00,10.376666666666669,9.594150068231627
2026-06-24 12:00:00,10.025,9.132260115659411
2026-06-24 13:00:00,9.125,9.118923706258666
2026-06-24 14:00:00,8.4625,10.161010649244059
2026-06-24 15:00:00,8.695833333333333,9.846702247411617
2026-06-24 16:00:00,9.355833333333331,8.915213902933797
2026-06-24 17:00:00,10.349166666666669,7.917056050008913
2026-06-24 18:00:00,10.568333333333332,8.899727949541333
2026-06-24 19:00:00,11.219166666666666,8.65666912888924
2026-06-24 20:00:00,12.004166666666666,9.637538300701907
2026-06-24 21:00:00,11.540833333333332,10.143480070564346
2026-06-24 22:00:00,11.2975,10.316542236605022
2026-06-24 23:00:00,10.964166666666667,10.929663607776982
2026-06-25 00:00:00,10.905,11.585785055260592
2026-06-25 01:00:00,11.019166666666669,11.031388013446147
2026-06-25 02:00:00,10.9075,10.605147238225237
2026-06-25 03:00:00,10.909166666666666,10.842583481360904
2026-06-25 04:00:00,10.920833333333333,10.776488124555055
2026-06-25 05:00:00,11.090833333333334,9.571079839194212
2026-06-25 06:00:00,9.61,10.107803684651223
2026-06-25 07:00:00,9.84,10.623930601233628
2026-06-25 08:00:00,10.079166666666667,10.832174817592527
2026-06-25 09:00:00,10.151666666666667,9.634084453900243
2026-06-25 10:00:00,10.2075,9.623203941406445
2026-06-25 11:00:00,10.376666666666669,9.62125434437148
2026-06-25 12:00:00,10.025,9.16086832279958
2026-06-25 13:00:00,9.125,9.143380306097502
2026-06-25 14:00:00,8.4625,10.174059708347963
2026-06-25 15:00:00,8.695833333333333,9.857899763514485
2026-06-25 16:00:00,9.355833333333331,8.924493454125713
2026-06-25 17:00:00,10.349166666666669,7.93064963206438
2026-06-25 18:00:00,10.568333333333332,8.943870831700398
2026-06-25 19:00:00,11.219166666666666,8.689786337673045
2026-06-25 20:00:00,12.004166666666666,9.6422030268538
2026-06-25 21:00:00,11.540833333333332,10.150742844451875
2026-06-25 22:00:00,11.2975,10.32406334242214
2026-06-25 23:00:00,10.964166666666667,10.930133651502372
2026-06-26 00:00:00,10.905,11.59306009514674
2026-06-26 01:00:00,11.019166666666669,11.054704437104556
2026-06-26 02:00:00,10.9075,10.638891192859607
2026-06-26 03:00:00,10.909166666666666,10.865654761343434
2026-06-26 04:00:00,10.920833333333333,10.801232450987737
2026-06-26 05:00:00,11.090833333333334,9.592214114761966
2026-06-26 06:00:00,9.61,10.139382556075816
2026-06-26 07:00:00,9.84,10.638396284409112
2026-06-26 08:00:00,10.079166666666667,10.833773958381016
2026-06-26 09:00:00,10.151666666666667,9.614559020249114
2026-06-26 10:00:00,10.2075,9.602602635661006
2026-06-26 11:00:00,10.376666666666669,9.603160362902472
2026-06-26 12:00:00,10.025,9.14787771011895
2026-06-26 13:00:00,9.125,9.139099425006808
2026-06-26 14:00:00,8.4625,10.150532057494996
2026-06-26 15:00:00,8.695833333333333,9.839939014137661
2026-06-26 16:00:00,9.355833333333331,8.917647508431633
2026-06-26 17:00:00,10.349166666666669,7.931538712176637
2026-06-26 18:00:00,10.568333333333332,8.93578334435988
2026-06-26 19:00:00,11.219166666666666,8.711837907936783
2026-06-26 20:00:00,12.004166666666666,9.714424384541614
2026-06-26 21:00:00,11.540833333333332,10.172825289161413
2026-06-26 22:00:00,11.2975,10.327042708077272
2026-06-26 23:00:00,10.964166666666667,10.931858850764202
2026-06-27 00:00:00,10.905,11.605380809112575
2026-06-27 01:00:00,11.019166666666669,11.059154951180968
2026-06-27 02:00:00,10.9075,10.64982238833031
2026-06-27 03:00:00,10.909166666666666,10.892536260723006
2026-06-27 04:00:00,10.920833333333333,10.81064472507969
2026-06-27 05:00:00,11.090833333333334,9.60631460513983
2026-06-27 06:00:00,9.61,10.16282307232975
2026-06-27 07:00:00,9.84,10.650037344537745
2026-06-27 08:00:00,10.079166666666667,10.85343835741885
2026-06-27 09:00:00,10.151666666666667,9.631917420075467
2026-06-27 10:00:00,10.2075,9.6108871077819
2026-06-27 11:00:00,10.376666666666669,9.609298989180477
2026-06-27 12:00:00,10.025,9.155914582745776
2026-06-27 13:00:00,9.125,9.158003095698383
2026-06-27 14:00:00,8.4625,10.165130318139905
2026-06-27 15:00:00,8.695833333333333,9.849247223804502
2026-06-27 16:00:00,9.355833333333331,8.910206710420482
2026-06-27 17:00:00,10.349166666666669,7.975964904898122
2026-06-27 18:00:00,10.568333333333332,8.990792456338824
2026-06-27 19:00:00,11.219166666666666,8.744790885885177
2026-06-27 20:00:00,12.004166666666666,9.749949197842525
2026-06-27 21:00:00,11.540833333333332,10.199865261225051
2026-06-27 22:00:00,11.2975,10.344321221622092
2026-06-27 23:00:00,10.964166666666667,10.953314158681966
2026-06-28 00:00:00,10.905,11.60178034409061
2026-06-28 01:00:00,11.019166666666669,11.046147460999624
2026-06-28 02:00:00,10.9075,10.636988144761233
2026-06-28 03:00:00,10.909166666666666,10.872556497529004
2026-06-28 04:00:00,10.920833333333333,10.789930354127735
2026-06-28 05:00:00,11.090833333333334,9.585340443997012
2026-06-28 06:00:00,9.61,10.159722629881712
2026-06-28 07:00:00,9.84,10.652202959299553
2026-06-28 08:00:00,10.079166666666667,10.878260611162377
2026-06-28 09:00:00,10.151666666666667,9.63770397958691
2026-06-28 10:00:00,10.2075,9.60735204376822
2026-06-28 11:00:00,10.376666666666669,9.596342498742558
2026-06-28 12:00:00,10.025,9.146146532357257
2026-06-28 13:00:00,9.125,9.172647758538332
2026-06-28 14:00:00,8.4625,10.19543990879898
2026-06-28 15:00:00,8.695833333333333,9.930687079569736
2026-06-28 16:00:00,9.355833333333331,8.901978960385215
2026-06-28 17:00:00,10.349166666666669,7.9498920158565225
2026-06-28 18:00:00,10.568333333333332,9.004422571032393
2026-06-28 19:00:00,11.219166666666666,8.752311742293035
2026-06-28 20:00:00,12.004166666666666,9.75402182782787
2026-06-28 21:00:00,11.540833333333332,10.201132842072361
2026-06-28 22:00:00,11.2975,10.332102920521447
2026-06-28 23:00:00,10.964166666666667,10.938012122271708
2026-06-29 00:00:00,10.905,11.529154975696212
2026-06-29 01:00:00,11.019166666666669,11.008688732211816
2026-06-29 02:00:00,10.9075,10.550924079966698
2026-06-29 03:00:00,10.909166666666666,10.804315835362441
2026-06-29 04:00:00,10.920833333333333,10.733284034337641
2026-06-29 05:00:00,11.090833333333334,9.526985410850699
2026-06-29 06:00:00,9.61,10.114735010907896
2026-06-29 07:00:00,9.84,10.631994107271918
2026-06-29 08:00:00,10.079166666666667,10.829240968634679
2026-06-29 09:00:00,10.151666666666667,9.582151284874815
2026-06-29 10:00:00,10.2075,9.583079861664423
2026-06-29 11:00:00,10.376666666666669,9.57169073625007
2026-06-29 12:00:00,10.025,9.120128589987907
2026-06-29 13:00:00,9.125,9.160322863843565
2026-06-29 14:00:00,8.4625,10.194968020120463
2026-06-29 15:00:00,8.695833333333333,9.96417084289044
2026-06-29 16:00:00,9.355833333333331,8.936992382549647
2026-06-29 17:00:00,10.349166666666669,7.877749802236794
2026-06-29 18:00:00,10.568333333333332,8.874776156184707
2026-06-29 19:00:00,11.219166666666666,8.643751022938533
2026-06-29 20:00:00,12.004166666666666,9.562455207074276
2026-06-29 21:00:00,11.540833333333332,10.07628007258052
2026-06-29 22:00:00,11.2975,10.262490606677297
2026-06-29 23:00:00,10.964166666666667,10.861402921697403
2026-06-30 00:00:00,10.905,11.5455251140888
2026-06-30 01:00:00,11.019166666666669,11.024152547572367
2026-06-30 02:00:00,10.9075,10.562238596303498
2026-06-30 03:00:00,10.909166666666666,10.805201439704767
2026-06-30 04:00:00,10.920833333333333,10.736656836870129
2026-06-30 05:00:00,11.090833333333334,9.520889360586434
2026-06-30 06:00:00,9.61,10.152301218549248
2026-06-30 07:00:00,9.84,10.636463861442794
2026-06-30 08:00:00,10.079166666666667,10.907982469402846
2026-06-30 09:00:00,10.151666666666667,9.697899273729185
2026-06-30 10:00:00,10.2075,9.672790545189699
2026-06-30 11:00:00,10.376666666666669,9.644798239915193
2026-06-30 12:00:00,10.025,9.164991932012196
2026-06-30 13:00:00,9.125,9.152453988111386
2026-06-30 14:00:00,8.4625,10.283479079804
2026-06-30 15:00:00,8.695833333333333,9.936414235528588
2026-06-30 16:00:00,9.355833333333331,8.9658319366228
2026-06-30 17:00:00,10.349166666666669,7.910840806014226
2026-06-30 18:00:00,10.568333333333332,8.953385663566044
2026-06-30 19:00:00,11.219166666666666,8.643878950713079
2026-06-30 20:00:00,12.004166666666666,9.579436653920519
2026-06-30 21:00:00,11.540833333333332,10.07061401511824
2026-06-30 22:00:00,11.2975,10.265316801425026
2026-06-30 23:00:00,10.964166666666667,10.862516080162571
2026-07-01 00:00:00,14.671774193548387,11.731598957863444
2026-07-01 01:00:00,15.195967741935483,12.274678998784783
2026-07-01 02:00:00,15.30967741935484,11.051331043732041
2026-07-01 03:00:00,15.63225806451613,14.383797224602414
2026-07-01 04:00:00,15.795967741935485,15.060078290113596
2026-07-01 05:00:00,16.005645161290325,13.286498126163568
2026-07-01 06:00:00,14.412903225806453,15.205677276372441
2026-07-01 07:00:00,14.49274193548387,15.106169225382118
2026-07-01 08:00:00,14.596774193548388,14.964156317389193
2026-07-01 09:00:00,14.680645161290323,14.06909409324495
2026-07-01 10:00:00,14.738709677419354,14.099446763282224
2026-07-01 11:00:00,14.59758064516129,14.069606015817474
2026-07-01 12:00:00,14.288709677419355,14.111754640788583
2026-07-01 13:00:00,13.830645161290322,14.265671449078765
2026-07-01 14:00:00,13.50483870967742,14.315351829122129
2026-07-01 15:00:00,13.176612903225807,13.701076885460626
2026-07-01 16:00:00,13.658064516129032,13.37643968281349
2026-07-01 17:00:00,14.082258064516129,12.58944713362799
2026-07-01 18:00:00,14.231451612903228,12.784014772933627
2026-07-01 19:00:00,14.746774193548386,13.222566843896951
2026-07-01 20:00:00,15.066129032258065,13.951546707550072
2026-07-01 21:00:00,14.939516129032258,14.258530282921356
2026-07-01 22:00:00,14.473387096774196,15.070710047588104
2026-07-01 23:00:00,14.446774193548388,14.959131905154653
2026-07-02 00:00:00,14.671774193548387,14.309554011894711
2026-07-02 01:00:00,15.195967741935483,13.960862964607797
2026-07-02 02:00:00,15.30967741935484,14.234534720823248
2026-07-02 03:00:00,15.63225806451613,14.43053075436115
2026-07-02 04:00:00,15.795967741935485,14.872156752127882
2026-07-02 05:00:00,16.005645161290325,13.172599099928433
2026-07-02 06:00:00,14.412903225806453,14.897387486555328
2026-07-02 07:00:00,14.49274193548387,15.01792027751631
2026-07-02 08:00:00,14.596774193548388,14.909538888186814
2026-07-02 09:00:00,14.680645161290323,13.91786096284674
2026-07-02 10:00:00,14.738709677419354,13.883295403477245
2026-07-02 11:00:00,14.59758064516129,13.825621580048182
2026-07-02 12:00:00,14.288709677419355,13.980309624407479
2026-07-02 13:00:00,13.830645161290322,14.104875637226481
2026-07-02 14:00:00,13.50483870967742,14.177819588417131
2026-07-02 15:00:00,13.176612903225807,13.60924857907981
2026-07-02 16:00:00,13.658064516129032,13.315005079631923
2026-07-02 17:00:00,14.082258064516129,12.588564227536999
2026-07-02 18:00:00,14.231451612903228,12.787235114684975
2026-07-02 19:00:00,14.746774193548386,13.280872183872798
2026-07-02 20:00:00,15.066129032258065,13.863628551875088
2026-07-02 21:00:00,14.939516129032258,14.173843503383504
2026-07-02 22:00:00,14.473387096774196,14.905989406841043
2026-07-02 23:00:00,14.446774193548388,14.883759809857924
2026-07-03 00:00:00,14.671774193548387,14.28988021005896
2026-07-03 01:00:00,15.195967741935483,13.93516068382214
2026-07-03 02:00:00,15.30967741935484,14.202486000867781
2026-07-03 03:00:00,15.63225806451613,14.399069709238193
2026-07-03 04:00:00,15.795967741935485,14.869299103090594
2026-07-03 05:00:00,16.005645161290325,13.181277476094246
2026-07-03 06:00:00,14.412903225806453,14.909816960918203
2026-07-03 07:00:00,14.49274193548387,15.019638483817666
2026-07-03 08:00:00,14.596774193548388,14.896486055225203
2026-07-03 09:00:00,14.680645161290323,13.8929879838126
2026-07-03 10:00:00,14.738709677419354,13.854072806385023
2026-07-03 11:00:00,14.59758064516129,13.794719363879967
2026-07-03 12:00:00,14.288709677419355,13.956889662287761
2026-07-03 13:00:00,13.830645161290322,14.067245137445546
2026-07-03 14:00:00,13.50483870967742,14.143495369864258
2026-07-03 15:00:00,13.176612903225807,13.613827990559301
2026-07-03 16:00:00,13.658064516129032,13.30836803339719
2026-07-03 17:00:00,14.082258064516129,12.601213871358235
2026-07-03 18:00:00,14.231451612903228,12.815941477661589
2026-07-03 19:00:00,14.746774193548386,13.27726538013671
2026-07-03 20:00:00,15.066129032258065,13.849960807696117
2026-07-03 21:00:00,14.939516129032258,14.16578607846093
2026-07-03 22:00:00,14.473387096774196,14.897946944285778
2026-07-03 23:00:00,14.446774193548388,14.878168489155065
2026-07-04 00:00:00,14.671774193548387,14.316340413855213
2026-07-04 01:00:00,15.195967741935483,13.970238291716228
2026-07-04 02:00:00,15.30967741935484,14.238367713425216
2026-07-04 03:00:00,15.63225806451613,14.42223235407871
2026-07-04 04:00:00,15.795967741935485,14.899495668393268
2026-07-04 05:00:00,16.005645161290325,13.211827854033967
2026-07-04 06:00:00,14.412903225806453,14.93921200164257
2026-07-04 07:00:00,14.49274193548387,15.06733321305067
2026-07-04 08:00:00,14.596774193548388,14.945091458678784
2026-07-04 09:00:00,14.680645161290323,13.941914211829115
2026-07-04 10:00:00,14.738709677419354,13.880817771183404
2026-07-04 11:00:00,14.59758064516129,13.816711763949002
2026-07-04 12:00:00,14.288709677419355,13.976943538852886
2026-07-04 13:00:00,13.830645161290322,14.071140383668897
2026-07-04 14:00:00,13.50483870967742,14.117245410527204
2026-07-04 15:00:00,13.176612903225807,13.633172755392945
2026-07-04 16:00:00,13.658064516129032,13.361572091242358
2026-07-04 17:00:00,14.082258064516129,12.707758416066827
2026-07-04 18:00:00,14.231451612903228,12.932872019178077
2026-07-04 19:00:00,14.746774193548386,13.403131733352357
2026-07-04 20:00:00,15.066129032258065,13.892743906726228
2026-07-04 21:00:00,14.939516129032258,14.159615274327077
2026-07-04 22:00:00,14.473387096774196,14.914076619315795
2026-07-04 23:00:00,14.446774193548388,14.911097590167511
2026-07-05 00:00:00,14.671774193548387,14.290810783083462
2026-07-05 01:00:00,15.195967741935483,13.949277443863009
2026-07-05 02:00:00,15.30967741935484,14.2357673705003
2026-07-05 03:00:00,15.63225806451613,14.420829738943997
2026-07-05 04:00:00,15.795967741935485,14.912680828221788
2026-07-05 05:00:00,16.005645161290325,13.222191611658914
2026-07-05 06:00:00,14.412903225806453,14.942596369549383
2026-07-05 07:00:00,14.49274193548387,15.074643548241363
2026-07-05 08:00:00,14.596774193548388,14.953673728595854
2026-07-05 09:00:00,14.680645161290323,13.93577247323508
2026-07-05 10:00:00,14.738709677419354,13.87353500118195
2026-07-05 11:00:00,14.59758064516129,13.818266692408429
2026-07-05 12:00:00,14.288709677419355,13.970819985340874
2026-07-05 13:00:00,13.830645161290322,14.056348540359304
2026-07-05 14:00:00,13.50483870967742,14.091137396385474
2026-07-05 15:00:00,13.176612903225807,13.607619837876447
2026-07-05 16:00:00,13.658064516129032,13.353248291896808
2026-07-05 17:00:00,14.082258064516129,12.715565701567844
2026-07-05 18:00:00,14.231451612903228,12.914835819667836
2026-07-05 19:00:00,14.746774193548386,13.3815028662193
2026-07-05 20:00:00,15.066129032258065,13.881889991635543
2026-07-05 21:00:00,14.939516129032258,14.156608222618921
2026-07-05 22:00:00,14.473387096774196,14.8971731016458
2026-07-05 23:00:00,14.446774193548388,14.895626367074664
2026-07-06 00:00:00,14.671774193548387,14.197762844247421
2026-07-06 01:00:00,15.195967741935483,13.870026086957594
2026-07-06 02:00:00,15.30967741935484,14.178316021044338
2026-07-06 03:00:00,15.63225806451613,14.385437926527182
2026-07-06 04:00:00,15.795967741935485,14.887212009989163
2026-07-06 05:00:00,16.005645161290325,13.175513930139555
2026-07-06 06:00:00,14.412903225806453,14.857736209679452
2026-07-06 07:00:00,14.49274193548387,15.055868181836129
2026-07-06 08:00:00,14.596774193548388,14.906451257772082
2026-07-06 09:00:00,14.680645161290323,13.86038757456355
2026-07-06 10:00:00,14.738709677419354,13.841351268459174
2026-07-06 11:00:00,14.59758064516129,13.794929917961884
2026-07-06 12:00:00,14.288709677419355,13.944843240263708
2026-07-06 13:00:00,13.830645161290322,14.028787698352705
2026-07-06 14:00:00,13.50483870967742,14.13251547230308
2026-07-06 15:00:00,13.176612903225807,13.592660629458248
2026-07-06 16:00:00,13.658064516129032,13.265377956485857
2026-07-06 17:00:00,14.082258064516129,12.516059659697166
2026-07-06 18:00:00,14.231451612903228,12.701600324754299
2026-07-06 19:00:00,14.746774193548386,13.164643623640623
2026-07-06 20:00:00,15.066129032258065,13.677374990749643
2026-07-06 21:00:00,14.939516129032258,14.022691606768836
2026-07-06 22:00:00,14.473387096774196,14.824398501178507
2026-07-06 23:00:00,14.446774193548388,14.799631928573639
2026-07-07 00:00:00,14.671774193548387,14.21360708847894
2026-07-07 01:00:00,15.195967741935483,13.869058105344463
2026-07-07 02:00:00,15.30967741935484,14.169305648387757
2026-07-07 03:00:00,15.63225806451613,14.358136138705502
2026-07-07 04:00:00,15.795967741935485,14.871100099057674
2026-07-07 05:00:00,16.005645161290325,13.178269361308082
2026-07-07 06:00:00,14.412903225806453,14.83178487134585
2026-07-07 07:00:00,14.49274193548387,15.01751746950649
2026-07-07 08:00:00,14.596774193548388,14.886497705843942
2026-07-07 09:00:00,14.680645161290323,13.846095782161537
2026-07-07 10:00:00,14.738709677419354,13.828360911792561
2026-07-07 11:00:00,14.59758064516129,13.787378365921736
2026-07-07 12:00:00,14.288709677419355,13.938286420816995
2026-07-07 13:00:00,13.830645161290322,14.020530879430316
2026-07-07 14:00:00,13.50483870967742,14.110441752178865
2026-07-07 15:00:00,13.176612903225807,13.600717932529822
2026-07-07 16:00:00,13.658064516129032,13.277928585705418
2026-07-07 17:00:00,14.082258064516129,12.560206553961049
2026-07-07 18:00:00,14.231451612903228,12.739712367270226
2026-07-07 19:00:00,14.746774193548386,13.19679867719757
2026-07-07 20:00:00,15.066129032258065,13.746168111864085
2026-07-07 21:00:00,14.939516129032258,14.087313309086586
2026-07-07 22:00:00,14.473387096774196,14.840643068489516
2026-07-07 23:00:00,14.446774193548388,14.81066926063545
2026-07-08 00:00:00,14.671774193548387,14.217743046989863
2026-07-08 01:00:00,15.195967741935483,13.880924379757111
2026-07-08 02:00:00,15.30967741935484,14.178208377993226
2026-07-08 03:00:00,15.63225806451613,14.370732378118507
2026-07-08 04:00:00,15.795967741935485,14.85178836234073
2026-07-08 05:00:00,16.005645161290325,13.180631193854822
2026-07-08 06:00:00,14.412903225806453,14.823063785926438
2026-07-08 07:00:00,14.49274193548387,15.015042013791424
2026-07-08 08:00:00,14.596774193548388,14.897519513828872
2026-07-08 09:00:00,14.680645161290323,13.8630786138029
2026-07-08 10:00:00,14.738709677419354,13.850247076940974
2026-07-08 11:00:00,14.59758064516129,13.810727317683872
2026-07-08 12:00:00,14.288709677419355,13.966092411620295
2026-07-08 13:00:00,13.830645161290322,14.050147967793663
2026-07-08 14:00:00,13.50483870967742,14.124836746335397
2026-07-08 15:00:00,13.176612903225807,13.598526864442448
2026-07-08 16:00:00,13.658064516129032,13.281100837810595
2026-07-08 17:00:00,14.082258064516129,12.56987554495526
2026-07-08 18:00:00,14.231451612903228,12.739983431647595
2026-07-08 19:00:00,14.746774193548386,13.20761457350352
2026-07-08 20:00:00,15.066129032258065,13.743148912032408
2026-07-08 21:00:00,14.939516129032258,14.100879825566839
2026-07-08 22:00:00,14.473387096774196,14.840644133591251
2026-07-08 23:00:00,14.446774193548388,14.819548666849702
2026-07-09 00:00:00,14.671774193548387,14.2248841332563
2026-07-09 01:00:00,15.195967741935483,13.875985160742378
2026-07-09 02:00:00,15.30967741935484,14.176914445975253
2026-07-09 03:00:00,15.63225806451613,14.3572829800609
2026-07-09 04:00:00,15.795967741935485,14.8595969908218
2026-07-09 05:00:00,16.005645161290325,13.196565444395183
2026-07-09 06:00:00,14.412903225806453,14.8473719005339
2026-07-09 07:00:00,14.49274193548387,15.025308851005995
2026-07-09 08:00:00,14.596774193548388,14.914289817837656
2026-07-09 09:00:00,14.680645161290323,13.869188079400452
2026-07-09 10:00:00,14.738709677419354,13.850458283062416
2026-07-09 11:00:00,14.59758064516129,13.795824029055797
2026-07-09 12:00:00,14.288709677419355,13.950434404360175
2026-07-09 13:00:00,13.830645161290322,14.028873897752831
2026-07-09 14:00:00,13.50483870967742,14.113589868474895
2026-07-09 15:00:00,13.176612903225807,13.58678025384567
2026-07-09 16:00:00,13.658064516129032,13.267154416099384
2026-07-09 17:00:00,14.082258064516129,12.554738948301576
2026-07-09 18:00:00,14.231451612903228,12.730157004143718
2026-07-09 19:00:00,14.746774193548386,13.193810387412508
2026-07-09 20:00:00,15.066129032258065,13.739361068354782
2026-07-09 21:00:00,14.939516129032258,14.099918925533045
2026-07-09 22:00:00,14.473387096774196,14.842857156423957
2026-07-09 23:00:00,14.446774193548388,14.82854966774768
2026-07-10 00:00:00,14.671774193548387,14.21855381271294
2026-07-10 01:00:00,15.195967741935483,13.86610956522882
2026-07-10 02:00:00,15.30967741935484,14.162945501412741
2026-07-10 03:00:00,15.63225806451613,14.346698966122293
2026-07-10 04:00:00,15.795967741935485,14.849497021991105
2026-07-10 05:00:00,16.005645161290325,13.197260926439583
2026-07-10 06:00:00,14.412903225806453,14.875063308090802
2026-07-10 07:00:00,14.49274193548387,15.02208998972917
2026-07-10 08:00:00,14.596774193548388,14.907421494590034
2026-07-10 09:00:00,14.680645161290323,13.857680028461166
2026-07-10 10:00:00,14.738709677419354,13.831770449949492
2026-07-10 11:00:00,14.59758064516129,13.777714649194381
2026-07-10 12:00:00,14.288709677419355,13.9345468344487
2026-07-10 13:00:00,13.830645161290322,14.012727589785657
2026-07-10 14:00:00,13.50483870967742,14.096399919383284
2026-07-10 15:00:00,13.176612903225807,13.583325847474015
2026-07-10 16:00:00,13.658064516129032,13.272637808061532
2026-07-10 17:00:00,14.082258064516129,12.580031464759232
2026-07-10 18:00:00,14.231451612903228,12.759006353382116
2026-07-10 19:00:00,14.746774193548386,13.197544568931278
2026-07-10 20:00:00,15.066129032258065,13.736014850017543
2026-07-10 21:00:00,14.939516129032258,14.09825148926808
2026-07-10 22:00:00,14.473387096774196,14.837694133976367
2026-07-10 23:00:00,14.446774193548388,14.828198090454205
2026-07-11 00:00:00,14.671774193548387,14.253932804375843
2026-07-11 01:00:00,15.195967741935483,13.908749120210494
2026-07-11 02:00:00,15.30967741935484,14.187889188827423
2026-07-11 03:00:00,15.63225806451613,14.367210424261817
2026-07-11 04:00:00,15.795967741935485,14.87059388083081
2026-07-11 05:00:00,16.005645161290325,13.21063884632811
2026-07-11 06:00:00,14.412903225806453,14.901903192668097
2026-07-11 07:00:00,14.49274193548387,15.062109707754084
2026-07-11 08:00:00,14.596774193548388,14.946182655801298
2026-07-11 09:00:00,14.680645161290323,13.9183108139163
2026-07-11 10:00:00,14.738709677419354,13.863532773354873
2026-07-11 11:00:00,14.59758064516129,13.805553076758965
2026-07-11 12:00:00,14.288709677419355,13.962659609096379
2026-07-11 13:00:00,13.830645161290322,14.031594890084396
2026-07-11 14:00:00,13.50483870967742,14.077248170603474
2026-07-11 15:00:00,13.176612903225807,13.596780856964292
2026-07-11 16:00:00,13.658064516129032,13.323470237394595
2026-07-11 17:00:00,14.082258064516129,12.681231842373773
2026-07-11 18:00:00,14.231451612903228,12.87191905470003
2026-07-11 19:00:00,14.746774193548386,13.332396727524529
2026-07-11 20:00:00,15.066129032258065,13.800608158584687
2026-07-11 21:00:00,14.939516129032258,14.099355094961247
2026-07-11 22:00:00,14.473387096774196,14.851549243043458
2026-07-11 23:00:00,14.446774193548388,14.865194556217382
2026-07-12 00:00:00,14.671774193548387,14.235070364902278
2026-07-12 01:00:00,15.195967741935483,13.908253152042082
2026-07-12 02:00:00,15.30967741935484,14.18644889024683
2026-07-12 03:00:00,15.63225806451613,14.373318604201629
2026-07-12 04:00:00,15.795967741935485,14.857713794462427
2026-07-12 05:00:00,16.005645161290325,13.194484024829173
2026-07-12 06:00:00,14.412903225806453,14.898480774123081
2026-07-12 07:00:00,14.49274193548387,15.07000275361062
2026-07-12 08:00:00,14.596774193548388,14.948816618643281
2026-07-12 09:00:00,14.680645161290323,13.923877974493266
2026-07-12 10:00:00,14.738709677419354,13.867424251431391
2026-07-12 11:00:00,14.59758064516129,13.808790947032858
2026-07-12 12:00:00,14.288709677419355,13.965068891262135
2026-07-12 13:00:00,13.830645161290322,14.033455863765507
2026-07-12 14:00:00,13.50483870967742,14.069773366660975
2026-07-12 15:00:00,13.176612903225807,13.583584973343303
2026-07-12 16:00:00,13.658064516129032,13.317512265591551
2026-07-12 17:00:00,14.082258064516129,12.686621721321252
2026-07-12 18:00:00,14.231451612903228,12.863169249171506
2026-07-12 19:00:00,14.746774193548386,13.321872018243493
2026-07-12 20:00:00,15.066129032258065,13.800869992649318
2026-07-12 21:00:00,14.939516129032258,14.09223518682224
2026-07-12 22:00:00,14.473387096774196,14.83700457162956
2026-07-12 23:00:00,14.446774193548388,14.849682290332623
2026-07-13 00:00:00,14.671774193548387,14.188002262771434
2026-07-13 01:00:00,15.195967741935483,13.878474603838292
2026-07-13 02:00:00,15.30967741935484,14.183309636432519
2026-07-13 03:00:00,15.63225806451613,14.379076040482719
2026-07-13 04:00:00,15.795967741935485,14.865325828379632
2026-07-13 05:00:00,16.005645161290325,13.174864120172723
2026-07-13 06:00:00,14.412903225806453,14.856244949808463
2026-07-13 07:00:00,14.49274193548387,15.059593026724638
2026-07-13 08:00:00,14.596774193548388,14.925345480692554
2026-07-13 09:00:00,14.680645161290323,13.864048970191629
2026-07-13 10:00:00,14.738709677419354,13.853462652666282
2026-07-13 11:00:00,14.59758064516129,13.802464563934302
2026-07-13 12:00:00,14.288709677419355,13.955850692394264
2026-07-13 13:00:00,13.830645161290322,14.033312419950331
2026-07-13 14:00:00,13.50483870967742,14.135729342016052
2026-07-13 15:00:00,13.176612903225807,13.581510932750067
2026-07-13 16:00:00,13.658064516129032,13.235898430303715
2026-07-13 17:00:00,14.082258064516129,12.493506294293617
2026-07-13 18:00:00,14.231451612903228,12.68083006615186
2026-07-13 19:00:00,14.746774193548386,13.143568878018822
2026-07-13 20:00:00,15.066129032258065,13.638743639496525
2026-07-13 21:00:00,14.939516129032258,14.007867297977995
2026-07-13 22:00:00,14.473387096774196,14.80703524371124
2026-07-13 23:00:00,14.446774193548388,14.797249780195946
2026-07-14 00:00:00,14.671774193548387,14.204836243336812
2026-07-14 01:00:00,15.195967741935483,13.879507786522602
2026-07-14 02:00:00,15.30967741935484,14.195649927854678
2026-07-14 03:00:00,15.63225806451613,14.38995275351705
2026-07-14 04:00:00,15.795967741935485,14.868599759081278
2026-07-14 05:00:00,16.005645161290325,13.181754505135459
2026-07-14 06:00:00,14.412903225806453,14.826292225775571
2026-07-14 07:00:00,14.49274193548387,15.017764133312355
2026-07-14 08:00:00,14.596774193548388,14.905928576164438
2026-07-14 09:00:00,14.680645161290323,13.853423096277673
2026-07-14 10:00:00,14.738709677419354,13.843546841827525
2026-07-14 11:00:00,14.59758064516129,13.799488829218905
2026-07-14 12:00:00,14.288709677419355,13.958280209381122
2026-07-14 13:00:00,13.830645161290322,14.026700138527216
2026-07-14 14:00:00,13.50483870967742,14.122700750149104
2026-07-14 15:00:00,13.176612903225807,13.606625441127704
2026-07-14 16:00:00,13.658064516129032,13.277556848792159
2026-07-14 17:00:00,14.082258064516129,12.559511256497863
2026-07-14 18:00:00,14.231451612903228,12.750644644253704
2026-07-14 19:00:00,14.746774193548386,13.204152362161665
2026-07-14 20:00:00,15.066129032258065,13.736584338429042
2026-07-14 21:00:00,14.939516129032258,14.114859397426008
2026-07-14 22:00:00,14.473387096774196,14.843960262694774
2026-07-14 23:00:00,14.446774193548388,14.823480795494318
2026-07-15 00:00:00,14.671774193548387,14.21912868346995
2026-07-15 01:00:00,15.195967741935483,13.901451890628376
2026-07-15 02:00:00,15.30967741935484,14.209841263301348
2026-07-15 03:00:00,15.63225806451613,14.3936605286034
2026-07-15 04:00:00,15.795967741935485,14.855569287543045
2026-07-15 05:00:00,16.005645161290325,13.187190806963118
2026-07-15 06:00:00,14.412903225806453,14.8224049638952
2026-07-15 07:00:00,14.49274193548387,15.015688802113164
2026-07-15 08:00:00,14.596774193548388,14.914349712865107
2026-07-15 09:00:00,14.680645161290323,13.877077098148416
2026-07-15 10:00:00,14.738709677419354,13.86740964369378
2026-07-15 11:00:00,14.59758064516129,13.8250378312948
2026-07-15 12:00:00,14.288709677419355,13.984252818253278
2026-07-15 13:00:00,13.830645161290322,14.0586549981267
2026-07-15 14:00:00,13.50483870967742,14.138689031148648
2026-07-15 15:00:00,13.176612903225807,13.608864084303864
2026-07-15 16:00:00,13.658064516129032,13.283086097604023
2026-07-15 17:00:00,14.082258064516129,12.57996398579196
2026-07-15 18:00:00,14.231451612903228,12.758807817017177
2026-07-15 19:00:00,14.746774193548386,13.207535516370214
2026-07-15 20:00:00,15.066129032258065,13.748742747150024
2026-07-15 21:00:00,14.939516129032258,14.132979501158045
2026-07-15 22:00:00,14.473387096774196,14.860242936542743
2026-07-15 23:00:00,14.446774193548388,14.840789832910342
2026-07-16 00:00:00,14.671774193548387,14.2305718586153
2026-07-16 01:00:00,15.195967741935483,13.911239071965856
2026-07-16 02:00:00,15.30967741935484,14.21848464389336
2026-07-16 03:00:00,15.63225806451613,14.394612640025956
2026-07-16 04:00:00,15.795967741935485,14.866403063412676
2026-07-16 05:00:00,16.005645161290325,13.19417049496112
2026-07-16 06:00:00,14.412903225806453,14.837942977130925
2026-07-16 07:00:00,14.49274193548387,15.021560056005995
2026-07-16 08:00:00,14.596774193548388,14.927034892379954
2026-07-16 09:00:00,14.680645161290323,13.887440510305566
2026-07-16 10:00:00,14.738709677419354,13.870155344047365
2026-07-16 11:00:00,14.59758064516129,13.8318654044122
2026-07-16 12:00:00,14.288709677419355,13.98359192560347
2026-07-16 13:00:00,13.830645161290322,14.056460107296378
2026-07-16 14:00:00,13.50483870967742,14.14243010978224
2026-07-16 15:00:00,13.176612903225807,13.611905537549738
2026-07-16 16:00:00,13.658064516129032,13.29170807061655
2026-07-16 17:00:00,14.082258064516129,12.59218719916242
2026-07-16 18:00:00,14.231451612903228,12.764063232924869
2026-07-16 19:00:00,14.746774193548386,13.206848665891702
2026-07-16 20:00:00,15.066129032258065,13.764399125868678
2026-07-16 21:00:00,14.939516129032258,14.150445196033843
2026-07-16 22:00:00,14.473387096774196,14.876759838050733
2026-07-16 23:00:00,14.446774193548388,14.848802555696867
2026-07-17 00:00:00,14.671774193548387,14.217640029899497
2026-07-17 01:00:00,15.195967741935483,13.903759324737438
2026-07-17 02:00:00,15.30967741935484,14.203390487594733
2026-07-17 03:00:00,15.63225806451613,14.383848204872308
2026-07-17 04:00:00,15.795967741935485,14.857788750969355
2026-07-17 05:00:00,16.005645161290325,13.186924315118002
2026-07-17 06:00:00,14.412903225806453,14.851163628767928
2026-07-17 07:00:00,14.49274193548387,15.01680503028108
2026-07-17 08:00:00,14.596774193548388,14.922058388852232
2026-07-17 09:00:00,14.680645161290323,13.878941651845405
2026-07-17 10:00:00,14.738709677419354,13.852047012172353
2026-07-17 11:00:00,14.59758064516129,13.812084112984945
2026-07-17 12:00:00,14.288709677419355,13.967121753771334
2026-07-17 13:00:00,13.830645161290322,14.042979724585809
2026-07-17 14:00:00,13.50483870967742,14.127296450896559
2026-07-17 15:00:00,13.176612903225807,13.612680766805212
2026-07-17 16:00:00,13.658064516129032,13.305086488557917
2026-07-17 17:00:00,14.082258064516129,12.6221736762445
2026-07-17 18:00:00,14.231451612903228,12.80337083290451
2026-07-17 19:00:00,14.746774193548386,13.20940859882231
2026-07-17 20:00:00,15.066129032258065,13.7568637120498
2026-07-17 21:00:00,14.939516129032258,14.140860795275952
2026-07-17 22:00:00,14.473387096774196,14.86333633146523
2026-07-17 23:00:00,14.446774193548388,14.840247375811533
2026-07-18 00:00:00,14.671774193548387,14.271594164011052
2026-07-18 01:00:00,15.195967741935483,13.95353421032413
2026-07-18 02:00:00,15.30967741935484,14.23017803170005
2026-07-18 03:00:00,15.63225806451613,14.408435350485732
2026-07-18 04:00:00,15.795967741935485,14.880745799497781
2026-07-18 05:00:00,16.005645161290325,13.213302638801169
2026-07-18 06:00:00,14.412903225806453,14.888543761746774
2026-07-18 07:00:00,14.49274193548387,15.050638910773806
2026-07-18 08:00:00,14.596774193548388,14.965291149891735
2026-07-18 09:00:00,14.680645161290323,13.943156514625123
2026-07-18 10:00:00,14.738709677419354,13.88733563250882
2026-07-18 11:00:00,14.59758064516129,13.841193774755862
2026-07-18 12:00:00,14.288709677419355,13.996520984004189
2026-07-18 13:00:00,13.830645161290322,14.059097150416733
2026-07-18 14:00:00,13.50483870967742,14.112875227791696
2026-07-18 15:00:00,13.176612903225807,13.629892489456552
2026-07-18 16:00:00,13.658064516129032,13.358832234802637
2026-07-18 17:00:00,14.082258064516129,12.722731937470341
2026-07-18 18:00:00,14.231451612903228,12.918473791522581
2026-07-18 19:00:00,14.746774193548386,13.342232165257956
2026-07-18 20:00:00,15.066129032258065,13.844490637141526
2026-07-18 21:00:00,14.939516129032258,14.161798668515953
2026-07-18 22:00:00,14.473387096774196,14.895216165997876
2026-07-18 23:00:00,14.446774193548388,14.892209464447276
2026-07-19 00:00:00,14.671774193548387,14.27289490698216
2026-07-19 01:00:00,15.195967741935483,13.959181347452265
2026-07-19 02:00:00,15.30967741935484,14.24455658418198
2026-07-19 03:00:00,15.63225806451613,14.425712234084001
2026-07-19 04:00:00,15.795967741935485,14.879666904059473
2026-07-19 05:00:00,16.005645161290325,13.208342698720148
2026-07-19 06:00:00,14.412903225806453,14.908330899832919
2026-07-19 07:00:00,14.49274193548387,15.06488992027737
2026-07-19 08:00:00,14.596774193548388,14.982198196636745
2026-07-19 09:00:00,14.680645161290323,13.967782946596191
2026-07-19 10:00:00,14.738709677419354,13.91092212699873
2026-07-19 11:00:00,14.59758064516129,13.86651170458335
2026-07-19 12:00:00,14.288709677419355,14.016369321150407
2026-07-19 13:00:00,13.830645161290322,14.080297449569144
2026-07-19 14:00:00,13.50483870967742,14.11497871236605
2026-07-19 15:00:00,13.176612903225807,13.629420110827429
2026-07-19 16:00:00,13.658064516129032,13.371851966698252
2026-07-19 17:00:00,14.082258064516129,12.734207670725157
2026-07-19 18:00:00,14.231451612903228,12.916500774284398
2026-07-19 19:00:00,14.746774193548386,13.340405342099984
2026-07-19 20:00:00,15.066129032258065,13.861954763373841
2026-07-19 21:00:00,14.939516129032258,14.17267485827438
2026-07-19 22:00:00,14.473387096774196,14.89591123114305
2026-07-19 23:00:00,14.446774193548388,14.894232603112378
2026-07-20 00:00:00,14.671774193548387,14.215307293436462
2026-07-20 01:00:00,15.195967741935483,13.912688605872969
2026-07-20 02:00:00,15.30967741935484,14.230828412826765
2026-07-20 03:00:00,15.63225806451613,14.41648432146031
2026-07-20 04:00:00,15.795967741935485,14.882136671703503
2026-07-20 05:00:00,16.005645161290325,13.18491613890091
2026-07-20 06:00:00,14.412903225806453,14.868878006709723
2026-07-20 07:00:00,14.49274193548387,15.05458446338983
2026-07-20 08:00:00,14.596774193548388,14.957725301398069
2026-07-20 09:00:00,14.680645161290323,13.910744225001379
2026-07-20 10:00:00,14.738709677419354,13.897642041872013
2026-07-20 11:00:00,14.59758064516129,13.860275777837572
2026-07-20 12:00:00,14.288709677419355,14.005932076166301
2026-07-20 13:00:00,13.830645161290322,14.075245370635672
2026-07-20 14:00:00,13.50483870967742,14.176288225450238
2026-07-20 15:00:00,13.176612903225807,13.625565097953512
2026-07-20 16:00:00,13.658064516129032,13.300177115214392
2026-07-20 17:00:00,14.082258064516129,12.555291435206604
2026-07-20 18:00:00,14.231451612903228,12.748452778170659
2026-07-20 19:00:00,14.746774193548386,13.166638217826273
2026-07-20 20:00:00,15.066129032258065,13.68747658561616
2026-07-20 21:00:00,14.939516129032258,14.07173726125263
2026-07-20 22:00:00,14.473387096774196,14.851249622318438
2026-07-20 23:00:00,14.446774193548388,14.834925904357695
2026-07-21 00:00:00,14.671774193548387,14.236208179483082
2026-07-21 01:00:00,15.195967741935483,13.915748927475406
2026-07-21 02:00:00,15.30967741935484,14.236533183005614
2026-07-21 03:00:00,15.63225806451613,14.417129950182932
2026-07-21 04:00:00,15.795967741935485,14.88688887134646
2026-07-21 05:00:00,16.005645161290325,13.193861670831648
2026-07-21 06:00:00,14.412903225806453,14.853831434801204
2026-07-21 07:00:00,14.49274193548387,15.014090340263577
2026-07-21 08:00:00,14.596774193548388,14.94781937306316
2026-07-21 09:00:00,14.680645161290323,13.89284454968427
2026-07-21 10:00:00,14.738709677419354,13.878414296100138
2026-07-21 11:00:00,14.59758064516129,13.83630386238047
2026-07-21 12:00:00,14.288709677419355,13.990308035725526
2026-07-21 13:00:00,13.830645161290322,14.060388672431976
2026-07-21 14:00:00,13.50483870967742,14.161674421335865
2026-07-21 15:00:00,13.176612903225807,13.646424444001765
2026-07-21 16:00:00,13.658064516129032,13.330767560808944
2026-07-21 17:00:00,14.082258064516129,12.605624004016441
2026-07-21 18:00:00,14.231451612903228,12.804679738588524
2026-07-21 19:00:00,14.746774193548386,13.214895743755985
2026-07-21 20:00:00,15.066129032258065,13.782322456894805
2026-07-21 21:00:00,14.939516129032258,14.158594169892371
2026-07-21 22:00:00,14.473387096774196,14.88434189032473
2026-07-21 23:00:00,14.446774193548388,14.856276332771326
2026-07-22 00:00:00,14.671774193548387,14.269596109055655
2026-07-22 01:00:00,15.195967741935483,13.961506375133947
2026-07-22 02:00:00,15.30967741935484,14.28522945493534
2026-07-22 03:00:00,15.63225806451613,14.455882669720795
2026-07-22 04:00:00,15.795967741935485,14.905217099169406
2026-07-22 05:00:00,16.005645161290325,13.215018353131633
2026-07-22 06:00:00,14.412903225806453,14.867943691546031
2026-07-22 07:00:00,14.49274193548387,15.02083290520776
2026-07-22 08:00:00,14.596774193548388,14.969322310858042
2026-07-22 09:00:00,14.680645161290323,13.930178864919487
2026-07-22 10:00:00,14.738709677419354,13.91689333524927
2026-07-22 11:00:00,14.59758064516129,13.876169904510267
2026-07-22 12:00:00,14.288709677419355,14.02593561264829
2026-07-22 13:00:00,13.830645161290322,14.111074379734212
2026-07-22 14:00:00,13.50483870967742,14.188189172129686
2026-07-22 15:00:00,13.176612903225807,13.665561634340836
2026-07-22 16:00:00,13.658064516129032,13.346260495378306
2026-07-22 17:00:00,14.082258064516129,12.648396955953652
2026-07-22 18:00:00,14.231451612903228,12.839399581939738
2026-07-22 19:00:00,14.746774193548386,13.238694716722442
2026-07-22 20:00:00,15.066129032258065,13.800071362100958
2026-07-22 21:00:00,14.939516129032258,14.20238339452596
2026-07-22 22:00:00,14.473387096774196,14.927435929544885
2026-07-22 23:00:00,14.446774193548388,14.890586325444847
2026-07-23 00:00:00,14.671774193548387,14.306816997393803
2026-07-23 01:00:00,15.195967741935483,13.991723357336165
2026-07-23 02:00:00,15.30967741935484,14.312476183147693
2026-07-23 03:00:00,15.63225806451613,14.480406668794583
2026-07-23 04:00:00,15.795967741935485,14.932198827263289
2026-07-23 05:00:00,16.005645161290325,13.243359885416773
2026-07-23 06:00:00,14.412903225806453,14.895446661571915
2026-07-23 07:00:00,14.49274193548387,15.043415215873445
2026-07-23 08:00:00,14.596774193548388,15.003487322554788
2026-07-23 09:00:00,14.680645161290323,13.964569460244988
2026-07-23 10:00:00,14.738709677419354,13.942923902656826
2026-07-23 11:00:00,14.59758064516129,13.906979533596854
2026-07-23 12:00:00,14.288709677419355,14.062689940138046
2026-07-23 13:00:00,13.830645161290322,14.153016993345208
2026-07-23 14:00:00,13.50483870967742,14.238996318510953
2026-07-23 15:00:00,13.176612903225807,13.698857761654
2026-07-23 16:00:00,13.658064516129032,13.377713156384676
2026-07-23 17:00:00,14.082258064516129,12.673779500523846
2026-07-23 18:00:00,14.231451612903228,12.852975957609374
2026-07-23 19:00:00,14.746774193548386,13.245631204924354
2026-07-23 20:00:00,15.066129032258065,13.832004568806495
2026-07-23 21:00:00,14.939516129032258,14.233386896620171
2026-07-23 22:00:00,14.473387096774196,14.95668262116903
2026-07-23 23:00:00,14.446774193548388,14.9182174049274
2026-07-24 00:00:00,14.671774193548387,14.312285684925484
2026-07-24 01:00:00,15.195967741935483,13.999841632395182
2026-07-24 02:00:00,15.30967741935484,14.31073925694525
2026-07-24 03:00:00,15.63225806451613,14.485591933523647
2026-07-24 04:00:00,15.795967741935485,14.938367842145567
2026-07-24 05:00:00,16.005645161290325,13.253911744921599
2026-07-24 06:00:00,14.412903225806453,14.9286129673165
2026-07-24 07:00:00,14.49274193548387,15.060205032308197
2026-07-24 08:00:00,14.596774193548388,15.012610887444144
2026-07-24 09:00:00,14.680645161290323,13.972168467485442
2026-07-24 10:00:00,14.738709677419354,13.94238270302925
2026-07-24 11:00:00,14.59758064516129,13.934395147014474
2026-07-24 12:00:00,14.288709677419355,14.094240636399828
2026-07-24 13:00:00,13.830645161290322,14.198912886645068
2026-07-24 14:00:00,13.50483870967742,14.274051407212976
2026-07-24 15:00:00,13.176612903225807,13.710708748706288
2026-07-24 16:00:00,13.658064516129032,13.391479443418667
2026-07-24 17:00:00,14.082258064516129,12.690041834770074
2026-07-24 18:00:00,14.231451612903228,12.875638452963576
2026-07-24 19:00:00,14.746774193548386,13.259400305888121
2026-07-24 20:00:00,15.066129032258065,13.83527605156957
2026-07-24 21:00:00,14.939516129032258,14.234059324394904
2026-07-24 22:00:00,14.473387096774196,14.958886765753237
2026-07-24 23:00:00,14.446774193548388,14.92168250579002
2026-07-25 00:00:00,14.671774193548387,14.397527384225079
2026-07-25 01:00:00,15.195967741935483,14.09164398930853
2026-07-25 02:00:00,15.30967741935484,14.373784966070552
2026-07-25 03:00:00,15.63225806451613,14.532070444148687
2026-07-25 04:00:00,15.795967741935485,14.985723599469889
2026-07-25 05:00:00,16.005645161290325,13.304566429247531
2026-07-25 06:00:00,14.412903225806453,14.991355886084818
2026-07-25 07:00:00,14.49274193548387,15.131922227609799
2026-07-25 08:00:00,14.596774193548388,15.084684481973449
2026-07-25 09:00:00,14.680645161290323,14.087987409840267
2026-07-25 10:00:00,14.738709677419354,14.021809993625237
2026-07-25 11:00:00,14.59758064516129,14.006244371812802
2026-07-25 12:00:00,14.288709677419355,14.16770144580689
2026-07-25 13:00:00,13.830645161290322,14.255089888255892
2026-07-25 14:00:00,13.50483870967742,14.29239610527883
2026-07-25 15:00:00,13.176612903225807,13.756239972676738
2026-07-25 16:00:00,13.658064516129032,13.454386764706094
2026-07-25 17:00:00,14.082258064516129,12.821789085288268
2026-07-25 18:00:00,14.231451612903228,13.005043957058492
2026-07-25 19:00:00,14.746774193548386,13.426811015022263
2026-07-25 20:00:00,15.066129032258065,13.947431274457685
2026-07-25 21:00:00,14.939516129032258,14.286305967020073
2026-07-25 22:00:00,14.473387096774196,15.013440444204093
2026-07-25 23:00:00,14.446774193548388,15.00048646670571
2026-07-26 00:00:00,14.671774193548387,14.408066518401018
2026-07-26 01:00:00,15.195967741935483,14.109701754913939
2026-07-26 02:00:00,15.30967741935484,14.395973726074029
2026-07-26 03:00:00,15.63225806451613,14.544785733366648
2026-07-26 04:00:00,15.795967741935485,14.993641333211192
2026-07-26 05:00:00,16.005645161290325,13.30498214881639
2026-07-26 06:00:00,14.412903225806453,15.00946232066708
2026-07-26 07:00:00,14.49274193548387,15.153233467088752
2026-07-26 08:00:00,14.596774193548388,15.11543322853052
2026-07-26 09:00:00,14.680645161290323,14.123634434760993
2026-07-26 10:00:00,14.738709677419354,14.049880263440524
2026-07-26 11:00:00,14.59758064516129,14.034785801592271
2026-07-26 12:00:00,14.288709677419355,14.188238363877804
2026-07-26 13:00:00,13.830645161290322,14.282362320783305
2026-07-26 14:00:00,13.50483870967742,14.30262073821783
2026-07-26 15:00:00,13.176612903225807,13.738154761995961
2026-07-26 16:00:00,13.658064516129032,13.448259098587524
2026-07-26 17:00:00,14.082258064516129,12.829230722945926
2026-07-26 18:00:00,14.231451612903228,12.998913128876364
2026-07-26 19:00:00,14.746774193548386,13.422823618870382
2026-07-26 20:00:00,15.066129032258065,13.955247141823946
2026-07-26 21:00:00,14.939516129032258,14.307598318372394
2026-07-26 22:00:00,14.473387096774196,15.000572893559251
2026-07-26 23:00:00,14.446774193548388,15.004870793925331
2026-07-27 00:00:00,14.671774193548387,14.446858690817969
2026-07-27 01:00:00,15.195967741935483,14.15994781089071
2026-07-27 02:00:00,15.30967741935484,14.44675505021341
2026-07-27 03:00:00,15.63225806451613,14.55375753674649
2026-07-27 04:00:00,15.795967741935485,14.987707052578168
2026-07-27 05:00:00,16.005645161290325,13.274044308326825
2026-07-27 06:00:00,14.412903225806453,14.94921266136831
2026-07-27 07:00:00,14.49274193548387,15.133522471152402
2026-07-27 08:00:00,14.596774193548388,15.096394014155958
2026-07-27 09:00:00,14.680645161290323,14.154431263109391
2026-07-27 10:00:00,14.738709677419354,14.10137401249338
2026-07-27 11:00:00,14.59758064516129,14.08344081283261
2026-07-27 12:00:00,14.288709677419355,14.247015085510835
2026-07-27 13:00:00,13.830645161290322,14.35895348936
2026-07-27 14:00:00,13.50483870967742,14.416143187118942
2026-07-27 15:00:00,13.176612903225807,13.713089143621076
2026-07-27 16:00:00,13.658064516129032,13.369068651925549
2026-07-27 17:00:00,14.082258064516129,12.616962747532263
2026-07-27 18:00:00,14.231451612903228,12.797321635632834
2026-07-27 19:00:00,14.746774193548386,13.229649726640385
2026-07-27 20:00:00,15.066129032258065,13.80353351178665
2026-07-27 21:00:00,14.939516129032258,14.277509555565652
2026-07-27 22:00:00,14.473387096774196,14.986507216971757
2026-07-27 23:00:00,14.446774193548388,14.994958059047821
2026-07-28 00:00:00,14.671774193548387,14.48797483855819
2026-07-28 01:00:00,15.195967741935483,14.183384445224554
2026-07-28 02:00:00,15.30967741935484,14.446682389717258
2026-07-28 03:00:00,15.63225806451613,14.544651692306328
2026-07-28 04:00:00,15.795967741935485,14.985722310091871
2026-07-28 05:00:00,16.005645161290325,13.282279827600888
2026-07-28 06:00:00,14.412903225806453,14.93715808542028
2026-07-28 07:00:00,14.49274193548387,15.104016974309316
2026-07-28 08:00:00,14.596774193548388,15.089752735423106
2026-07-28 09:00:00,14.680645161290323,14.16365545985186
2026-07-28 10:00:00,14.738709677419354,14.102695094717976
2026-07-28 11:00:00,14.59758064516129,14.055154656049378
2026-07-28 12:00:00,14.288709677419355,14.230580255647709
2026-07-28 13:00:00,13.830645161290322,14.35463912563186
2026-07-28 14:00:00,13.50483870967742,14.406600948551196
2026-07-28 15:00:00,13.176612903225807,13.72527694705185
2026-07-28 16:00:00,13.658064516129032,13.393244065197035
2026-07-28 17:00:00,14.082258064516129,12.65268715368931
2026-07-28 18:00:00,14.231451612903228,12.83295365245207
2026-07-28 19:00:00,14.746774193548386,13.25643117094701
2026-07-28 20:00:00,15.066129032258065,13.886503840910247
2026-07-28 21:00:00,14.939516129032258,14.357293292263215
2026-07-28 22:00:00,14.473387096774196,15.005041661434769
2026-07-28 23:00:00,14.446774193548388,15.019918483691441
2026-07-29 00:00:00,14.671774193548387,14.514110422534102
2026-07-29 01:00:00,15.195967741935483,14.217407241744539
2026-07-29 02:00:00,15.30967741935484,14.465768584668211
2026-07-29 03:00:00,15.63225806451613,14.545058243212537
2026-07-29 04:00:00,15.795967741935485,14.957699391763523
2026-07-29 05:00:00,16.005645161290325,13.283265008779335
2026-07-29 06:00:00,14.412903225806453,14.92628703039357
2026-07-29 07:00:00,14.49274193548387,15.111042330403967
2026-07-29 08:00:00,14.596774193548388,15.131669192989168
2026-07-29 09:00:00,14.680645161290323,14.21259859112584
2026-07-29 10:00:00,14.738709677419354,14.155973202323398
2026-07-29 11:00:00,14.59758064516129,14.103325275718396
2026-07-29 12:00:00,14.288709677419355,14.276709015889544
2026-07-29 13:00:00,13.830645161290322,14.39859688548205
2026-07-29 14:00:00,13.50483870967742,14.41386926336694
2026-07-29 15:00:00,13.176612903225807,13.670055819395678
2026-07-29 16:00:00,13.658064516129032,13.369858289606427
2026-07-29 17:00:00,14.082258064516129,12.643441808742555
2026-07-29 18:00:00,14.231451612903228,12.811220395456399
2026-07-29 19:00:00,14.746774193548386,13.215389204248417
2026-07-29 20:00:00,15.066129032258065,13.868085251186525
2026-07-29 21:00:00,14.939516129032258,14.340610149490026
2026-07-29 22:00:00,14.473387096774196,15.017650727633223
2026-07-29 23:00:00,14.446774193548388,15.03771542741119
2026-07-30 00:00:00,14.671774193548387,14.533967663947672
2026-07-30 01:00:00,15.195967741935483,14.247712484981626
2026-07-30 02:00:00,15.30967741935484,14.479997003795601
2026-07-30 03:00:00,15.63225806451613,14.553331355324925
2026-07-30 04:00:00,15.795967741935485,14.972883737627416
2026-07-30 05:00:00,16.005645161290325,13.30264617207644
2026-07-30 06:00:00,14.412903225806453,14.921983753305671
2026-07-30 07:00:00,14.49274193548387,15.118015745415398
2026-07-30 08:00:00,14.596774193548388,15.14359775879878
2026-07-30 09:00:00,14.680645161290323,14.245777371010242
2026-07-30 10:00:00,14.738709677419354,14.188130021860106
2026-07-30 11:00:00,14.59758064516129,14.125145300994738
2026-07-30 12:00:00,14.288709677419355,14.293360676874698
2026-07-30 13:00:00,13.830645161290322,14.414681057705003
2026-07-30 14:00:00,13.50483870967742,14.406489353663577
2026-07-30 15:00:00,13.176612903225807,13.657924127906341
2026-07-30 16:00:00,13.658064516129032,13.369965729392035
2026-07-30 17:00:00,14.082258064516129,12.655749859299434
2026-07-30 18:00:00,14.231451612903228,12.800891386002554
2026-07-30 19:00:00,14.746774193548386,13.165832528061742
2026-07-30 20:00:00,15.066129032258065,13.845297114310277
2026-07-30 21:00:00,14.939516129032258,14.310899222692061
2026-07-30 22:00:00,14.473387096774196,15.026030297872344
2026-07-30 23:00:00,14.446774193548388,15.045440911469564
2026-07-31 00:00:00,14.671774193548387,14.534952346822607
2026-07-31 01:00:00,15.195967741935483,14.253943758353259
2026-07-31 02:00:00,15.30967741935484,14.483549474210182
2026-07-31 03:00:00,15.63225806451613,14.55809293841952
2026-07-31 04:00:00,15.795967741935485,14.97861494223314
2026-07-31 05:00:00,16.005645161290325,13.311268070072982
2026-07-31 06:00:00,14.412903225806453,14.942836723688803
2026-07-31 07:00:00,14.49274193548387,15.133137786730913
2026-07-31 08:00:00,14.596774193548388,15.150849168999432
2026-07-31 09:00:00,14.680645161290323,14.250709580457068
2026-07-31 10:00:00,14.738709677419354,14.182529826612047
2026-07-31 11:00:00,14.59758064516129,14.12003321998828
2026-07-31 12:00:00,14.288709677419355,14.291938379420683
2026-07-31 13:00:00,13.830645161290322,14.421246599991687
2026-07-31 14:00:00,13.50483870967742,14.394201069464094
2026-07-31 15:00:00,13.176612903225807,13.662116578112219
2026-07-31 16:00:00,13.658064516129032,13.38620383104056
2026-07-31 17:00:00,14.082258064516129,12.683054690975663
2026-07-31 18:00:00,14.231451612903228,12.824796473979614
2026-07-31 19:00:00,14.746774193548386,13.16514497003666
2026-07-31 20:00:00,15.066129032258065,13.841803403018933
2026-07-31 21:00:00,14.939516129032258,14.310216423007104
2026-07-31 22:00:00,14.473387096774196,15.02577399442971
2026-07-31 23:00:00,14.446774193548388,15.051062717412574
2026-08-01 00:00:00,11.866935483870968,14.080961306432599
2026-08-01 01:00:00,12.383870967741936,14.541621318388213
2026-08-01 02:00:00,12.625,14.663651099226113
2026-08-01 03:00:00,12.86774193548387,12.105194037295941
2026-08-01 04:00:00,12.821774193548388,12.234794944274425
2026-08-01 05:00:00,12.8,11.421105507628955
2026-08-01 06:00:00,11.515322580645162,12.566429855069261
2026-08-01 07:00:00,11.591129032258063,12.48113793949309
2026-08-01 08:00:00,11.711290322580645,12.282992760806948
2026-08-01 09:00:00,11.728225806451611,10.310007192335437
2026-08-01 10:00:00,11.783064516129032,10.52889219483242
2026-08-01 11:00:00,11.630645161290325,10.219061509251622
2026-08-01 12:00:00,11.543548387096775,10.540521839840164
2026-08-01 13:00:00,10.948387096774193,10.433926215309707
2026-08-01 14:00:00,10.473387096774196,10.970581306735934
2026-08-01 15:00:00,10.15241935483871,10.714042386381958
2026-08-01 16:00:00,10.248387096774191,10.56523719611386
2026-08-01 17:00:00,10.768548387096772,10.301591733467518
2026-08-01 18:00:00,11.381451612903223,10.206564796847267
2026-08-01 19:00:00,11.87983870967742,9.19681960658054
2026-08-01 20:00:00,12.275806451612905,10.023758765694064
2026-08-01 21:00:00,12.179032258064517,10.463954800499224
2026-08-01 22:00:00,11.736290322580643,11.544740504464928
2026-08-01 23:00:00,11.616935483870968,11.770701573928562
2026-08-02 00:00:00,11.866935483870968,11.656882176173522
2026-08-02 01:00:00,12.383870967741936,11.337671913419484
2026-08-02 02:00:00,12.625,11.331594895668292
2026-08-02 03:00:00,12.86774193548387,12.143964793586292
2026-08-02 04:00:00,12.821774193548388,12.17776643496804
2026-08-02 05:00:00,12.8,11.469004126221934
2026-08-02 06:00:00,11.515322580645162,12.494003296882502
2026-08-02 07:00:00,11.591129032258063,12.066733324551494
2026-08-02 08:00:00,11.711290322580645,12.098781631003185
2026-08-02 09:00:00,11.728225806451611,10.450104848937105
2026-08-02 10:00:00,11.783064516129032,10.558758989352171
2026-08-02 11:00:00,11.630645161290325,10.424214998734186
2026-08-02 12:00:00,11.543548387096775,10.585277262530084
2026-08-02 13:00:00,10.948387096774193,10.628989548172196
2026-08-02 14:00:00,10.473387096774196,11.157827863001636
2026-08-02 15:00:00,10.15241935483871,10.95164062364371
2026-08-02 16:00:00,10.248387096774191,10.731575126707227
2026-08-02 17:00:00,10.768548387096772,10.566633410270413
2026-08-02 18:00:00,11.381451612903223,10.449852671645557
2026-08-02 19:00:00,11.87983870967742,9.646529597931638
2026-08-02 20:00:00,12.275806451612905,10.452719404863078
2026-08-02 21:00:00,12.179032258064517,10.66996874892229
2026-08-02 22:00:00,11.736290322580643,11.648517366130072
2026-08-02 23:00:00,11.616935483870968,11.83119997123454
2026-08-03 00:00:00,11.866935483870968,11.664105000108925
2026-08-03 01:00:00,12.383870967741936,11.323168801679124
2026-08-03 02:00:00,12.625,11.358802095488267
2026-08-03 03:00:00,12.86774193548387,12.122503461608414
2026-08-03 04:00:00,12.821774193548388,12.146558522384959
2026-08-03 05:00:00,12.8,11.385775542462042
2026-08-03 06:00:00,11.515322580645162,12.470684088713533
2026-08-03 07:00:00,11.591129032258063,12.061270972803957
2026-08-03 08:00:00,11.711290322580645,12.134222150871743
2026-08-03 09:00:00,11.728225806451611,10.494611339555687
2026-08-03 10:00:00,11.783064516129032,10.583379013231902
2026-08-03 11:00:00,11.630645161290325,10.428184710490545
2026-08-03 12:00:00,11.543548387096775,10.605325529751287
2026-08-03 13:00:00,10.948387096774193,10.653051504909474
2026-08-03 14:00:00,10.473387096774196,11.154533500684972
2026-08-03 15:00:00,10.15241935483871,10.845542946155483
2026-08-03 16:00:00,10.248387096774191,10.556083335172463
2026-08-03 17:00:00,10.768548387096772,10.350077460274145
2026-08-03 18:00:00,11.381451612903223,10.303151002348809
2026-08-03 19:00:00,11.87983870967742,9.402711468138412
2026-08-03 20:00:00,12.275806451612905,10.306578410366756
2026-08-03 21:00:00,12.179032258064517,10.596426845666706
2026-08-03 22:00:00,11.736290322580643,11.648768969160802
2026-08-03 23:00:00,11.616935483870968,11.86748978345725
2026-08-04 00:00:00,11.866935483870968,11.65664420370142
2026-08-04 01:00:00,12.383870967741936,11.28222067971248
2026-08-04 02:00:00,12.625,11.29089661360711
2026-08-04 03:00:00,12.86774193548387,12.013952785781846
2026-08-04 04:00:00,12.821774193548388,12.058963405239936
2026-08-04 05:00:00,12.8,11.387097967689087
2026-08-04 06:00:00,11.515322580645162,12.447684174231757
2026-08-04 07:00:00,11.591129032258063,12.003859686274524
2026-08-04 08:00:00,11.711290322580645,12.09493019999613
2026-08-04 09:00:00,11.728225806451611,10.461124083017793
2026-08-04 10:00:00,11.783064516129032,10.526801951102811
2026-08-04 11:00:00,11.630645161290325,10.410703987304847
2026-08-04 12:00:00,11.543548387096775,10.579663292381792
2026-08-04 13:00:00,10.948387096774193,10.63379733889212
2026-08-04 14:00:00,10.473387096774196,11.16921275389711
2026-08-04 15:00:00,10.15241935483871,10.857152032428491
2026-08-04 16:00:00,10.248387096774191,10.60964416534095
2026-08-04 17:00:00,10.768548387096772,10.452551323237573
2026-08-04 18:00:00,11.381451612903223,10.390554498532424
2026-08-04 19:00:00,11.87983870967742,9.427486368901597
2026-08-04 20:00:00,12.275806451612905,10.34544272694068
2026-08-04 21:00:00,12.179032258064517,10.603781497592298
2026-08-04 22:00:00,11.736290322580643,11.606023824301852
2026-08-04 23:00:00,11.616935483870968,11.839075594377208
2026-08-05 00:00:00,11.866935483870968,11.667879411419001
2026-08-05 01:00:00,12.383870967741936,11.291991605545714
2026-08-05 02:00:00,12.625,11.292892279257831
2026-08-05 03:00:00,12.86774193548387,12.014910814794197
2026-08-05 04:00:00,12.821774193548388,12.048924581198548
2026-08-05 05:00:00,12.8,11.395200993920701
2026-08-05 06:00:00,11.515322580645162,12.424315149703379
2026-08-05 07:00:00,11.591129032258063,12.007526081846478
2026-08-05 08:00:00,11.711290322580645,12.106244863718395
2026-08-05 09:00:00,11.728225806451611,10.473121790963164
2026-08-05 10:00:00,11.783064516129032,10.537869442860009
2026-08-05 11:00:00,11.630645161290325,10.423406989402057
2026-08-05 12:00:00,11.543548387096775,10.596551293861435
2026-08-05 13:00:00,10.948387096774193,10.652384972897345
2026-08-05 14:00:00,10.473387096774196,11.18794076525489
2026-08-05 15:00:00,10.15241935483871,10.868169856469505
2026-08-05 16:00:00,10.248387096774191,10.62050646248759
2026-08-05 17:00:00,10.768548387096772,10.472837738265294
2026-08-05 18:00:00,11.381451612903223,10.414523994912866
2026-08-05 19:00:00,11.87983870967742,9.442027134972793
2026-08-05 20:00:00,12.275806451612905,10.361217898271349
2026-08-05 21:00:00,12.179032258064517,10.623270478002194
2026-08-05 22:00:00,11.736290322580643,11.607500020054633
2026-08-05 23:00:00,11.616935483870968,11.837407733340065
2026-08-06 00:00:00,11.866935483870968,11.627801575770594
2026-08-06 01:00:00,12.383870967741936,11.28126357511153
2026-08-06 02:00:00,12.625,11.232376222589792
2026-08-06 03:00:00,12.86774193548387,11.968022899670625
2026-08-06 04:00:00,12.821774193548388,12.000854678205542
2026-08-06 05:00:00,12.8,11.371020443263564
2026-08-06 06:00:00,11.515322580645162,12.411661227436007
2026-08-06 07:00:00,11.591129032258063,11.986280593596696
2026-08-06 08:00:00,11.711290322580645,12.085844461284722
2026-08-06 09:00:00,11.728225806451611,10.466830975970304
2026-08-06 10:00:00,11.783064516129032,10.529266866619826
2026-08-06 11:00:00,11.630645161290325,10.421335622251192
2026-08-06 12:00:00,11.543548387096775,10.595879084563247
2026-08-06 13:00:00,10.948387096774193,10.644129329701737
2026-08-06 14:00:00,10.473387096774196,11.190833884918778
2026-08-06 15:00:00,10.15241935483871,10.873703128098775
2026-08-06 16:00:00,10.248387096774191,10.625930298896538
2026-08-06 17:00:00,10.768548387096772,10.480070866561986
2026-08-06 18:00:00,11.381451612903223,10.416615896071384
2026-08-06 19:00:00,11.87983870967742,9.416614319176439
2026-08-06 20:00:00,12.275806451612905,10.317574546184964
2026-08-06 21:00:00,12.179032258064517,10.577948624190956
2026-08-06 22:00:00,11.736290322580643,11.55041067607609
2026-08-06 23:00:00,11.616935483870968,11.763267470701436
2026-08-07 00:00:00,11.866935483870968,11.592888608574697
2026-08-07 01:00:00,12.383870967741936,11.258505596331624
2026-08-07 02:00:00,12.625,11.190057424663358
2026-08-07 03:00:00,12.86774193548387,11.95122577263081
2026-08-07 04:00:00,12.821774193548388,11.985489174600527
2026-08-07 05:00:00,12.8,11.352636118334612
2026-08-07 06:00:00,11.515322580645162,12.41696389948764
2026-08-07 07:00:00,11.591129032258063,11.988579289460343
2026-08-07 08:00:00,11.711290322580645,12.075419388785148
2026-08-07 09:00:00,11.728225806451611,10.466788353792104
2026-08-07 10:00:00,11.783064516129032,10.522810387122096
2026-08-07 11:00:00,11.630645161290325,10.417163789083416
2026-08-07 12:00:00,11.543548387096775,10.595716037077255
2026-08-07 13:00:00,10.948387096774193,10.636873680163554
2026-08-07 14:00:00,10.473387096774196,11.186787884841712
2026-08-07 15:00:00,10.15241935483871,10.925009330922524
2026-08-07 16:00:00,10.248387096774191,10.672801423627302
2026-08-07 17:00:00,10.768548387096772,10.515701889604943
2026-08-07 18:00:00,11.381451612903223,10.45225821322814
2026-08-07 19:00:00,11.87983870967742,9.476305533937914
2026-08-07 20:00:00,12.275806451612905,10.31464707963028
2026-08-07 21:00:00,12.179032258064517,10.556441020019232
2026-08-07 22:00:00,11.736290322580643,11.519434419807634
2026-08-07 23:00:00,11.616935483870968,11.732020757172979
2026-08-08 00:00:00,11.866935483870968,11.558973591206204
2026-08-08 01:00:00,12.383870967741936,11.244927504752262
2026-08-08 02:00:00,12.625,11.16977908462641
2026-08-08 03:00:00,12.86774193548387,11.951200021567915
2026-08-08 04:00:00,12.821774193548388,11.985983810953666
2026-08-08 05:00:00,12.8,11.356374718971908
2026-08-08 06:00:00,11.515322580645162,12.418660578341193
2026-08-08 07:00:00,11.591129032258063,11.98974934219508
2026-08-08 08:00:00,11.711290322580645,12.061991218846853
2026-08-08 09:00:00,11.728225806451611,10.44741871558531
2026-08-08 10:00:00,11.783064516129032,10.496064135795214
2026-08-08 11:00:00,11.630645161290325,10.389752751148102
2026-08-08 12:00:00,11.543548387096775,10.572709376899782
2026-08-08 13:00:00,10.948387096774193,10.625844781644648
2026-08-08 14:00:00,10.473387096774196,11.147691070092582
2026-08-08 15:00:00,10.15241935483871,10.938825777465997
2026-08-08 16:00:00,10.248387096774191,10.72998251370777
2026-08-08 17:00:00,10.768548387096772,10.587679759847411
2026-08-08 18:00:00,11.381451612903223,10.505437613977808
2026-08-08 19:00:00,11.87983870967742,9.578553314481859
2026-08-08 20:00:00,12.275806451612905,10.358909865394255
2026-08-08 21:00:00,12.179032258064517,10.54387699525078
2026-08-08 22:00:00,11.736290322580643,11.517881175392851
2026-08-08 23:00:00,11.616935483870968,11.730663042420549
2026-08-09 00:00:00,11.866935483870968,11.55550194027606
2026-08-09 01:00:00,12.383870967741936,11.245019185067282
2026-08-09 02:00:00,12.625,11.173835782592874
2026-08-09 03:00:00,12.86774193548387,11.963433471184954
2026-08-09 04:00:00,12.821774193548388,11.985707402834006
2026-08-09 05:00:00,12.8,11.353584289696627
2026-08-09 06:00:00,11.515322580645162,12.427218677233194
2026-08-09 07:00:00,11.591129032258063,11.995961753891077
2026-08-09 08:00:00,11.711290322580645,12.0659869216223
2026-08-09 09:00:00,11.728225806451611,10.440802821632868
2026-08-09 10:00:00,11.783064516129032,10.494424738278417
2026-08-09 11:00:00,11.630645161290325,10.394517041402533
2026-08-09 12:00:00,11.543548387096775,10.563796993361965
2026-08-09 13:00:00,10.948387096774193,10.605420641487797
2026-08-09 14:00:00,10.473387096774196,11.147157147282064
2026-08-09 15:00:00,10.15241935483871,10.934709022970711
2026-08-09 16:00:00,10.248387096774191,10.73885363317289
2026-08-09 17:00:00,10.768548387096772,10.567884336869735
2026-08-09 18:00:00,11.381451612903223,10.50482304444462
2026-08-09 19:00:00,11.87983870967742,9.571463751700335
2026-08-09 20:00:00,12.275806451612905,10.344054955272112
2026-08-09 21:00:00,12.179032258064517,10.553130179340474
2026-08-09 22:00:00,11.736290322580643,11.53141684824227
2026-08-09 23:00:00,11.616935483870968,11.7378661180399
2026-08-10 00:00:00,11.866935483870968,11.590081542482158
2026-08-10 01:00:00,12.383870967741936,11.278517150521083
2026-08-10 02:00:00,12.625,11.228471346182225
2026-08-10 03:00:00,12.86774193548387,11.965309241234984
2026-08-10 04:00:00,12.821774193548388,11.988720754948659
2026-08-10 05:00:00,12.8,11.299432271140402
2026-08-10 06:00:00,11.515322580645162,12.433322284773013
2026-08-10 07:00:00,11.591129032258063,12.02657643481204
2026-08-10 08:00:00,11.711290322580645,12.104969299142903
2026-08-10 09:00:00,11.728225806451611,10.486934848845973
2026-08-10 10:00:00,11.783064516129032,10.559629908978405
2026-08-10 11:00:00,11.630645161290325,10.432550081358258
2026-08-10 12:00:00,11.543548387096775,10.614268729318542
2026-08-10 13:00:00,10.948387096774193,10.653395924889454
2026-08-10 14:00:00,10.473387096774196,11.147252573665686
2026-08-10 15:00:00,10.15241935483871,10.842651342093788
2026-08-10 16:00:00,10.248387096774191,10.606063074409594
2026-08-10 17:00:00,10.768548387096772,10.381242248964085
2026-08-10 18:00:00,11.381451612903223,10.38154761250426
2026-08-10 19:00:00,11.87983870967742,9.348145327118434
2026-08-10 20:00:00,12.275806451612905,10.223237445871877
2026-08-10 21:00:00,12.179032258064517,10.50524493327758
2026-08-10 22:00:00,11.736290322580643,11.559716289748927
2026-08-10 23:00:00,11.616935483870968,11.805076233072814
2026-08-11 00:00:00,11.866935483870968,11.570099238835473
2026-08-11 01:00:00,12.383870967741936,11.270905216102943
2026-08-11 02:00:00,12.625,11.231134358259489
2026-08-11 03:00:00,12.86774193548387,11.941913603795893
2026-08-11 04:00:00,12.821774193548388,11.981993379302992
2026-08-11 05:00:00,12.8,11.309626078043
2026-08-11 06:00:00,11.515322580645162,12.432760427028072
2026-08-11 07:00:00,11.591129032258063,11.984795256394156
2026-08-11 08:00:00,11.711290322580645,12.07251752568774
2026-08-11 09:00:00,11.728225806451611,10.451598207958938
2026-08-11 10:00:00,11.783064516129032,10.51691170237203
2026-08-11 11:00:00,11.630645161290325,10.428067351316203
2026-08-11 12:00:00,11.543548387096775,10.58377167127356
2026-08-11 13:00:00,10.948387096774193,10.634026166923702
2026-08-11 14:00:00,10.473387096774196,11.155304732230473
2026-08-11 15:00:00,10.15241935483871,10.847390933152788
2026-08-11 16:00:00,10.248387096774191,10.639705037892615
2026-08-11 17:00:00,10.768548387096772,10.454943527161845
2026-08-11 18:00:00,11.381451612903223,10.438440597453878
2026-08-11 19:00:00,11.87983870967742,9.365376825622974
2026-08-11 20:00:00,12.275806451612905,10.26238249062213
2026-08-11 21:00:00,12.179032258064517,10.540470456994488
2026-08-11 22:00:00,11.736290322580643,11.530705859886215
2026-08-11 23:00:00,11.616935483870968,11.769255683630366
2026-08-12 00:00:00,11.866935483870968,11.57385372518678
2026-08-12 01:00:00,12.383870967741936,11.279249456478038
2026-08-12 02:00:00,12.625,11.228910966888842
2026-08-12 03:00:00,12.86774193548387,11.93895930150439
2026-08-12 04:00:00,12.821774193548388,11.965565994155611
2026-08-12 05:00:00,12.8,11.318484039412198
2026-08-12 06:00:00,11.515322580645162,12.429432986763574
2026-08-12 07:00:00,11.591129032258063,11.987410252451152
2026-08-12 08:00:00,11.711290322580645,12.073263814165939
2026-08-12 09:00:00,11.728225806451611,10.45138144240503
2026-08-12 10:00:00,11.783064516129032,10.519193140846795
2026-08-12 11:00:00,11.630645161290325,10.433546435005072
2026-08-12 12:00:00,11.543548387096775,10.592186046445589
2026-08-12 13:00:00,10.948387096774193,10.6416577169881
2026-08-12 14:00:00,10.473387096774196,11.149175320570802
2026-08-12 15:00:00,10.15241935483871,10.836771112254853
2026-08-12 16:00:00,10.248387096774191,10.631132008731608
2026-08-12 17:00:00,10.768548387096772,10.46594483349976
2026-08-12 18:00:00,11.381451612903223,10.430632646061177
2026-08-12 19:00:00,11.87983870967742,9.367660126521647
2026-08-12 20:00:00,12.275806451612905,10.266434220543562
2026-08-12 21:00:00,12.179032258064517,10.549631295607828
2026-08-12 22:00:00,11.736290322580643,11.527351888686654
2026-08-12 23:00:00,11.616935483870968,11.763320024195554
2026-08-13 00:00:00,11.866935483870968,11.58041451592728
2026-08-13 01:00:00,12.383870967741936,11.282299731900567
2026-08-13 02:00:00,12.625,11.22270124938235
2026-08-13 03:00:00,12.86774193548387,11.94632280322752
2026-08-13 04:00:00,12.821774193548388,11.970357555112448
2026-08-13 05:00:00,12.8,11.349505145053032
2026-08-13 06:00:00,11.515322580645162,12.450298352331668
2026-08-13 07:00:00,11.591129032258063,11.98532913065236
2026-08-13 08:00:00,11.711290322580645,12.070054050009412
2026-08-13 09:00:00,11.728225806451611,10.457049737062217
2026-08-13 10:00:00,11.783064516129032,10.526323940887213
2026-08-13 11:00:00,11.630645161290325,10.449191899694206
2026-08-13 12:00:00,11.543548387096775,10.604154778106047
2026-08-13 13:00:00,10.948387096774193,10.640038496357537
2026-08-13 14:00:00,10.473387096774196,11.153215711527665
2026-08-13 15:00:00,10.15241935483871,10.85234964377111
2026-08-13 16:00:00,10.248387096774191,10.653420012442073
2026-08-13 17:00:00,10.768548387096772,10.494031565938204
2026-08-13 18:00:00,11.381451612903223,10.453710648637804
2026-08-13 19:00:00,11.87983870967742,9.39116261090344
2026-08-13 20:00:00,12.275806451612905,10.273738631007038
2026-08-13 21:00:00,12.179032258064517,10.552280118792659
2026-08-13 22:00:00,11.736290322580643,11.533980688796886
2026-08-13 23:00:00,11.616935483870968,11.751752134035423
2026-08-14 00:00:00,11.866935483870968,11.549880956631595
2026-08-14 01:00:00,12.383870967741936,11.260705163705314
2026-08-14 02:00:00,12.625,11.196288176639769
2026-08-14 03:00:00,12.86774193548387,11.948369768551316
2026-08-14 04:00:00,12.821774193548388,11.970173872146622
2026-08-14 05:00:00,12.8,11.351236238722038
2026-08-14 06:00:00,11.515322580645162,12.461276776296838
2026-08-14 07:00:00,11.591129032258063,11.995697390822823
2026-08-14 08:00:00,11.711290322580645,12.061138169482081
2026-08-14 09:00:00,11.728225806451611,10.462361100874942
2026-08-14 10:00:00,11.783064516129032,10.537809505639068
2026-08-14 11:00:00,11.630645161290325,10.461532973159201
2026-08-14 12:00:00,11.543548387096775,10.622314234268208
2026-08-14 13:00:00,10.948387096774193,10.651782001324124
2026-08-14 14:00:00,10.473387096774196,11.149505803565923
2026-08-14 15:00:00,10.15241935483871,10.92320198171535
2026-08-14 16:00:00,10.248387096774191,10.700486770272956
2026-08-14 17:00:00,10.768548387096772,10.534421155689728
2026-08-14 18:00:00,11.381451612903223,10.49706263859063
2026-08-14 19:00:00,11.87983870967742,9.467121813935563
2026-08-14 20:00:00,12.275806451612905,10.294667630203051
2026-08-14 21:00:00,12.179032258064517,10.554222378980118
2026-08-14 22:00:00,11.736290322580643,11.523693479042862
2026-08-14 23:00:00,11.616935483870968,11.736179104275717
2026-08-15 00:00:00,11.866935483870968,11.53581052471422
2026-08-15 01:00:00,12.383870967741936,11.251253414536773
2026-08-15 02:00:00,12.625,11.180434406853077
2026-08-15 03:00:00,12.86774193548387,11.945288356821544
2026-08-15 04:00:00,12.821774193548388,11.977491609488983
2026-08-15 05:00:00,12.8,11.361345969737693
2026-08-15 06:00:00,11.515322580645162,12.46197086653325
2026-08-15 07:00:00,11.591129032258063,11.990727279754765
2026-08-15 08:00:00,11.711290322580645,12.05073016598067
2026-08-15 09:00:00,11.728225806451611,10.447510567465173
2026-08-15 10:00:00,11.783064516129032,10.510514249609662
2026-08-15 11:00:00,11.630645161290325,10.450644100464363
2026-08-15 12:00:00,11.543548387096775,10.610643707857957
2026-08-15 13:00:00,10.948387096774193,10.65456821692689
2026-08-15 14:00:00,10.473387096774196,11.127209494063322
2026-08-15 15:00:00,10.15241935483871,10.945570572895155
2026-08-15 16:00:00,10.248387096774191,10.75437281853895
2026-08-15 17:00:00,10.768548387096772,10.60782925715674
2026-08-15 18:00:00,11.381451612903223,10.554225658575938
2026-08-15 19:00:00,11.87983870967742,9.573973411554412
2026-08-15 20:00:00,12.275806451612905,10.360346720329648
2026-08-15 21:00:00,12.179032258064517,10.563680016452311
2026-08-15 22:00:00,11.736290322580643,11.541560386570499
2026-08-15 23:00:00,11.616935483870968,11.757984570550558
2026-08-16 00:00:00,11.866935483870968,11.535761437566423
2026-08-16 01:00:00,12.383870967741936,11.244610391010847
2026-08-16 02:00:00,12.625,11.179909811157383
2026-08-16 03:00:00,12.86774193548387,11.96303185286311
2026-08-16 04:00:00,12.821774193548388,11.987939470734954
2026-08-16 05:00:00,12.8,11.365821154319914
2026-08-16 06:00:00,11.515322580645162,12.467369495988184
2026-08-16 07:00:00,11.591129032258063,12.005875998137043
2026-08-16 08:00:00,11.711290322580645,12.058761204719968
2026-08-16 09:00:00,11.728225806451611,10.444540321263155
2026-08-16 10:00:00,11.783064516129032,10.5141953505394
2026-08-16 11:00:00,11.630645161290325,10.462249729206661
2026-08-16 12:00:00,11.543548387096775,10.614409957536232
2026-08-16 13:00:00,10.948387096774193,10.654679591711412
2026-08-16 14:00:00,10.473387096774196,11.132079486965077
2026-08-16 15:00:00,10.15241935483871,10.944661981639548
2026-08-16 16:00:00,10.248387096774191,10.75507115561878
2026-08-16 17:00:00,10.768548387096772,10.587346802436292
2026-08-16 18:00:00,11.381451612903223,10.543123893788865
2026-08-16 19:00:00,11.87983870967742,9.572220571072934
2026-08-16 20:00:00,12.275806451612905,10.352300991325862
2026-08-16 21:00:00,12.179032258064517,10.566560428109268
2026-08-16 22:00:00,11.736290322580643,11.54907765890962
2026-08-16 23:00:00,11.616935483870968,11.760998164173209
2026-08-17 00:00:00,11.866935483870968,11.571827266604133
2026-08-17 01:00:00,12.383870967741936,11.27466992598071
2026-08-17 02:00:00,12.625,11.237781940885062
2026-08-17 03:00:00,12.86774193548387,11.970946505226145
2026-08-17 04:00:00,12.821774193548388,11.98645006737019
2026-08-17 05:00:00,12.8,11.312002757256469
2026-08-17 06:00:00,11.515322580645162,12.474078159705382
2026-08-17 07:00:00,11.591129032258063,12.031827570369725
2026-08-17 08:00:00,11.711290322580645,12.088253132877618
2026-08-17 09:00:00,11.728225806451611,10.481145148462833
2026-08-17 10:00:00,11.783064516129032,10.570469585627823
2026-08-17 11:00:00,11.630645161290325,10.498032985073749
2026-08-17 12:00:00,11.543548387096775,10.661672365916306
2026-08-17 13:00:00,10.948387096774193,10.69581119807847
2026-08-17 14:00:00,10.473387096774196,11.132052879684963
2026-08-17 15:00:00,10.15241935483871,10.875484043096192
2026-08-17 16:00:00,10.248387096774191,10.625673925738884
2026-08-17 17:00:00,10.768548387096772,10.386980019511029
2026-08-17 18:00:00,11.381451612903223,10.439374091146167
2026-08-17 19:00:00,11.87983870967742,9.357731396622466
2026-08-17 20:00:00,12.275806451612905,10.22189293614519
2026-08-17 21:00:00,12.179032258064517,10.51449125286187
2026-08-17 22:00:00,11.736290322580643,11.580283384048393
2026-08-17 23:00:00,11.616935483870968,11.833050348796267
2026-08-18 00:00:00,11.866935483870968,11.557177484574186
2026-08-18 01:00:00,12.383870967741936,11.269038069310838
2026-08-18 02:00:00,12.625,11.2561071044795
2026-08-18 03:00:00,12.86774193548387,11.957311071067577
2026-08-18 04:00:00,12.821774193548388,11.991320961762845
2026-08-18 05:00:00,12.8,11.336558543157174
2026-08-18 06:00:00,11.515322580645162,12.472983616462361
2026-08-18 07:00:00,11.591129032258063,11.990713991529827
2026-08-18 08:00:00,11.711290322580645,12.050391127592437
2026-08-18 09:00:00,11.728225806451611,10.456423275489659
2026-08-18 10:00:00,11.783064516129032,10.55015476183919
2026-08-18 11:00:00,11.630645161290325,10.495342338931167
2026-08-18 12:00:00,11.543548387096775,10.6285763101586
2026-08-18 13:00:00,10.948387096774193,10.6882854453858
2026-08-18 14:00:00,10.473387096774196,11.159526040441154
2026-08-18 15:00:00,10.15241935483871,10.889195964545138
2026-08-18 16:00:00,10.248387096774191,10.656011662243024
2026-08-18 17:00:00,10.768548387096772,10.455173337039916
2026-08-18 18:00:00,11.381451612903223,10.489768584066006
2026-08-18 19:00:00,11.87983870967742,9.373780821402065
2026-08-18 20:00:00,12.275806451612905,10.27132666244243
2026-08-18 21:00:00,12.179032258064517,10.551322083225191
2026-08-18 22:00:00,11.736290322580643,11.553937765412233
2026-08-18 23:00:00,11.616935483870968,11.801493776842213
2026-08-19 00:00:00,11.866935483870968,11.564394452117703
2026-08-19 01:00:00,12.383870967741936,11.269729498245812
2026-08-19 02:00:00,12.625,11.254922111169346
2026-08-19 03:00:00,12.86774193548387,11.95676718707011
2026-08-19 04:00:00,12.821774193548388,11.976725991364518
2026-08-19 05:00:00,12.8,11.338924844961612
2026-08-19 06:00:00,11.515322580645162,12.462873854844709
2026-08-19 07:00:00,11.591129032258063,11.99304187762818
2026-08-19 08:00:00,11.711290322580645,12.061059342956217
2026-08-19 09:00:00,11.728225806451611,10.46915560526574
2026-08-19 10:00:00,11.783064516129032,10.552263939386462
2026-08-19 11:00:00,11.630645161290325,10.49952763660188
2026-08-19 12:00:00,11.543548387096775,10.639298557478176
2026-08-19 13:00:00,10.948387096774193,10.69948566708916
2026-08-19 14:00:00,10.473387096774196,11.165847028713447
2026-08-19 15:00:00,10.15241935483871,10.881266456490525
2026-08-19 16:00:00,10.248387096774191,10.641167258197454
2026-08-19 17:00:00,10.768548387096772,10.463566748227548
2026-08-19 18:00:00,11.381451612903223,10.482567056240459
2026-08-19 19:00:00,11.87983870967742,9.381920640331082
2026-08-19 20:00:00,12.275806451612905,10.27494477385059
2026-08-19 21:00:00,12.179032258064517,10.549443322060352
2026-08-19 22:00:00,11.736290322580643,11.558716532013975
2026-08-19 23:00:00,11.616935483870968,11.805944495120395
2026-08-20 00:00:00,11.866935483870968,11.576832053235046
2026-08-20 01:00:00,12.383870967741936,11.275460126549866
2026-08-20 02:00:00,12.625,11.251108043598322
2026-08-20 03:00:00,12.86774193548387,11.965562633391949
2026-08-20 04:00:00,12.821774193548388,11.985023172790676
2026-08-20 05:00:00,12.8,11.367513411432128
2026-08-20 06:00:00,11.515322580645162,12.480839845490872
2026-08-20 07:00:00,11.591129032258063,11.996301501245927
2026-08-20 08:00:00,11.711290322580645,12.071434987746324
2026-08-20 09:00:00,11.728225806451611,10.478488748021366
2026-08-20 10:00:00,11.783064516129032,10.566976864052382
2026-08-20 11:00:00,11.630645161290325,10.519280718910778
2026-08-20 12:00:00,11.543548387096775,10.662394508363873
2026-08-20 13:00:00,10.948387096774193,10.711923059588305
2026-08-20 14:00:00,10.473387096774196,11.186706269081718
2026-08-20 15:00:00,10.15241935483871,10.908313047652243
2026-08-20 16:00:00,10.248387096774191,10.663682015050636
2026-08-20 17:00:00,10.768548387096772,10.490885810766933
2026-08-20 18:00:00,11.381451612903223,10.505990690354203
2026-08-20 19:00:00,11.87983870967742,9.413253773616391
2026-08-20 20:00:00,12.275806451612905,10.28575388655538
2026-08-20 21:00:00,12.179032258064517,10.551543125638275
2026-08-20 22:00:00,11.736290322580643,11.558170196378333
2026-08-20 23:00:00,11.616935483870968,11.788609690892581
2026-08-21 00:00:00,11.866935483870968,11.567346087173785
2026-08-21 01:00:00,12.383870967741936,11.26520399725922
2026-08-21 02:00:00,12.625,11.225556548495536
2026-08-21 03:00:00,12.86774193548387,11.975357393924511
2026-08-21 04:00:00,12.821774193548388,12.003278500567962
2026-08-21 05:00:00,12.8,11.382294164563353
2026-08-21 06:00:00,11.515322580645162,12.49216852289161
2026-08-21 07:00:00,11.591129032258063,12.018900237900109
2026-08-21 08:00:00,11.711290322580645,12.077259885756035
2026-08-21 09:00:00,11.728225806451611,10.490259671746982
2026-08-21 10:00:00,11.783064516129032,10.583172231989959
2026-08-21 11:00:00,11.630645161290325,10.525315717791656
2026-08-21 12:00:00,11.543548387096775,10.673926963587078
2026-08-21 13:00:00,10.948387096774193,10.713143903607767
2026-08-21 14:00:00,10.473387096774196,11.19853241142145
2026-08-21 15:00:00,10.15241935483871,10.976567455435774
2026-08-21 16:00:00,10.248387096774191,10.721036467844723
2026-08-21 17:00:00,10.768548387096772,10.534554136405085
2026-08-21 18:00:00,11.381451612903223,10.54413104732324
2026-08-21 19:00:00,11.87983870967742,9.49296474837125
2026-08-21 20:00:00,12.275806451612905,10.312524521538574
2026-08-21 21:00:00,12.179032258064517,10.547021747900477
2026-08-21 22:00:00,11.736290322580643,11.545582096139638
2026-08-21 23:00:00,11.616935483870968,11.769563387461535
2026-08-22 00:00:00,11.866935483870968,11.596775295859786
2026-08-22 01:00:00,12.383870967741936,11.301145529567846
2026-08-22 02:00:00,12.625,11.255594992620107
2026-08-22 03:00:00,12.86774193548387,12.017707068064858
2026-08-22 04:00:00,12.821774193548388,12.048240084233054
2026-08-22 05:00:00,12.8,11.431823484896842
2026-08-22 06:00:00,11.515322580645162,12.534196190652086
2026-08-22 07:00:00,11.591129032258063,12.06543336648698
2026-08-22 08:00:00,11.711290322580645,12.107734686764665
2026-08-22 09:00:00,11.728225806451611,10.50775685903557
2026-08-22 10:00:00,11.783064516129032,10.593112357024296
2026-08-22 11:00:00,11.630645161290325,10.542777169386543
2026-08-22 12:00:00,11.543548387096775,10.682206177640996
2026-08-22 13:00:00,10.948387096774193,10.727558813782952
2026-08-22 14:00:00,10.473387096774196,11.207319572680941
2026-08-22 15:00:00,10.15241935483871,11.018978698328802
2026-08-22 16:00:00,10.248387096774191,10.78637840297716
2026-08-22 17:00:00,10.768548387096772,10.656814112870277
2026-08-22 18:00:00,11.381451612903223,10.606034622124612
2026-08-22 19:00:00,11.87983870967742,9.612262997844478
2026-08-22 20:00:00,12.275806451612905,10.389223489612938
2026-08-22 21:00:00,12.179032258064517,10.593242447256458
2026-08-22 22:00:00,11.736290322580643,11.596419547274895
2026-08-22 23:00:00,11.616935483870968,11.83322256748612
2026-08-23 00:00:00,11.866935483870968,11.633842838613257
2026-08-23 01:00:00,12.383870967741936,11.340117079665294
2026-08-23 02:00:00,12.625,11.295342329038327
2026-08-23 03:00:00,12.86774193548387,12.06418453478867
2026-08-23 04:00:00,12.821774193548388,12.08743090053493
2026-08-23 05:00:00,12.8,11.467075827183399
2026-08-23 06:00:00,11.515322580645162,12.56273281327965
2026-08-23 07:00:00,11.591129032258063,12.108307932352076
2026-08-23 08:00:00,11.711290322580645,12.159422246199595
2026-08-23 09:00:00,11.728225806451611,10.54464166199772
2026-08-23 10:00:00,11.783064516129032,10.639317732230186
2026-08-23 11:00:00,11.630645161290325,10.597970913486467
2026-08-23 12:00:00,11.543548387096775,10.733357493661808
2026-08-23 13:00:00,10.948387096774193,10.78150948141719
2026-08-23 14:00:00,10.473387096774196,11.252260212511977
2026-08-23 15:00:00,10.15241935483871,11.0621754855255
2026-08-23 16:00:00,10.248387096774191,10.827824997870412
2026-08-23 17:00:00,10.768548387096772,10.67928221641413
2026-08-23 18:00:00,11.381451612903223,10.635004363459043
2026-08-23 19:00:00,11.87983870967742,9.648212227698274
2026-08-23 20:00:00,12.275806451612905,10.414411543493927
2026-08-23 21:00:00,12.179032258064517,10.63588401773952
2026-08-23 22:00:00,11.736290322580643,11.640258782004112
2026-08-23 23:00:00,11.616935483870968,11.878359946373632
2026-08-24 00:00:00,11.866935483870968,11.628402566472545
2026-08-24 01:00:00,12.383870967741936,11.322971290738582
2026-08-24 02:00:00,12.625,11.306732512561323
2026-08-24 03:00:00,12.86774193548387,12.040945575138718
2026-08-24 04:00:00,12.821774193548388,12.040692677312624
2026-08-24 05:00:00,12.8,11.370480994921877
2026-08-24 06:00:00,11.515322580645162,12.525340757174858
2026-08-24 07:00:00,11.591129032258063,12.095193535425974
2026-08-24 08:00:00,11.711290322580645,12.16015271536296
2026-08-24 09:00:00,11.728225806451611,10.545294594272399
2026-08-24 10:00:00,11.783064516129032,10.65695915001798
2026-08-24 11:00:00,11.630645161290325,10.622391982625178
2026-08-24 12:00:00,11.543548387096775,10.77807648317914
2026-08-24 13:00:00,10.948387096774193,10.812890378422999
2026-08-24 14:00:00,10.473387096774196,11.240461505962996
2026-08-24 15:00:00,10.15241935483871,10.957698235853613
2026-08-24 16:00:00,10.248387096774191,10.695371594317288
2026-08-24 17:00:00,10.768548387096772,10.485895458645786
2026-08-24 18:00:00,11.381451612903223,10.501613449441397
2026-08-24 19:00:00,11.87983870967742,9.40879616497882
2026-08-24 20:00:00,12.275806451612905,10.252643165196762
2026-08-24 21:00:00,12.179032258064517,10.546708172062964
2026-08-24 22:00:00,11.736290322580643,11.636987971283805
2026-08-24 23:00:00,11.616935483870968,11.908939454102683
2026-08-25 00:00:00,11.866935483870968,11.606749784135335
2026-08-25 01:00:00,12.383870967741936,11.321190126346778
2026-08-25 02:00:00,12.625,11.317007820566133
2026-08-25 03:00:00,12.86774193548387,12.02360667838311
2026-08-25 04:00:00,12.821774193548388,12.03592710234035
2026-08-25 05:00:00,12.8,11.379644461078815
2026-08-25 06:00:00,11.515322580645162,12.515555181945688
2026-08-25 07:00:00,11.591129032258063,12.049189531352162
2026-08-25 08:00:00,11.711290322580645,12.126020353368313
2026-08-25 09:00:00,11.728225806451611,10.511297017098777
2026-08-25 10:00:00,11.783064516129032,10.615379578904442
2026-08-25 11:00:00,11.630645161290325,10.601046136428522
2026-08-25 12:00:00,11.543548387096775,10.744009737886884
2026-08-25 13:00:00,10.948387096774193,10.79091873840971
2026-08-25 14:00:00,10.473387096774196,11.255330476880154
2026-08-25 15:00:00,10.15241935483871,10.9619547857777
2026-08-25 16:00:00,10.248387096774191,10.725398375270931
2026-08-25 17:00:00,10.768548387096772,10.567284806224773
2026-08-25 18:00:00,11.381451612903223,10.564084623996703
2026-08-25 19:00:00,11.87983870967742,9.433410560082498
2026-08-25 20:00:00,12.275806451612905,10.300476476387859
2026-08-25 21:00:00,12.179032258064517,10.583110917410533
2026-08-25 22:00:00,11.736290322580643,11.610855209640388
2026-08-25 23:00:00,11.616935483870968,11.876048359690632
2026-08-26 00:00:00,11.866935483870968,11.608261633143957
2026-08-26 01:00:00,12.383870967741936,11.319704776561618
2026-08-26 02:00:00,12.625,11.325043098770603
2026-08-26 03:00:00,12.86774193548387,12.047973342149508
2026-08-26 04:00:00,12.821774193548388,12.038319571623276
2026-08-26 05:00:00,12.8,11.387719098653253
2026-08-26 06:00:00,11.515322580645162,12.502435476156581
2026-08-26 07:00:00,11.591129032258063,12.05178001175701
2026-08-26 08:00:00,11.711290322580645,12.129442191087254
2026-08-26 09:00:00,11.728225806451611,10.515621941848536
2026-08-26 10:00:00,11.783064516129032,10.61600282140183
2026-08-26 11:00:00,11.630645161290325,10.607492489533081
2026-08-26 12:00:00,11.543548387096775,10.755600864937144
2026-08-26 13:00:00,10.948387096774193,10.80352711779928
2026-08-26 14:00:00,10.473387096774196,11.258855677445883
2026-08-26 15:00:00,10.15241935483871,10.965002863800539
2026-08-26 16:00:00,10.248387096774191,10.709826743996942
2026-08-26 17:00:00,10.768548387096772,10.573015222879487
2026-08-26 18:00:00,11.381451612903223,10.548765515746137
2026-08-26 19:00:00,11.87983870967742,9.437813752392689
2026-08-26 20:00:00,12.275806451612905,10.30772809861568
2026-08-26 21:00:00,12.179032258064517,10.599777062346938
2026-08-26 22:00:00,11.736290322580643,11.612192140409466
2026-08-26 23:00:00,11.616935483870968,11.868303443759636
2026-08-27 00:00:00,11.866935483870968,11.606582778050292
2026-08-27 01:00:00,12.383870967741936,11.310642321960472
2026-08-27 02:00:00,12.625,11.312013374958088
2026-08-27 03:00:00,12.86774193548387,12.039791255977367
2026-08-27 04:00:00,12.821774193548388,12.040196378376695
2026-08-27 05:00:00,12.8,11.40901734678179
2026-08-27 06:00:00,11.515322580645162,12.507853342279823
2026-08-27 07:00:00,11.591129032258063,12.044602513404556
2026-08-27 08:00:00,11.711290322580645,12.118828578319865
2026-08-27 09:00:00,11.728225806451611,10.508534736978348
2026-08-27 10:00:00,11.783064516129032,10.615485955812073
2026-08-27 11:00:00,11.630645161290325,10.608470966195043
2026-08-27 12:00:00,11.543548387096775,10.758811764997553
2026-08-27 13:00:00,10.948387096774193,10.797055837643915
2026-08-27 14:00:00,10.473387096774196,11.254366399368191
2026-08-27 15:00:00,10.15241935483871,10.970364670328951
2026-08-27 16:00:00,10.248387096774191,10.719012674799274
2026-08-27 17:00:00,10.768548387096772,10.588472001958122
2026-08-27 18:00:00,11.381451612903223,10.55816587409539
2026-08-27 19:00:00,11.87983870967742,9.459443138974388
2026-08-27 20:00:00,12.275806451612905,10.308626990867866
2026-08-27 21:00:00,12.179032258064517,10.597665472989082
2026-08-27 22:00:00,11.736290322580643,11.605385411629896
2026-08-27 23:00:00,11.616935483870968,11.841730599872864
2026-08-28 00:00:00,11.866935483870968,11.599675391619321
2026-08-28 01:00:00,12.383870967741936,11.305235190537918
2026-08-28 02:00:00,12.625,11.295561262861806
2026-08-28 03:00:00,12.86774193548387,12.046900646401806
2026-08-28 04:00:00,12.821774193548388,12.054187203084915
2026-08-28 05:00:00,12.8,11.412438326583535
2026-08-28 06:00:00,11.515322580645162,12.545126199413527
2026-08-28 07:00:00,11.591129032258063,12.075304179868436
2026-08-28 08:00:00,11.711290322580645,12.132972981804064
2026-08-28 09:00:00,11.728225806451611,10.524419299454424
2026-08-28 10:00:00,11.783064516129032,10.625597217361651
2026-08-28 11:00:00,11.630645161290325,10.59223472188673
2026-08-28 12:00:00,11.543548387096775,10.74874348118586
2026-08-28 13:00:00,10.948387096774193,10.77457348015157
2026-08-28 14:00:00,10.473387096774196,11.260612207921383
2026-08-28 15:00:00,10.15241935483871,11.04006138036011
2026-08-28 16:00:00,10.248387096774191,10.776114459012511
2026-08-28 17:00:00,10.768548387096772,10.64180417994202
2026-08-28 18:00:00,11.381451612903223,10.591534171212068
2026-08-28 19:00:00,11.87983870967742,9.515108746495859
2026-08-28 20:00:00,12.275806451612905,10.329476493251182
2026-08-28 21:00:00,12.179032258064517,10.595037848201674
2026-08-28 22:00:00,11.736290322580643,11.604053322143237
2026-08-28 23:00:00,11.616935483870968,11.836615420254935
2026-08-29 00:00:00,11.866935483870968,11.618225270082608
2026-08-29 01:00:00,12.383870967741936,11.329648263390194
2026-08-29 02:00:00,12.625,11.305559345683706
2026-08-29 03:00:00,12.86774193548387,12.077640589443295
2026-08-29 04:00:00,12.821774193548388,12.097222023024353
2026-08-29 05:00:00,12.8,11.451783871762466
2026-08-29 06:00:00,11.515322580645162,12.603199723224904
2026-08-29 07:00:00,11.591129032258063,12.13915514067763
2026-08-29 08:00:00,11.711290322580645,12.166620467750754
2026-08-29 09:00:00,11.728225806451611,10.547970003365588
2026-08-29 10:00:00,11.783064516129032,10.633108737245173
2026-08-29 11:00:00,11.630645161290325,10.598018768557422
2026-08-29 12:00:00,11.543548387096775,10.756183807849634
2026-08-29 13:00:00,10.948387096774193,10.779422533801313
2026-08-29 14:00:00,10.473387096774196,11.240935442586869
2026-08-29 15:00:00,10.15241935483871,11.045493016219512
2026-08-29 16:00:00,10.248387096774191,10.794854985394972
2026-08-29 17:00:00,10.768548387096772,10.706464136811679
2026-08-29 18:00:00,11.381451612903223,10.635682821370759
2026-08-29 19:00:00,11.87983870967742,9.610235382937553
2026-08-29 20:00:00,12.275806451612905,10.37883140914516
2026-08-29 21:00:00,12.179032258064517,10.593125079839059
2026-08-29 22:00:00,11.736290322580643,11.642963189311644
2026-08-29 23:00:00,11.616935483870968,11.88690990865644
2026-08-30 00:00:00,11.866935483870968,11.603688737876283
2026-08-30 01:00:00,12.383870967741936,11.332220142719663
2026-08-30 02:00:00,12.625,11.311245107191006
2026-08-30 03:00:00,12.86774193548387,12.086365390796788
2026-08-30 04:00:00,12.821774193548388,12.100029829663518
2026-08-30 05:00:00,12.8,11.45148797613507
2026-08-30 06:00:00,11.515322580645162,12.618244638453833
2026-08-30 07:00:00,11.591129032258063,12.143731704210083
2026-08-30 08:00:00,11.711290322580645,12.176824171271843
2026-08-30 09:00:00,11.728225806451611,10.548715567057787
2026-08-30 10:00:00,11.783064516129032,10.650956003991375
2026-08-30 11:00:00,11.630645161290325,10.609072416678263
2026-08-30 12:00:00,11.543548387096775,10.759398076906448
2026-08-30 13:00:00,10.948387096774193,10.764300376138053
2026-08-30 14:00:00,10.473387096774196,11.225026571061177
2026-08-30 15:00:00,10.15241935483871,11.020979011075937
2026-08-30 16:00:00,10.248387096774191,10.801048710259728
2026-08-30 17:00:00,10.768548387096772,10.716590334114423
2026-08-30 18:00:00,11.381451612903223,10.654490789145886
2026-08-30 19:00:00,11.87983870967742,9.554706567715138
2026-08-30 20:00:00,12.275806451612905,10.332147200542037
2026-08-30 21:00:00,12.179032258064517,10.570167301463208
2026-08-30 22:00:00,11.736290322580643,11.634861763345775
2026-08-30 23:00:00,11.616935483870968,11.876457216910808
2026-08-31 00:00:00,11.866935483870968,11.595715922759375
2026-08-31 01:00:00,12.383870967741936,11.314116212130113
2026-08-31 02:00:00,12.625,11.31931886083668
2026-08-31 03:00:00,12.86774193548387,12.056523778886358
2026-08-31 04:00:00,12.821774193548388,12.0656932660075
2026-08-31 05:00:00,12.8,11.363193853559306
2026-08-31 06:00:00,11.515322580645162,12.594267665319471
2026-08-31 07:00:00,11.591129032258063,12.133950222992151
2026-08-31 08:00:00,11.711290322580645,12.181238641367496
2026-08-31 09:00:00,11.728225806451611,10.555472172797346
2026-08-31 10:00:00,11.783064516129032,10.662673043384189
2026-08-31 11:00:00,11.630645161290325,10.60125018156791
2026-08-31 12:00:00,11.543548387096775,10.764804839467914
2026-08-31 13:00:00,10.948387096774193,10.770250295415636
2026-08-31 14:00:00,10.473387096774196,11.20445977038516
2026-08-31 15:00:00,10.15241935483871,10.94178297440634
2026-08-31 16:00:00,10.248387096774191,10.684088562701547
2026-08-31 17:00:00,10.768548387096772,10.566950938378582
2026-08-31 18:00:00,11.381451612903223,10.573326594368716
2026-08-31 19:00:00,11.87983870967742,9.375361227496795
2026-08-31 20:00:00,12.275806451612905,10.18305035205666
2026-08-31 21:00:00,12.179032258064517,10.488525911090534
2026-08-31 22:00:00,11.736290322580643,11.6187623760832
2026-08-31 23:00:00,11.616935483870968,11.888134673213557
2026-09-01 00:00:00,14.408333333333331,11.922644043723812
2026-09-01 01:00:00,14.8225,12.524317019051988
2026-09-01 02:00:00,15.086666666666668,11.010742069383035
2026-09-01 03:00:00,15.471666666666666,13.83082787816144
2026-09-01 04:00:00,15.460833333333332,14.478762013025529
2026-09-01 05:00:00,15.349166666666669,13.316412990914586
2026-09-01 06:00:00,13.6275,14.745163418775341
2026-09-01 07:00:00,14.151666666666667,14.744649193822216
2026-09-01 08:00:00,14.375833333333333,14.823253493876035
2026-09-01 09:00:00,14.274166666666668,13.56503435230095
2026-09-01 10:00:00,14.175,13.526268260682395
2026-09-01 11:00:00,13.929166666666667,13.918566410370284
2026-09-01 12:00:00,13.465833333333334,13.756021317748498
2026-09-01 13:00:00,13.0375,13.784007025218926
2026-09-01 14:00:00,12.563333333333333,13.529236343301154
2026-09-01 15:00:00,12.435833333333331,13.369562617242078
2026-09-01 16:00:00,12.835833333333332,13.157202040378927
2026-09-01 17:00:00,13.2025,12.364432926491205
2026-09-01 18:00:00,13.2775,12.255595924755543
2026-09-01 19:00:00,13.834166666666668,12.698058748858287
2026-09-01 20:00:00,13.859166666666663,12.91833859104396
2026-09-01 21:00:00,13.6025,12.88026502594781
2026-09-01 22:00:00,13.789166666666668,13.48673005666808
2026-09-01 23:00:00,14.135,13.638808852576254
2026-09-02 00:00:00,14.408333333333331,13.517801541323806
2026-09-02 01:00:00,14.8225,13.623681996148168
2026-09-02 02:00:00,15.086666666666668,13.90304800602053
2026-09-02 03:00:00,15.471666666666666,14.088775891374983
2026-09-02 04:00:00,15.460833333333332,14.566443712634463
2026-09-02 05:00:00,15.349166666666669,13.325514652668137
2026-09-02 06:00:00,13.6275,14.599484215143068
2026-09-02 07:00:00,14.151666666666667,14.658260148186699
2026-09-02 08:00:00,14.375833333333333,14.793651969825511
2026-09-02 09:00:00,14.274166666666668,13.437249651458353
2026-09-02 10:00:00,14.175,13.304360457132711
2026-09-02 11:00:00,13.929166666666667,13.680537711420847
2026-09-02 12:00:00,13.465833333333334,13.69152243430165
2026-09-02 13:00:00,13.0375,13.707935640100393
2026-09-02 14:00:00,12.563333333333333,13.464959648713716
2026-09-02 15:00:00,12.435833333333331,13.244443790635268
2026-09-02 16:00:00,12.835833333333332,13.065223761170229
2026-09-02 17:00:00,13.2025,12.309671227131698
2026-09-02 18:00:00,13.2775,12.311772232380509
2026-09-02 19:00:00,13.834166666666668,12.81536781948064
2026-09-02 20:00:00,13.859166666666663,12.935646501311636
2026-09-02 21:00:00,13.6025,12.893546965169012
2026-09-02 22:00:00,13.789166666666668,13.495621579905123
2026-09-02 23:00:00,14.135,13.63960093046499
2026-09-03 00:00:00,14.408333333333331,13.523037714653794
2026-09-03 01:00:00,14.8225,13.600009789381339
2026-09-03 02:00:00,15.086666666666668,13.891952940967926
2026-09-03 03:00:00,15.471666666666666,14.073209435473794
2026-09-03 04:00:00,15.460833333333332,14.563962993832272
2026-09-03 05:00:00,15.349166666666669,13.330852708398762
2026-09-03 06:00:00,13.6275,14.63679928276234
2026-09-03 07:00:00,14.151666666666667,14.656717631026364
2026-09-03 08:00:00,14.375833333333333,14.795161329375393
2026-09-03 09:00:00,14.274166666666668,13.421168670426077
2026-09-03 10:00:00,14.175,13.281844028821126
2026-09-03 11:00:00,13.929166666666667,13.665719544186825
2026-09-03 12:00:00,13.465833333333334,13.694342224939973
2026-09-03 13:00:00,13.0375,13.706503557844357
2026-09-03 14:00:00,12.563333333333333,13.457559804964152
2026-09-03 15:00:00,12.435833333333331,13.24901400412567
2026-09-03 16:00:00,12.835833333333332,13.063269523933375
2026-09-03 17:00:00,13.2025,12.31182548712366
2026-09-03 18:00:00,13.2775,12.323473787854454
2026-09-03 19:00:00,13.834166666666668,12.821236238833569
2026-09-03 20:00:00,13.859166666666663,12.929781672302536
2026-09-03 21:00:00,13.6025,12.903764989798155
2026-09-03 22:00:00,13.789166666666668,13.49294165253415
2026-09-03 23:00:00,14.135,13.640857360704223
2026-09-04 00:00:00,14.408333333333331,13.527075320018865
2026-09-04 01:00:00,14.8225,13.592629531604283
2026-09-04 02:00:00,15.086666666666668,13.86222688483936
2026-09-04 03:00:00,15.471666666666666,14.01224798275896
2026-09-04 04:00:00,15.460833333333332,14.528906205079828
2026-09-04 05:00:00,15.349166666666669,13.306671790555718
2026-09-04 06:00:00,13.6275,14.652658013346427
2026-09-04 07:00:00,14.151666666666667,14.658024070455657
2026-09-04 08:00:00,14.375833333333333,14.781592610205195
2026-09-04 09:00:00,14.274166666666668,13.415042980248984
2026-09-04 10:00:00,14.175,13.257516850086319
2026-09-04 11:00:00,13.929166666666667,13.63718751385267
2026-09-04 12:00:00,13.465833333333334,13.675913595031876
2026-09-04 13:00:00,13.0375,13.702112251368181
2026-09-04 14:00:00,12.563333333333333,13.460927092675178
2026-09-04 15:00:00,12.435833333333331,13.246006189384758
2026-09-04 16:00:00,12.835833333333332,13.064395844809505
2026-09-04 17:00:00,13.2025,12.352487168680257
2026-09-04 18:00:00,13.2775,12.367565279228062
2026-09-04 19:00:00,13.834166666666668,12.850814191815754
2026-09-04 20:00:00,13.859166666666663,12.928603471130073
2026-09-04 21:00:00,13.6025,12.928359445016138
2026-09-04 22:00:00,13.789166666666668,13.506732610704194
2026-09-04 23:00:00,14.135,13.65418690583235
2026-09-05 00:00:00,14.408333333333331,13.562931017867676
2026-09-05 01:00:00,14.8225,13.602059949601498
2026-09-05 02:00:00,15.086666666666668,13.88052680707862
2026-09-05 03:00:00,15.471666666666666,14.02502647366334
2026-09-05 04:00:00,15.460833333333332,14.543438985730253
2026-09-05 05:00:00,15.349166666666669,13.337045603684977
2026-09-05 06:00:00,13.6275,14.69462681337636
2026-09-05 07:00:00,14.151666666666667,14.657746422983935
2026-09-05 08:00:00,14.375833333333333,14.786333977133438
2026-09-05 09:00:00,14.274166666666668,13.427609686295296
2026-09-05 10:00:00,14.175,13.295230432639624
2026-09-05 11:00:00,13.929166666666667,13.655522938818834
2026-09-05 12:00:00,13.465833333333334,13.671905278900997
2026-09-05 13:00:00,13.0375,13.690322065315705
2026-09-05 14:00:00,12.563333333333333,13.458695993259028
2026-09-05 15:00:00,12.435833333333331,13.251944051437691
2026-09-05 16:00:00,12.835833333333332,13.096414012614293
2026-09-05 17:00:00,13.2025,12.426639152501988
2026-09-05 18:00:00,13.2775,12.423743003450323
2026-09-05 19:00:00,13.834166666666668,12.946117030892644
2026-09-05 20:00:00,13.859166666666663,12.971668331202164
2026-09-05 21:00:00,13.6025,12.947368572588932
2026-09-05 22:00:00,13.789166666666668,13.513535964823827
2026-09-05 23:00:00,14.135,13.669012019247823
2026-09-06 00:00:00,14.408333333333331,13.529147067378567
2026-09-06 01:00:00,14.8225,13.548106572949216
2026-09-06 02:00:00,15.086666666666668,13.827997677998479
2026-09-06 03:00:00,15.471666666666666,13.985925517426882
2026-09-06 04:00:00,15.460833333333332,14.510178829779472
2026-09-06 05:00:00,15.349166666666669,13.29640532614831
2026-09-06 06:00:00,13.6275,14.66141555933871
2026-09-06 07:00:00,14.151666666666667,14.615484225610647
2026-09-06 08:00:00,14.375833333333333,14.764463882736734
2026-09-06 09:00:00,14.274166666666668,13.41036132118651
2026-09-06 10:00:00,14.175,13.291239492823495
2026-09-06 11:00:00,13.929166666666667,13.64232973764788
2026-09-06 12:00:00,13.465833333333334,13.658787281318702
2026-09-06 13:00:00,13.0375,13.662308570477368
2026-09-06 14:00:00,12.563333333333333,13.450744465835
2026-09-06 15:00:00,12.435833333333331,13.249502853262985
2026-09-06 16:00:00,12.835833333333332,13.099175676507627
2026-09-06 17:00:00,13.2025,12.418668136241296
2026-09-06 18:00:00,13.2775,12.430252074213824
2026-09-06 19:00:00,13.834166666666668,12.922024822874256
2026-09-06 20:00:00,13.859166666666663,12.946327337105032
2026-09-06 21:00:00,13.6025,12.916060516109722
2026-09-06 22:00:00,13.789166666666668,13.480479392547071
2026-09-06 23:00:00,14.135,13.63858736609939
2026-09-07 00:00:00,14.408333333333331,13.435486314423917
2026-09-07 01:00:00,14.8225,13.4929930546162
2026-09-07 02:00:00,15.086666666666668,13.77207331502434
2026-09-07 03:00:00,15.471666666666666,13.966434431477875
2026-09-07 04:00:00,15.460833333333332,14.51218767395417
2026-09-07 05:00:00,15.349166666666669,13.286422586831728
2026-09-07 06:00:00,13.6275,14.629025598969555
2026-09-07 07:00:00,14.151666666666667,14.636260414456583
2026-09-07 08:00:00,14.375833333333333,14.801113632390926
2026-09-07 09:00:00,14.274166666666668,13.399217032641257
2026-09-07 10:00:00,14.175,13.231289450314268
2026-09-07 11:00:00,13.929166666666667,13.629297011816881
2026-09-07 12:00:00,13.465833333333334,13.665584225423713
2026-09-07 13:00:00,13.0375,13.728987994220077
2026-09-07 14:00:00,12.563333333333333,13.464763271098766
2026-09-07 15:00:00,12.435833333333331,13.249384803859698
2026-09-07 16:00:00,12.835833333333332,13.062898532335854
2026-09-07 17:00:00,13.2025,12.266477871827249
2026-09-07 18:00:00,13.2775,12.260992437566365
2026-09-07 19:00:00,13.834166666666668,12.709208822312682
2026-09-07 20:00:00,13.859166666666663,12.790993042374108
2026-09-07 21:00:00,13.6025,12.772293978915453
2026-09-07 22:00:00,13.789166666666668,13.42663115626356
2026-09-07 23:00:00,14.135,13.588770446235902
2026-09-08 00:00:00,14.408333333333331,13.445931704753889
2026-09-08 01:00:00,14.8225,13.499916999413486
2026-09-08 02:00:00,15.086666666666668,13.774385819438667
2026-09-08 03:00:00,15.471666666666666,13.95489015022271
2026-09-08 04:00:00,15.460833333333332,14.499785781033626
2026-09-08 05:00:00,15.349166666666669,13.280954955254607
2026-09-08 06:00:00,13.6275,14.627767141830343
2026-09-08 07:00:00,14.151666666666667,14.596352363832294
2026-09-08 08:00:00,14.375833333333333,14.757489033078867
2026-09-08 09:00:00,14.274166666666668,13.369378331058911
2026-09-08 10:00:00,14.175,13.220568110826969
2026-09-08 11:00:00,13.929166666666667,13.622000151168198
2026-09-08 12:00:00,13.465833333333334,13.651003432006302
2026-09-08 13:00:00,13.0375,13.689087985407816
2026-09-08 14:00:00,12.563333333333333,13.4385031545207
2026-09-08 15:00:00,12.435833333333331,13.242114691900639
2026-09-08 16:00:00,12.835833333333332,13.066215300652951
2026-09-08 17:00:00,13.2025,12.286857112852655
2026-09-08 18:00:00,13.2775,12.303294138922249
2026-09-08 19:00:00,13.834166666666668,12.73909381682095
2026-09-08 20:00:00,13.859166666666663,12.849163983687943
2026-09-08 21:00:00,13.6025,12.816257942268493
2026-09-08 22:00:00,13.789166666666668,13.415920712770845
2026-09-08 23:00:00,14.135,13.56736376828427
2026-09-09 00:00:00,14.408333333333331,13.43242280597359
2026-09-09 01:00:00,14.8225,13.494930397309808
2026-09-09 02:00:00,15.086666666666668,13.785895645308518
2026-09-09 03:00:00,15.471666666666666,13.966776442153568
2026-09-09 04:00:00,15.460833333333332,14.494411009733888
2026-09-09 05:00:00,15.349166666666669,13.283615834015919
2026-09-09 06:00:00,13.6275,14.626199656312385
2026-09-09 07:00:00,14.151666666666667,14.607454876758236
2026-09-09 08:00:00,14.375833333333333,14.757534792851825
2026-09-09 09:00:00,14.274166666666668,13.373966381775702
2026-09-09 10:00:00,14.175,13.232747865763208
2026-09-09 11:00:00,13.929166666666667,13.620890559796702
2026-09-09 12:00:00,13.465833333333334,13.642705501253268
2026-09-09 13:00:00,13.0375,13.669855309547994
2026-09-09 14:00:00,12.563333333333333,13.429616239203295
2026-09-09 15:00:00,12.435833333333331,13.243157394844014
2026-09-09 16:00:00,12.835833333333332,13.05740260305938
2026-09-09 17:00:00,13.2025,12.278846578598866
2026-09-09 18:00:00,13.2775,12.299782398231187
2026-09-09 19:00:00,13.834166666666668,12.725140602411802
2026-09-09 20:00:00,13.859166666666663,12.837805603200266
2026-09-09 21:00:00,13.6025,12.819477123794492
2026-09-09 22:00:00,13.789166666666668,13.413788814464482
2026-09-09 23:00:00,14.135,13.562108017039765
2026-09-10 00:00:00,14.408333333333331,13.447751042582874
2026-09-10 01:00:00,14.8225,13.497262256640205
2026-09-10 02:00:00,15.086666666666668,13.782539462810554
2026-09-10 03:00:00,15.471666666666666,13.9667473394691
2026-09-10 04:00:00,15.460833333333332,14.493689355044852
2026-09-10 05:00:00,15.349166666666669,13.296389110692072
2026-09-10 06:00:00,13.6275,14.659413445626791
2026-09-10 07:00:00,14.151666666666667,14.618292149271713
2026-09-10 08:00:00,14.375833333333333,14.767211208441282
2026-09-10 09:00:00,14.274166666666668,13.37727545420534
2026-09-10 10:00:00,14.175,13.235621592925106
2026-09-10 11:00:00,13.929166666666667,13.61986349597575
2026-09-10 12:00:00,13.465833333333334,13.65512766129952
2026-09-10 13:00:00,13.0375,13.672565311807745
2026-09-10 14:00:00,12.563333333333333,13.43554560878933
2026-09-10 15:00:00,12.435833333333331,13.245914192488195
2026-09-10 16:00:00,12.835833333333332,13.04951266997098
2026-09-10 17:00:00,13.2025,12.275968464385269
2026-09-10 18:00:00,13.2775,12.315642139675482
2026-09-10 19:00:00,13.834166666666668,12.740985135643292
2026-09-10 20:00:00,13.859166666666663,12.843938606494326
2026-09-10 21:00:00,13.6025,12.830102981574559
2026-09-10 22:00:00,13.789166666666668,13.423794083171078
2026-09-10 23:00:00,14.135,13.57357306359251
2026-09-11 00:00:00,14.408333333333331,13.443570363261
2026-09-11 01:00:00,14.8225,13.492822804227282
2026-09-11 02:00:00,15.086666666666668,13.771766976960151
2026-09-11 03:00:00,15.471666666666666,13.9511427181579
2026-09-11 04:00:00,15.460833333333332,14.473951856388751
2026-09-11 05:00:00,15.349166666666669,13.28208712215923
2026-09-11 06:00:00,13.6275,14.665597902411644
2026-09-11 07:00:00,14.151666666666667,14.606828508336744
2026-09-11 08:00:00,14.375833333333333,14.748978234812968
2026-09-11 09:00:00,14.274166666666668,13.376370729854315
2026-09-11 10:00:00,14.175,13.22635054248028
2026-09-11 11:00:00,13.929166666666667,13.606655344936584
2026-09-11 12:00:00,13.465833333333334,13.643112147957485
2026-09-11 13:00:00,13.0375,13.658617941566394
2026-09-11 14:00:00,12.563333333333333,13.431167947870371
2026-09-11 15:00:00,12.435833333333331,13.2380214422882
2026-09-11 16:00:00,12.835833333333332,13.040279822617993
2026-09-11 17:00:00,13.2025,12.304858034915831
2026-09-11 18:00:00,13.2775,12.33466519192465
2026-09-11 19:00:00,13.834166666666668,12.761973713342849
2026-09-11 20:00:00,13.859166666666663,12.847597182285213
2026-09-11 21:00:00,13.6025,12.842852572432307
2026-09-11 22:00:00,13.789166666666668,13.4204377757398
2026-09-11 23:00:00,14.135,13.572606659284062
2026-09-12 00:00:00,14.408333333333331,13.500720355209136
2026-09-12 01:00:00,14.8225,13.523819294142893
2026-09-12 02:00:00,15.086666666666668,13.800027260696492
2026-09-12 03:00:00,15.471666666666666,13.960641347443687
2026-09-12 04:00:00,15.460833333333332,14.4892891785917
2026-09-12 05:00:00,15.349166666666669,13.29707490198685
2026-09-12 06:00:00,13.6275,14.703476556633202
2026-09-12 07:00:00,14.151666666666667,14.608020273649695
2026-09-12 08:00:00,14.375833333333333,14.772023895766694
2026-09-12 09:00:00,14.274166666666668,13.404874231150394
2026-09-12 10:00:00,14.175,13.268977121348492
2026-09-12 11:00:00,13.929166666666667,13.630571226966829
2026-09-12 12:00:00,13.465833333333334,13.646573668216721
2026-09-12 13:00:00,13.0375,13.652272246846087
2026-09-12 14:00:00,12.563333333333333,13.424193856224289
2026-09-12 15:00:00,12.435833333333331,13.264780568568447
2026-09-12 16:00:00,12.835833333333332,13.099671344223793
2026-09-12 17:00:00,13.2025,12.38708534806258
2026-09-12 18:00:00,13.2775,12.408251673893378
2026-09-12 19:00:00,13.834166666666668,12.873477936307772
2026-09-12 20:00:00,13.859166666666663,12.902356074213081
2026-09-12 21:00:00,13.6025,12.871608685391834
2026-09-12 22:00:00,13.789166666666668,13.447987904080552
2026-09-12 23:00:00,14.135,13.603865865278255
2026-09-13 00:00:00,14.408333333333331,13.508054642276996
2026-09-13 01:00:00,14.8225,13.522457060934409
2026-09-13 02:00:00,15.086666666666668,13.809127520525152
2026-09-13 03:00:00,15.471666666666666,13.970624117342734
2026-09-13 04:00:00,15.460833333333332,14.498736072928185
2026-09-13 05:00:00,15.349166666666669,13.288138010321399
2026-09-13 06:00:00,13.6275,14.693895120381562
2026-09-13 07:00:00,14.151666666666667,14.610383390462939
2026-09-13 08:00:00,14.375833333333333,14.761314349171233
2026-09-13 09:00:00,14.274166666666668,13.409341941195315
2026-09-13 10:00:00,14.175,13.284899683625948
2026-09-13 11:00:00,13.929166666666667,13.632871849570376
2026-09-13 12:00:00,13.465833333333334,13.655908233130585
2026-09-13 13:00:00,13.0375,13.642277590155075
2026-09-13 14:00:00,12.563333333333333,13.429481152494713
2026-09-13 15:00:00,12.435833333333331,13.266908582317818
2026-09-13 16:00:00,12.835833333333332,13.108895070487124
2026-09-13 17:00:00,13.2025,12.395553737019005
2026-09-13 18:00:00,13.2775,12.404790377908437
2026-09-13 19:00:00,13.834166666666668,12.883797820715158
2026-09-13 20:00:00,13.859166666666663,12.91329438351919
2026-09-13 21:00:00,13.6025,12.876763943085088
2026-09-13 22:00:00,13.789166666666668,13.445025509785573
2026-09-13 23:00:00,14.135,13.601771106246096
2026-09-14 00:00:00,14.408333333333331,13.41972834928436
2026-09-14 01:00:00,14.8225,13.473637713578416
2026-09-14 02:00:00,15.086666666666668,13.763330003762821
2026-09-14 03:00:00,15.471666666666666,13.982631315545653
2026-09-14 04:00:00,15.460833333333332,14.524500538669896
2026-09-14 05:00:00,15.349166666666669,13.29041955085375
2026-09-14 06:00:00,13.6275,14.650486107831725
2026-09-14 07:00:00,14.151666666666667,14.650886779066713
2026-09-14 08:00:00,14.375833333333333,14.794089095817682
2026-09-14 09:00:00,14.274166666666668,13.400872127731713
2026-09-14 10:00:00,14.175,13.236544511488994
2026-09-14 11:00:00,13.929166666666667,13.64073568325815
2026-09-14 12:00:00,13.465833333333334,13.6852367536098
2026-09-14 13:00:00,13.0375,13.731321797347277
2026-09-14 14:00:00,12.563333333333333,13.45449976074304
2026-09-14 15:00:00,12.435833333333331,13.282262074881205
2026-09-14 16:00:00,12.835833333333332,13.08589394952546
2026-09-14 17:00:00,13.2025,12.258867795074211
2026-09-14 18:00:00,13.2775,12.253577568855295
2026-09-14 19:00:00,13.834166666666668,12.696220338075552
2026-09-14 20:00:00,13.859166666666663,12.784829279853751
2026-09-14 21:00:00,13.6025,12.758970496303212
2026-09-14 22:00:00,13.789166666666668,13.41232494126135
2026-09-14 23:00:00,14.135,13.573544616360955
2026-09-15 00:00:00,14.408333333333331,13.433605570973876
2026-09-15 01:00:00,14.8225,13.482834906370295
2026-09-15 02:00:00,15.086666666666668,13.776344329684315
2026-09-15 03:00:00,15.471666666666666,13.978160255584392
2026-09-15 04:00:00,15.460833333333332,14.516989490236773
2026-09-15 05:00:00,15.349166666666669,13.290837610810465
2026-09-15 06:00:00,13.6275,14.656025598479907
2026-09-15 07:00:00,14.151666666666667,14.615269501288118
2026-09-15 08:00:00,14.375833333333333,14.761998243750494
2026-09-15 09:00:00,14.274166666666668,13.372479351083378
2026-09-15 10:00:00,14.175,13.228758695034564
2026-09-15 11:00:00,13.929166666666667,13.634547121851245
2026-09-15 12:00:00,13.465833333333334,13.660480123912507
2026-09-15 13:00:00,13.0375,13.696618637120261
2026-09-15 14:00:00,12.563333333333333,13.433166234808333
2026-09-15 15:00:00,12.435833333333331,13.285160988226455
2026-09-15 16:00:00,12.835833333333332,13.095366445084784
2026-09-15 17:00:00,13.2025,12.287618391304932
2026-09-15 18:00:00,13.2775,12.306270317033947
2026-09-15 19:00:00,13.834166666666668,12.73401763893104
2026-09-15 20:00:00,13.859166666666663,12.862789544968383
2026-09-15 21:00:00,13.6025,12.828540120319442
2026-09-15 22:00:00,13.789166666666668,13.421440070572725
2026-09-15 23:00:00,14.135,13.57756772061564
2026-09-16 00:00:00,14.408333333333331,13.436634875741063
2026-09-16 01:00:00,14.8225,13.491649120623766
2026-09-16 02:00:00,15.086666666666668,13.811739757455342
2026-09-16 03:00:00,15.471666666666666,14.008652930785086
2026-09-16 04:00:00,15.460833333333332,14.518818967759252
2026-09-16 05:00:00,15.349166666666669,13.296651281737935
2026-09-16 06:00:00,13.6275,14.656141780130005
2026-09-16 07:00:00,14.151666666666667,14.616134800884431
2026-09-16 08:00:00,14.375833333333333,14.76822897760125
2026-09-16 09:00:00,14.274166666666668,13.382739331770587
2026-09-16 10:00:00,14.175,13.251799979560968
2026-09-16 11:00:00,13.929166666666667,13.661264437192962
2026-09-16 12:00:00,13.465833333333334,13.674622381989657
2026-09-16 13:00:00,13.0375,13.699936997425134
2026-09-16 14:00:00,12.563333333333333,13.435961053766558
2026-09-16 15:00:00,12.435833333333331,13.287429181768665
2026-09-16 16:00:00,12.835833333333332,13.0956449254126
2026-09-16 17:00:00,13.2025,12.304200958871082
2026-09-16 18:00:00,13.2775,12.315927167081245
2026-09-16 19:00:00,13.834166666666668,12.741240120430867
2026-09-16 20:00:00,13.859166666666663,12.870932382092406
2026-09-16 21:00:00,13.6025,12.84263378237938
2026-09-16 22:00:00,13.789166666666668,13.428470255428799
2026-09-16 23:00:00,14.135,13.580500321795384
2026-09-17 00:00:00,14.408333333333331,13.458212390003347
2026-09-17 01:00:00,14.8225,13.494951288873096
2026-09-17 02:00:00,15.086666666666668,13.814801518093521
2026-09-17 03:00:00,15.471666666666666,14.01048171365256
2026-09-17 04:00:00,15.460833333333332,14.524784373427183
2026-09-17 05:00:00,15.349166666666669,13.309458189302273
2026-09-17 06:00:00,13.6275,14.68700458697181
2026-09-17 07:00:00,14.151666666666667,14.623875050990545
2026-09-17 08:00:00,14.375833333333333,14.776981325724893
2026-09-17 09:00:00,14.274166666666668,13.380451408706605
2026-09-17 10:00:00,14.175,13.25222832501851
2026-09-17 11:00:00,13.929166666666667,13.657984223659037
2026-09-17 12:00:00,13.465833333333334,13.681603031170448
2026-09-17 13:00:00,13.0375,13.710834818046369
2026-09-17 14:00:00,12.563333333333333,13.447615123280071
2026-09-17 15:00:00,12.435833333333331,13.293319282458668
2026-09-17 16:00:00,12.835833333333332,13.094769593517075
2026-09-17 17:00:00,13.2025,12.309648071913426
2026-09-17 18:00:00,13.2775,12.329864661185345
2026-09-17 19:00:00,13.834166666666668,12.758703695137962
2026-09-17 20:00:00,13.859166666666663,12.880024528238454
2026-09-17 21:00:00,13.6025,12.855861839734557
2026-09-17 22:00:00,13.789166666666668,13.440651082099173
2026-09-17 23:00:00,14.135,13.594611277683757
2026-09-18 00:00:00,14.408333333333331,13.458727227837842
2026-09-18 01:00:00,14.8225,13.498198214376165
2026-09-18 02:00:00,15.086666666666668,13.808079906875328
2026-09-18 03:00:00,15.471666666666666,14.001477146163706
2026-09-18 04:00:00,15.460833333333332,14.514899286198396
2026-09-18 05:00:00,15.349166666666669,13.303811257502792
2026-09-18 06:00:00,13.6275,14.687132990536654
2026-09-18 07:00:00,14.151666666666667,14.615749622887172
2026-09-18 08:00:00,14.375833333333333,14.755380591587068
2026-09-18 09:00:00,14.274166666666668,13.37989806269874
2026-09-18 10:00:00,14.175,13.242474637564321
2026-09-18 11:00:00,13.929166666666667,13.650137685860631
2026-09-18 12:00:00,13.465833333333334,13.676165067100218
2026-09-18 13:00:00,13.0375,13.696089354998433
2026-09-18 14:00:00,12.563333333333333,13.441031359604226
2026-09-18 15:00:00,12.435833333333331,13.280930091818451
2026-09-18 16:00:00,12.835833333333332,13.091274259870472
2026-09-18 17:00:00,13.2025,12.340888130149802
2026-09-18 18:00:00,13.2775,12.354478738384824
2026-09-18 19:00:00,13.834166666666668,12.779587084550517
2026-09-18 20:00:00,13.859166666666663,12.889450246754713
2026-09-18 21:00:00,13.6025,12.873284861460801
2026-09-18 22:00:00,13.789166666666668,13.444177206260617
2026-09-18 23:00:00,14.135,13.597734065800896
2026-09-19 00:00:00,14.408333333333331,13.532735071816397
2026-09-19 01:00:00,14.8225,13.544128912167368
2026-09-19 02:00:00,15.086666666666668,13.85066779796843
2026-09-19 03:00:00,15.471666666666666,14.02767813542943
2026-09-19 04:00:00,15.460833333333332,14.548713555587213
2026-09-19 05:00:00,15.349166666666669,13.336967194257573
2026-09-19 06:00:00,13.6275,14.725217199863488
2026-09-19 07:00:00,14.151666666666667,14.637465521875075
2026-09-19 08:00:00,14.375833333333333,14.788262517967595
2026-09-19 09:00:00,14.274166666666668,13.418971891075886
2026-09-19 10:00:00,14.175,13.29449048172079
2026-09-19 11:00:00,13.929166666666667,13.682737659943221
2026-09-19 12:00:00,13.465833333333334,13.687041401994854
2026-09-19 13:00:00,13.0375,13.707298709401389
2026-09-19 14:00:00,12.563333333333333,13.439128282276407
2026-09-19 15:00:00,12.435833333333331,13.289969404757151
2026-09-19 16:00:00,12.835833333333332,13.147531934220371
2026-09-19 17:00:00,13.2025,12.423299876104917
2026-09-19 18:00:00,13.2775,12.424645138521011
2026-09-19 19:00:00,13.834166666666668,12.889690640929217
2026-09-19 20:00:00,13.859166666666663,12.96544510072587
2026-09-19 21:00:00,13.6025,12.921896034030713
2026-09-19 22:00:00,13.789166666666668,13.487952358726503
2026-09-19 23:00:00,14.135,13.646189379225813
2026-09-20 00:00:00,14.408333333333331,13.558482151642476
2026-09-20 01:00:00,14.8225,13.558663697408331
2026-09-20 02:00:00,15.086666666666668,13.869949856970866
2026-09-20 03:00:00,15.471666666666666,14.052847819970623
2026-09-20 04:00:00,15.460833333333332,14.559675078360536
2026-09-20 05:00:00,15.349166666666669,13.32996040847851
2026-09-20 06:00:00,13.6275,14.720836265231195
2026-09-20 07:00:00,14.151666666666667,14.654125670322511
2026-09-20 08:00:00,14.375833333333333,14.779679908319311
2026-09-20 09:00:00,14.274166666666668,13.436432531423069
2026-09-20 10:00:00,14.175,13.32091512485594
2026-09-20 11:00:00,13.929166666666667,13.713003324996233
2026-09-20 12:00:00,13.465833333333334,13.721166463500257
2026-09-20 13:00:00,13.0375,13.72770592391614
2026-09-20 14:00:00,12.563333333333333,13.47448987270252
2026-09-20 15:00:00,12.435833333333331,13.316676862062064
2026-09-20 16:00:00,12.835833333333332,13.162941779141752
2026-09-20 17:00:00,13.2025,12.430761262821367
2026-09-20 18:00:00,13.2775,12.433578781083932
2026-09-20 19:00:00,13.834166666666668,12.903193637396676
2026-09-20 20:00:00,13.859166666666663,12.992001074277892
2026-09-20 21:00:00,13.6025,12.953531086517964
2026-09-20 22:00:00,13.789166666666668,13.496455078496336
2026-09-20 23:00:00,14.135,13.654916569580358
2026-09-21 00:00:00,14.408333333333331,13.438275365257685
2026-09-21 01:00:00,14.8225,13.48082330735352
2026-09-21 02:00:00,15.086666666666668,13.799640263197166
2026-09-21 03:00:00,15.471666666666666,14.025674466017822
2026-09-21 04:00:00,15.460833333333332,14.558796023467307
2026-09-21 05:00:00,15.349166666666669,13.313531348097555
2026-09-21 06:00:00,13.6275,14.663211011411612
2026-09-21 07:00:00,14.151666666666667,14.69161115146323
2026-09-21 08:00:00,14.375833333333333,14.799487004315772
2026-09-21 09:00:00,14.274166666666668,13.412124459383644
2026-09-21 10:00:00,14.175,13.254830963984176
2026-09-21 11:00:00,13.929166666666667,13.666804576855109
2026-09-21 12:00:00,13.465833333333334,13.699822694539172
2026-09-21 13:00:00,13.0375,13.771509952237011
2026-09-21 14:00:00,12.563333333333333,13.472166696035274
2026-09-21 15:00:00,12.435833333333331,13.286511691281007
2026-09-21 16:00:00,12.835833333333332,13.126484068025132
2026-09-21 17:00:00,13.2025,12.288882813868877
2026-09-21 18:00:00,13.2775,12.26296502503192
2026-09-21 19:00:00,13.834166666666668,12.695125863590295
2026-09-21 20:00:00,13.859166666666663,12.829570416670066
2026-09-21 21:00:00,13.6025,12.800786597277723
2026-09-21 22:00:00,13.789166666666668,13.432284242649967
2026-09-21 23:00:00,14.135,13.593883944814923
2026-09-22 00:00:00,14.408333333333331,13.459884246453468
2026-09-22 01:00:00,14.8225,13.499037642161177
2026-09-22 02:00:00,15.086666666666668,13.82940132469095
2026-09-22 03:00:00,15.471666666666666,14.036429434999672
2026-09-22 04:00:00,15.460833333333332,14.559978201074903
2026-09-22 05:00:00,15.349166666666669,13.323411561958132
2026-09-22 06:00:00,13.6275,14.677705523851673
2026-09-22 07:00:00,14.151666666666667,14.674347824181478
2026-09-22 08:00:00,14.375833333333333,14.77620200214554
2026-09-22 09:00:00,14.274166666666668,13.386361945744433
2026-09-22 10:00:00,14.175,13.262150394935983
2026-09-22 11:00:00,13.929166666666667,13.676880227744318
2026-09-22 12:00:00,13.465833333333334,13.683827847096513
2026-09-22 13:00:00,13.0375,13.760989323241327
2026-09-22 14:00:00,12.563333333333333,13.456129794518862
2026-09-22 15:00:00,12.435833333333331,13.29774476131632
2026-09-22 16:00:00,12.835833333333332,13.145521859388449
2026-09-22 17:00:00,13.2025,12.336805090617483
2026-09-22 18:00:00,13.2775,12.346531315242089
2026-09-22 19:00:00,13.834166666666668,12.74182802337454
2026-09-22 20:00:00,13.859166666666663,12.903659692092887
2026-09-22 21:00:00,13.6025,12.877140158470112
2026-09-22 22:00:00,13.789166666666668,13.454539211259608
2026-09-22 23:00:00,14.135,13.604865958934788
2026-09-23 00:00:00,14.408333333333331,13.483229267320564
2026-09-23 01:00:00,14.8225,13.54233847202452
2026-09-23 02:00:00,15.086666666666668,13.897296180363323
2026-09-23 03:00:00,15.471666666666666,14.09442944647839
2026-09-23 04:00:00,15.460833333333332,14.590431932765181
2026-09-23 05:00:00,15.349166666666669,13.348913260900213
2026-09-23 06:00:00,13.6275,14.699963898073388
2026-09-23 07:00:00,14.151666666666667,14.701452239871331
2026-09-23 08:00:00,14.375833333333333,14.792834309384844
2026-09-23 09:00:00,14.274166666666668,13.434750396359261
2026-09-23 10:00:00,14.175,13.329305916044406
2026-09-23 11:00:00,13.929166666666667,13.736929530234192
2026-09-23 12:00:00,13.465833333333334,13.733703901822405
2026-09-23 13:00:00,13.0375,13.810154922150648
2026-09-23 14:00:00,12.563333333333333,13.494835389176444
2026-09-23 15:00:00,12.435833333333331,13.32484530949742
2026-09-23 16:00:00,12.835833333333332,13.16046726511164
2026-09-23 17:00:00,13.2025,12.356080887938404
2026-09-23 18:00:00,13.2775,12.361732193838288
2026-09-23 19:00:00,13.834166666666668,12.758214281855858
2026-09-23 20:00:00,13.859166666666663,12.921486100522767
2026-09-23 21:00:00,13.6025,12.90711843498588
2026-09-23 22:00:00,13.789166666666668,13.478767223139398
2026-09-23 23:00:00,14.135,13.61918912463868
2026-09-24 00:00:00,14.408333333333331,13.493134170156765
2026-09-24 01:00:00,14.8225,13.543262607108652
2026-09-24 02:00:00,15.086666666666668,13.896975849590767
2026-09-24 03:00:00,15.471666666666666,14.091997003646082
2026-09-24 04:00:00,15.460833333333332,14.597080850415601
2026-09-24 05:00:00,15.349166666666669,13.36651338101367
2026-09-24 06:00:00,13.6275,14.72940202796294
2026-09-24 07:00:00,14.151666666666667,14.726168117702233
2026-09-24 08:00:00,14.375833333333333,14.79794047921962
2026-09-24 09:00:00,14.274166666666668,13.447447893827123
2026-09-24 10:00:00,14.175,13.35769571758345
2026-09-24 11:00:00,13.929166666666667,13.792157548371446
2026-09-24 12:00:00,13.465833333333334,13.787905340372815
2026-09-24 13:00:00,13.0375,13.842497880488658
2026-09-24 14:00:00,12.563333333333333,13.499303010151943
2026-09-24 15:00:00,12.435833333333331,13.333079618646261
2026-09-24 16:00:00,12.835833333333332,13.16409319595414
2026-09-24 17:00:00,13.2025,12.358287030053102
2026-09-24 18:00:00,13.2775,12.373330297995587
2026-09-24 19:00:00,13.834166666666668,12.767791027377363
2026-09-24 20:00:00,13.859166666666663,12.910668663451144
2026-09-24 21:00:00,13.6025,12.902432627440426
2026-09-24 22:00:00,13.789166666666668,13.478427572363167
2026-09-24 23:00:00,14.135,13.617621081327343
2026-09-25 00:00:00,14.408333333333331,13.501762763583582
2026-09-25 01:00:00,14.8225,13.56045433848887
2026-09-25 02:00:00,15.086666666666668,13.936848056607438
2026-09-25 03:00:00,15.471666666666666,14.108338153557007
2026-09-25 04:00:00,15.460833333333332,14.60152268936415
2026-09-25 05:00:00,15.349166666666669,13.380273670230391
2026-09-25 06:00:00,13.6275,14.75335272835265
2026-09-25 07:00:00,14.151666666666667,14.760217946356917
2026-09-25 08:00:00,14.375833333333333,14.789349863324759
2026-09-25 09:00:00,14.274166666666668,13.475942064698334
2026-09-25 10:00:00,14.175,13.403942635391344
2026-09-25 11:00:00,13.929166666666667,13.824357049641797
2026-09-25 12:00:00,13.465833333333334,13.810141215614838
2026-09-25 13:00:00,13.0375,13.844304862533424
2026-09-25 14:00:00,12.563333333333333,13.51981075511905
2026-09-25 15:00:00,12.435833333333331,13.340953968494162
2026-09-25 16:00:00,12.835833333333332,13.17909668648337
2026-09-25 17:00:00,13.2025,12.400212203132394
2026-09-25 18:00:00,13.2775,12.408763505574747
2026-09-25 19:00:00,13.834166666666668,12.794746740651505
2026-09-25 20:00:00,13.859166666666663,12.937517540337414
2026-09-25 21:00:00,13.6025,12.92874583175539
2026-09-25 22:00:00,13.789166666666668,13.481324784176547
2026-09-25 23:00:00,14.135,13.621104495070071
2026-09-26 00:00:00,14.408333333333331,13.590175408111026
2026-09-26 01:00:00,14.8225,13.637763968368901
2026-09-26 02:00:00,15.086666666666668,14.032806608865286
2026-09-26 03:00:00,15.471666666666666,14.184219331941609
2026-09-26 04:00:00,15.460833333333332,14.647235181604394
2026-09-26 05:00:00,15.349166666666669,13.424092662433885
2026-09-26 06:00:00,13.6275,14.814976062550766
2026-09-26 07:00:00,14.151666666666667,14.812529902428043
2026-09-26 08:00:00,14.375833333333333,14.835944883091672
2026-09-26 09:00:00,14.274166666666668,13.528954318479341
2026-09-26 10:00:00,14.175,13.491564084844889
2026-09-26 11:00:00,13.929166666666667,13.906654272941243
2026-09-26 12:00:00,13.465833333333334,13.853780098298891
2026-09-26 13:00:00,13.0375,13.881072867447362
2026-09-26 14:00:00,12.563333333333333,13.535926648155067
2026-09-26 15:00:00,12.435833333333331,13.351613851177152
2026-09-26 16:00:00,12.835833333333332,13.22348743642346
2026-09-26 17:00:00,13.2025,12.527939874456012
2026-09-26 18:00:00,13.2775,12.491541187718322
2026-09-26 19:00:00,13.834166666666668,12.906427081366086
2026-09-26 20:00:00,13.859166666666663,13.010319128735897
2026-09-26 21:00:00,13.6025,12.986603486745189
2026-09-26 22:00:00,13.789166666666668,13.536339851936411
2026-09-26 23:00:00,14.135,13.680078612576136
2026-09-27 00:00:00,14.408333333333331,13.593890866926056
2026-09-27 01:00:00,14.8225,13.643852272946251
2026-09-27 02:00:00,15.086666666666668,14.140180803944641
2026-09-27 03:00:00,15.471666666666666,14.26769539275481
2026-09-27 04:00:00,15.460833333333332,14.668294605531404
2026-09-27 05:00:00,15.349166666666669,13.418308685991711
2026-09-27 06:00:00,13.6275,14.808619367203342
2026-09-27 07:00:00,14.151666666666667,14.835165270851073
2026-09-27 08:00:00,14.375833333333333,14.813809338605518
2026-09-27 09:00:00,14.274166666666668,13.542888434099615
2026-09-27 10:00:00,14.175,13.610789810213177
2026-09-27 11:00:00,13.929166666666667,13.996756548457688
2026-09-27 12:00:00,13.465833333333334,13.877258986843072
2026-09-27 13:00:00,13.0375,13.86934389846221
2026-09-27 14:00:00,12.563333333333333,13.538636438432516
2026-09-27 15:00:00,12.435833333333331,13.352762973319265
2026-09-27 16:00:00,12.835833333333332,13.225828317047668
2026-09-27 17:00:00,13.2025,12.53201472479046
2026-09-27 18:00:00,13.2775,12.493680422765866
2026-09-27 19:00:00,13.834166666666668,12.914460028131458
2026-09-27 20:00:00,13.859166666666663,12.991411326671782
2026-09-27 21:00:00,13.6025,12.984148661582307
2026-09-27 22:00:00,13.789166666666668,13.52976129397254
2026-09-27 23:00:00,14.135,13.656952669474087
2026-09-28 00:00:00,14.408333333333331,13.483169526901394
2026-09-28 01:00:00,14.8225,13.58356261918967
2026-09-28 02:00:00,15.086666666666668,14.096494278983126
2026-09-28 03:00:00,15.471666666666666,14.223411517188993
2026-09-28 04:00:00,15.460833333333332,14.641407923430904
2026-09-28 05:00:00,15.349166666666669,13.3998984405344
2026-09-28 06:00:00,13.6275,14.789020912967281
2026-09-28 07:00:00,14.151666666666667,14.888579898472916
2026-09-28 08:00:00,14.375833333333333,14.846238988740765
2026-09-28 09:00:00,14.274166666666668,13.542463286596037
2026-09-28 10:00:00,14.175,13.586557521695447
2026-09-28 11:00:00,13.929166666666667,13.96019794575357
2026-09-28 12:00:00,13.465833333333334,13.843876449911019
2026-09-28 13:00:00,13.0375,13.881239635275609
2026-09-28 14:00:00,12.563333333333333,13.542434341248438
2026-09-28 15:00:00,12.435833333333331,13.338330315740667
2026-09-28 16:00:00,12.835833333333332,13.196417679637106
2026-09-28 17:00:00,13.2025,12.368231471175681
2026-09-28 18:00:00,13.2775,12.303909112317218
2026-09-28 19:00:00,13.834166666666668,12.690544934486521
2026-09-28 20:00:00,13.859166666666663,12.816316524418745
2026-09-28 21:00:00,13.6025,12.82752243981892
2026-09-28 22:00:00,13.789166666666668,13.471507947858942
2026-09-28 23:00:00,14.135,13.603286272443174
2026-09-29 00:00:00,14.408333333333331,13.484912975916725
2026-09-29 01:00:00,14.8225,13.598683598624213
2026-09-29 02:00:00,15.086666666666668,14.125441585182632
2026-09-29 03:00:00,15.471666666666666,14.208276481356574
2026-09-29 04:00:00,15.460833333333332,14.634016975229553
2026-09-29 05:00:00,15.349166666666669,13.390655980459982
2026-09-29 06:00:00,13.6275,14.775920668873967
2026-09-29 07:00:00,14.151666666666667,14.849057819248202
2026-09-29 08:00:00,14.375833333333333,14.806361425506438
2026-09-29 09:00:00,14.274166666666668,13.514698980545742
2026-09-29 10:00:00,14.175,13.595487447625663
2026-09-29 11:00:00,13.929166666666667,13.969513706674203
2026-09-29 12:00:00,13.465833333333334,13.825517741966081
2026-09-29 13:00:00,13.0375,13.840581456098167
2026-09-29 14:00:00,12.563333333333333,13.507936763272197
2026-09-29 15:00:00,12.435833333333331,13.31675395490357
2026-09-29 16:00:00,12.835833333333332,13.181465878782632
2026-09-29 17:00:00,13.2025,12.383375850313872
2026-09-29 18:00:00,13.2775,12.328405338662037
2026-09-29 19:00:00,13.834166666666668,12.694484914994643
2026-09-29 20:00:00,13.859166666666663,12.859880696824128
2026-09-29 21:00:00,13.6025,12.86146511065785
2026-09-29 22:00:00,13.789166666666668,13.476655674158597
2026-09-29 23:00:00,14.135,13.59287736186067
2026-09-30 00:00:00,14.408333333333331,13.482078745743634
2026-09-30 01:00:00,14.8225,13.606500086203575
2026-09-30 02:00:00,15.086666666666668,14.181684896210655
2026-09-30 03:00:00,15.471666666666666,14.23604637835436
2026-09-30 04:00:00,15.460833333333332,14.637753216249148
2026-09-30 05:00:00,15.349166666666669,13.406777070671978
2026-09-30 06:00:00,13.6275,14.824380294460495
2026-09-30 07:00:00,14.151666666666667,14.853751838070423
2026-09-30 08:00:00,14.375833333333333,14.823056723274764
2026-09-30 09:00:00,14.274166666666668,13.542189802116898
2026-09-30 10:00:00,14.175,13.643422234838113
2026-09-30 11:00:00,13.929166666666667,13.99239916019366
2026-09-30 12:00:00,13.465833333333334,13.83548450052016
2026-09-30 13:00:00,13.0375,13.833611094229568
2026-09-30 14:00:00,12.563333333333333,13.505636264622758
2026-09-30 15:00:00,12.435833333333331,13.325063120547235
2026-09-30 16:00:00,12.835833333333332,13.176766951382124
2026-09-30 17:00:00,13.2025,12.390646675774551
2026-09-30 18:00:00,13.2775,12.349246146447513
2026-09-30 19:00:00,13.834166666666668,12.677437402246298
2026-09-30 20:00:00,13.859166666666663,12.851123924615967
2026-09-30 21:00:00,13.6025,12.855655930891452
2026-09-30 22:00:00,13.789166666666668,13.472043168914004
2026-09-30 23:00:00,14.135,13.58625949224778
2026-10-01 00:00:00,15.17741935483871,13.402032909351753
2026-10-01 01:00:00,14.861290322580643,14.14842483879351
2026-10-01 02:00:00,14.86209677419355,13.998011525005841
2026-10-01 03:00:00,15.058870967741935,14.428692413209278
2026-10-01 04:00:00,14.758064516129032,14.196124745233089
2026-10-01 05:00:00,14.725,12.85017586126473
2026-10-01 06:00:00,13.991129032258064,13.982610595127031
2026-10-01 07:00:00,13.922580645161291,14.132663932562103
2026-10-01 08:00:00,13.725806451612904,14.168219858211362
2026-10-01 09:00:00,13.831451612903225,13.466373795503461
2026-10-01 10:00:00,13.648387096774194,13.180463576107748
2026-10-01 11:00:00,13.26774193548387,12.82156973148088
2026-10-01 12:00:00,13.062903225806451,13.297984530748199
2026-10-01 13:00:00,12.971774193548388,13.011409884927144
2026-10-01 14:00:00,13.293548387096775,12.991498886658833
2026-10-01 15:00:00,13.843548387096773,12.886124177883339
2026-10-01 16:00:00,14.230645161290322,12.780960431192106
2026-10-01 17:00:00,14.416935483870969,12.655457907983283
2026-10-01 18:00:00,14.880645161290325,13.357084043321773
2026-10-01 19:00:00,15.578225806451613,13.90797243074514
2026-10-01 20:00:00,15.837903225806452,14.807859198420562
2026-10-01 21:00:00,15.758064516129032,14.83408160062524
2026-10-01 22:00:00,15.337903225806452,15.182289096686624
2026-10-01 23:00:00,15.218548387096773,14.844750869221908
2026-10-02 00:00:00,15.17741935483871,15.062272731174275
2026-10-02 01:00:00,14.861290322580643,14.83219370550746
2026-10-02 02:00:00,14.86209677419355,14.811015411522279
2026-10-02 03:00:00,15.058870967741935,14.41415385620348
2026-10-02 04:00:00,14.758064516129032,14.14294342345529
2026-10-02 05:00:00,14.725,12.865585811076773
2026-10-02 06:00:00,13.991129032258064,13.883719610014385
2026-10-02 07:00:00,13.922580645161291,14.184878381083788
2026-10-02 08:00:00,13.725806451612904,14.208293345825878
2026-10-02 09:00:00,13.831451612903225,13.528997664343366
2026-10-02 10:00:00,13.648387096774194,13.243851793933278
2026-10-02 11:00:00,13.26774193548387,12.888072207207587
2026-10-02 12:00:00,13.062903225806451,13.346364606913049
2026-10-02 13:00:00,12.971774193548388,13.050144695660212
2026-10-02 14:00:00,13.293548387096775,13.066426916467336
2026-10-02 15:00:00,13.843548387096773,12.938031888675813
2026-10-02 16:00:00,14.230645161290322,12.8282204811224
2026-10-02 17:00:00,14.416935483870969,12.692751180620206
2026-10-02 18:00:00,14.880645161290325,13.399552431998327
2026-10-02 19:00:00,15.578225806451613,13.940085141315066
2026-10-02 20:00:00,15.837903225806452,14.776976017469948
2026-10-02 21:00:00,15.758064516129032,14.879274650706527
2026-10-02 22:00:00,15.337903225806452,15.223402633946883
2026-10-02 23:00:00,15.218548387096773,14.895838656114822
2026-10-03 00:00:00,15.17741935483871,15.068123559415628
2026-10-03 01:00:00,14.861290322580643,14.830861745700041
2026-10-03 02:00:00,14.86209677419355,14.834468763363763
2026-10-03 03:00:00,15.058870967741935,14.433614731194133
2026-10-03 04:00:00,14.758064516129032,14.12764380692626
2026-10-03 05:00:00,14.725,12.880818574918475
2026-10-03 06:00:00,13.991129032258064,13.908151158210323
2026-10-03 07:00:00,13.922580645161291,14.172115876078994
2026-10-03 08:00:00,13.725806451612904,14.188956780024828
2026-10-03 09:00:00,13.831451612903225,13.52697011479432
2026-10-03 10:00:00,13.648387096774194,13.243091204157313
2026-10-03 11:00:00,13.26774193548387,12.884665702378877
2026-10-03 12:00:00,13.062903225806451,13.32530043633259
2026-10-03 13:00:00,12.971774193548388,13.019341581121695
2026-10-03 14:00:00,13.293548387096775,13.033293643355236
2026-10-03 15:00:00,13.843548387096773,12.939993603300852
2026-10-03 16:00:00,14.230645161290322,12.867433550881888
2026-10-03 17:00:00,14.416935483870969,12.815685110416329
2026-10-03 18:00:00,14.880645161290325,13.4869077332563
2026-10-03 19:00:00,15.578225806451613,14.04789196064402
2026-10-03 20:00:00,15.837903225806452,14.765657567878637
2026-10-03 21:00:00,15.758064516129032,14.899103392813707
2026-10-03 22:00:00,15.337903225806452,15.228571932082795
2026-10-03 23:00:00,15.218548387096773,14.881315338481155
2026-10-04 00:00:00,15.17741935483871,15.075199958033807
2026-10-04 01:00:00,14.861290322580643,14.84149487505424
2026-10-04 02:00:00,14.86209677419355,14.808422818347882
2026-10-04 03:00:00,15.058870967741935,14.423186095825073
2026-10-04 04:00:00,14.758064516129032,14.120254312393481
2026-10-04 05:00:00,14.725,12.879291749486711
2026-10-04 06:00:00,13.991129032258064,13.912533587209143
2026-10-04 07:00:00,13.922580645161291,14.150727720792762
2026-10-04 08:00:00,13.725806451612904,14.181956485898919
2026-10-04 09:00:00,13.831451612903225,13.522769049064602
2026-10-04 10:00:00,13.648387096774194,13.241988893306168
2026-10-04 11:00:00,13.26774193548387,12.880505836716619
2026-10-04 12:00:00,13.062903225806451,13.312214327916319
2026-10-04 13:00:00,12.971774193548388,13.017544292300508
2026-10-04 14:00:00,13.293548387096775,13.043223581021369
2026-10-04 15:00:00,13.843548387096773,12.95409180648316
2026-10-04 16:00:00,14.230645161290322,12.889479400863983
2026-10-04 17:00:00,14.416935483870969,12.832109438848054
2026-10-04 18:00:00,14.880645161290325,13.480062302231339
2026-10-04 19:00:00,15.578225806451613,14.021747560291423
2026-10-04 20:00:00,15.837903225806452,14.778370579577297
2026-10-04 21:00:00,15.758064516129032,14.904384120986691
2026-10-04 22:00:00,15.337903225806452,15.224531379737883
2026-10-04 23:00:00,15.218548387096773,14.888214618788934
2026-10-05 00:00:00,15.17741935483871,15.045184129814627
2026-10-05 01:00:00,14.861290322580643,14.818221702044076
2026-10-05 02:00:00,14.86209677419355,14.76346950689928
2026-10-05 03:00:00,15.058870967741935,14.37106133405647
2026-10-05 04:00:00,14.758064516129032,14.089768892414467
2026-10-05 05:00:00,14.725,12.810571082882323
2026-10-05 06:00:00,13.991129032258064,13.810619771184832
2026-10-05 07:00:00,13.922580645161291,14.118929495555772
2026-10-05 08:00:00,13.725806451612904,14.186671373881502
2026-10-05 09:00:00,13.831451612903225,13.503018223894152
2026-10-05 10:00:00,13.648387096774194,13.240441730673693
2026-10-05 11:00:00,13.26774193548387,12.879419355503845
2026-10-05 12:00:00,13.062903225806451,13.323066260430931
2026-10-05 13:00:00,12.971774193548388,13.031873044173402
2026-10-05 14:00:00,13.293548387096775,13.055942001537407
2026-10-05 15:00:00,13.843548387096773,12.880347720666403
2026-10-05 16:00:00,14.230645161290322,12.776018442790615
2026-10-05 17:00:00,14.416935483870969,12.61891103340953
2026-10-05 18:00:00,14.880645161290325,13.312715634745064
2026-10-05 19:00:00,15.578225806451613,13.841191842091447
2026-10-05 20:00:00,15.837903225806452,14.706354632909092
2026-10-05 21:00:00,15.758064516129032,14.789034340381
2026-10-05 22:00:00,15.337903225806452,15.127667947549572
2026-10-05 23:00:00,15.218548387096773,14.831999975568694
2026-10-06 00:00:00,15.17741935483871,15.064170181646473
2026-10-06 01:00:00,14.861290322580643,14.82461276171595
2026-10-06 02:00:00,14.86209677419355,14.72835615075328
2026-10-06 03:00:00,15.058870967741935,14.336640871512401
2026-10-06 04:00:00,14.758064516129032,14.070894784014888
2026-10-06 05:00:00,14.725,12.79544170251243
2026-10-06 06:00:00,13.991129032258064,13.789489168585243
2026-10-06 07:00:00,13.922580645161291,14.059932759936203
2026-10-06 08:00:00,13.725806451612904,14.153013455802668
2026-10-06 09:00:00,13.831451612903225,13.488863320102435
2026-10-06 10:00:00,13.648387096774194,13.223435377966826
2026-10-06 11:00:00,13.26774193548387,12.870075558147043
2026-10-06 12:00:00,13.062903225806451,13.299891510818586
2026-10-06 13:00:00,12.971774193548388,12.999504083315747
2026-10-06 14:00:00,13.293548387096775,13.039986004961527
2026-10-06 15:00:00,13.843548387096773,12.894519338829866
2026-10-06 16:00:00,14.230645161290322,12.785216344404134
2026-10-06 17:00:00,14.416935483870969,12.645455203538852
2026-10-06 18:00:00,14.880645161290325,13.306662030104775
2026-10-06 19:00:00,15.578225806451613,13.82866818313494
2026-10-06 20:00:00,15.837903225806452,14.701595532473522
2026-10-06 21:00:00,15.758064516129032,14.848929568824706
2026-10-06 22:00:00,15.337903225806452,15.149314759575303
2026-10-06 23:00:00,15.218548387096773,14.845253196453054
2026-10-07 00:00:00,15.17741935483871,15.057016806063153
2026-10-07 01:00:00,14.861290322580643,14.822983825341437
2026-10-07 02:00:00,14.86209677419355,14.735529808423909
2026-10-07 03:00:00,15.058870967741935,14.339341739890433
2026-10-07 04:00:00,14.758064516129032,14.070543687173192
2026-10-07 05:00:00,14.725,12.7942234822509
2026-10-07 06:00:00,13.991129032258064,13.814752112404086
2026-10-07 07:00:00,13.922580645161291,14.06554780179005
2026-10-07 08:00:00,13.725806451612904,14.156497058312466
2026-10-07 09:00:00,13.831451612903225,13.490177241251075
2026-10-07 10:00:00,13.648387096774194,13.222751105449378
2026-10-07 11:00:00,13.26774193548387,12.877405197165087
2026-10-07 12:00:00,13.062903225806451,13.304803820603343
2026-10-07 13:00:00,12.971774193548388,13.009382440962877
2026-10-07 14:00:00,13.293548387096775,13.03625647594068
2026-10-07 15:00:00,13.843548387096773,12.887589531958014
2026-10-07 16:00:00,14.230645161290322,12.783957205473898
2026-10-07 17:00:00,14.416935483870969,12.662434116691205
2026-10-07 18:00:00,14.880645161290325,13.308022229452174
2026-10-07 19:00:00,15.578225806451613,13.840460774059096
2026-10-07 20:00:00,15.837903225806452,14.711657818734064
2026-10-07 21:00:00,15.758064516129032,14.858849566327494
2026-10-07 22:00:00,15.337903225806452,15.155373014742345
2026-10-07 23:00:00,15.218548387096773,14.841299813090629
2026-10-08 00:00:00,15.17741935483871,15.058370206165785
2026-10-08 01:00:00,14.861290322580643,14.826454398551682
2026-10-08 02:00:00,14.86209677419355,14.736926613858065
2026-10-08 03:00:00,15.058870967741935,14.328252658612332
2026-10-08 04:00:00,14.758064516129032,14.062592631590524
2026-10-08 05:00:00,14.725,12.794147266288272
2026-10-08 06:00:00,13.991129032258064,13.822127280769024
2026-10-08 07:00:00,13.922580645161291,14.067840307792782
2026-10-08 08:00:00,13.725806451612904,14.152425739294813
2026-10-08 09:00:00,13.831451612903225,13.497596928054282
2026-10-08 10:00:00,13.648387096774194,13.231559096862332
2026-10-08 11:00:00,13.26774193548387,12.88059835512893
2026-10-08 12:00:00,13.062903225806451,13.3014183231647
2026-10-08 13:00:00,12.971774193548388,13.011804415918622
2026-10-08 14:00:00,13.293548387096775,13.041333164439955
2026-10-08 15:00:00,13.843548387096773,12.892514314441517
2026-10-08 16:00:00,14.230645161290322,12.782635832611092
2026-10-08 17:00:00,14.416935483870969,12.659675253410805
2026-10-08 18:00:00,14.880645161290325,13.298284757839257
2026-10-08 19:00:00,15.578225806451613,13.84131977138249
2026-10-08 20:00:00,15.837903225806452,14.696912657706635
2026-10-08 21:00:00,15.758064516129032,14.860712026684356
2026-10-08 22:00:00,15.337903225806452,15.145420027746212
2026-10-08 23:00:00,15.218548387096773,14.838619639989691
2026-10-09 00:00:00,15.17741935483871,15.060579704807713
2026-10-09 01:00:00,14.861290322580643,14.820880739623536
2026-10-09 02:00:00,14.86209677419355,14.717068777687864
2026-10-09 03:00:00,15.058870967741935,14.321879424391312
2026-10-09 04:00:00,14.758064516129032,14.05756490587239
2026-10-09 05:00:00,14.725,12.790292748487364
2026-10-09 06:00:00,13.991129032258064,13.835249000405089
2026-10-09 07:00:00,13.922580645161291,14.060722108676952
2026-10-09 08:00:00,13.725806451612904,14.140716556363955
2026-10-09 09:00:00,13.831451612903225,13.49117059001511
2026-10-09 10:00:00,13.648387096774194,13.211674585374885
2026-10-09 11:00:00,13.26774193548387,12.860445959266615
2026-10-09 12:00:00,13.062903225806451,13.286172902530922
2026-10-09 13:00:00,12.971774193548388,13.00341711389131
2026-10-09 14:00:00,13.293548387096775,13.022232279188964
2026-10-09 15:00:00,13.843548387096773,12.904860778726874
2026-10-09 16:00:00,14.230645161290322,12.791844872984875
2026-10-09 17:00:00,14.416935483870969,12.678727609132068
2026-10-09 18:00:00,14.880645161290325,13.308591433692389
2026-10-09 19:00:00,15.578225806451613,13.847095686957768
2026-10-09 20:00:00,15.837903225806452,14.688293487539376
2026-10-09 21:00:00,15.758064516129032,14.86099482220094
2026-10-09 22:00:00,15.337903225806452,15.165148324777935
2026-10-09 23:00:00,15.218548387096773,14.845408002236692
2026-10-10 00:00:00,15.17741935483871,15.084898520789318
2026-10-10 01:00:00,14.861290322580643,14.845826118155797
2026-10-10 02:00:00,14.86209677419355,14.762497247374915
2026-10-10 03:00:00,15.058870967741935,14.356779880037841
2026-10-10 04:00:00,14.758064516129032,14.067729003463185
2026-10-10 05:00:00,14.725,12.819959961791678
2026-10-10 06:00:00,13.991129032258064,13.87669796838167
2026-10-10 07:00:00,13.922580645161291,14.069981431330547
2026-10-10 08:00:00,13.725806451612904,14.14041274738657
2026-10-10 09:00:00,13.831451612903225,13.50041025115948
2026-10-10 10:00:00,13.648387096774194,13.221588020867532
2026-10-10 11:00:00,13.26774193548387,12.871044428095239
2026-10-10 12:00:00,13.062903225806451,13.276733227851754
2026-10-10 13:00:00,12.971774193548388,12.985895286839476
2026-10-10 14:00:00,13.293548387096775,12.998678592765959
2026-10-10 15:00:00,13.843548387096773,12.904043392471443
2026-10-10 16:00:00,14.230645161290322,12.850683026243676
2026-10-10 17:00:00,14.416935483870969,12.798313056008421
2026-10-10 18:00:00,14.880645161290325,13.40208484164912
2026-10-10 19:00:00,15.578225806451613,13.9539366845075
2026-10-10 20:00:00,15.837903225806452,14.691651410000375
2026-10-10 21:00:00,15.758064516129032,14.882041681161432
2026-10-10 22:00:00,15.337903225806452,15.189345119813312
2026-10-10 23:00:00,15.218548387096773,14.858205271788293
2026-10-11 00:00:00,15.17741935483871,15.077004973397734
2026-10-11 01:00:00,14.861290322580643,14.843317092086671
2026-10-11 02:00:00,14.86209677419355,14.760454170511089
2026-10-11 03:00:00,15.058870967741935,14.356382206131212
2026-10-11 04:00:00,14.758064516129032,14.069902871353861
2026-10-11 05:00:00,14.725,12.82242497016107
2026-10-11 06:00:00,13.991129032258064,13.886565771234297
2026-10-11 07:00:00,13.922580645161291,14.06514659310184
2026-10-11 08:00:00,13.725806451612904,14.133292222087444
2026-10-11 09:00:00,13.831451612903225,13.492384263653705
2026-10-11 10:00:00,13.648387096774194,13.216660311403174
2026-10-11 11:00:00,13.26774193548387,12.865818226890969
2026-10-11 12:00:00,13.062903225806451,13.266438698163503
2026-10-11 13:00:00,12.971774193548388,12.985459374562481
2026-10-11 14:00:00,13.293548387096775,13.001998980232592
2026-10-11 15:00:00,13.843548387096773,12.909383545942905
2026-10-11 16:00:00,14.230645161290322,12.860696079647614
2026-10-11 17:00:00,14.416935483870969,12.801952044601997
2026-10-11 18:00:00,14.880645161290325,13.39742351718423
2026-10-11 19:00:00,15.578225806451613,13.940789448188298
2026-10-11 20:00:00,15.837903225806452,14.69498438196763
2026-10-11 21:00:00,15.758064516129032,14.881147471804145
2026-10-11 22:00:00,15.337903225806452,15.183237661603368
2026-10-11 23:00:00,15.218548387096773,14.855158701820118
2026-10-12 00:00:00,15.17741935483871,15.028675419461038
2026-10-12 01:00:00,14.861290322580643,14.828189969484512
2026-10-12 02:00:00,14.86209677419355,14.706052258515633
2026-10-12 03:00:00,15.058870967741935,14.312365962302858
2026-10-12 04:00:00,14.758064516129032,14.049440241542626
2026-10-12 05:00:00,14.725,12.750716555791836
2026-10-12 06:00:00,13.991129032258064,13.779619339996183
2026-10-12 07:00:00,13.922580645161291,14.048374858138622
2026-10-12 08:00:00,13.725806451612904,14.154592492647591
2026-10-12 09:00:00,13.831451612903225,13.503906397054351
2026-10-12 10:00:00,13.648387096774194,13.245581134878492
2026-10-12 11:00:00,13.26774193548387,12.889259284432445
2026-10-12 12:00:00,13.062903225806451,13.297427379767239
2026-10-12 13:00:00,12.971774193548388,13.00534722949876
2026-10-12 14:00:00,13.293548387096775,13.039341242835603
2026-10-12 15:00:00,13.843548387096773,12.84871648760237
2026-10-12 16:00:00,14.230645161290322,12.739913223776826
2026-10-12 17:00:00,14.416935483870969,12.594803385664576
2026-10-12 18:00:00,14.880645161290325,13.236190818050828
2026-10-12 19:00:00,15.578225806451613,13.758949497170937
2026-10-12 20:00:00,15.837903225806452,14.616496792396156
2026-10-12 21:00:00,15.758064516129032,14.755179866971085
2026-10-12 22:00:00,15.337903225806452,15.094375705493452
2026-10-12 23:00:00,15.218548387096773,14.792023871310004
2026-10-13 00:00:00,15.17741935483871,15.044225615626782
2026-10-13 01:00:00,14.861290322580643,14.833497780119544
2026-10-13 02:00:00,14.86209677419355,14.71359989568905
2026-10-13 03:00:00,15.058870967741935,14.32038287836803
2026-10-13 04:00:00,14.758064516129032,14.062762906031558
2026-10-13 05:00:00,14.725,12.769168515807458
2026-10-13 06:00:00,13.991129032258064,13.806742346063732
2026-10-13 07:00:00,13.922580645161291,14.050153162534334
2026-10-13 08:00:00,13.725806451612904,14.143880279227568
2026-10-13 09:00:00,13.831451612903225,13.498887988505437
2026-10-13 10:00:00,13.648387096774194,13.235837789047077
2026-10-13 11:00:00,13.26774193548387,12.88055387959247
2026-10-13 12:00:00,13.062903225806451,13.288711282819676
2026-10-13 13:00:00,12.971774193548388,12.98870153319374
2026-10-13 14:00:00,13.293548387096775,13.023763367433506
2026-10-13 15:00:00,13.843548387096773,12.865854247639033
2026-10-13 16:00:00,14.230645161290322,12.766524730359226
2026-10-13 17:00:00,14.416935483870969,12.635874727802427
2026-10-13 18:00:00,14.880645161290325,13.277318004166464
2026-10-13 19:00:00,15.578225806451613,13.801080660050427
2026-10-13 20:00:00,15.837903225806452,14.657052145446592
2026-10-13 21:00:00,15.758064516129032,14.822158612317736
2026-10-13 22:00:00,15.337903225806452,15.119596118505266
2026-10-13 23:00:00,15.218548387096773,14.804157073691869
2026-10-14 00:00:00,15.17741935483871,15.041636769657236
2026-10-14 01:00:00,14.861290322580643,14.837479068084857
2026-10-14 02:00:00,14.86209677419355,14.744621812782674
2026-10-14 03:00:00,15.058870967741935,14.358077873359116
2026-10-14 04:00:00,14.758064516129032,14.098736974653509
2026-10-14 05:00:00,14.725,12.80474352087705
2026-10-14 06:00:00,13.991129032258064,13.844395152861223
2026-10-14 07:00:00,13.922580645161291,14.069531181297116
2026-10-14 08:00:00,13.725806451612904,14.149360905385372
2026-10-14 09:00:00,13.831451612903225,13.505979388818531
2026-10-14 10:00:00,13.648387096774194,13.24213966157398
2026-10-14 11:00:00,13.26774193548387,12.899177178491774
2026-10-14 12:00:00,13.062903225806451,13.313658911797054
2026-10-14 13:00:00,12.971774193548388,13.011506884977969
2026-10-14 14:00:00,13.293548387096775,13.03838002095759
2026-10-14 15:00:00,13.843548387096773,12.88394805599654
2026-10-14 16:00:00,14.230645161290322,12.78592179052852
2026-10-14 17:00:00,14.416935483870969,12.667914051984742
2026-10-14 18:00:00,14.880645161290325,13.300425758549636
2026-10-14 19:00:00,15.578225806451613,13.837219827477497
2026-10-14 20:00:00,15.837903225806452,14.701283845458326
2026-10-14 21:00:00,15.758064516129032,14.841739110719814
2026-10-14 22:00:00,15.337903225806452,15.126833297281882
2026-10-14 23:00:00,15.218548387096773,14.805380693102144
2026-10-15 00:00:00,15.17741935483871,15.07022375700274
2026-10-15 01:00:00,14.861290322580643,14.84823326994964
2026-10-15 02:00:00,14.86209677419355,14.755213376795847
2026-10-15 03:00:00,15.058870967741935,14.354741566518914
2026-10-15 04:00:00,14.758064516129032,14.0963704503035
2026-10-15 05:00:00,14.725,12.806407054257408
2026-10-15 06:00:00,13.991129032258064,13.855443101782136
2026-10-15 07:00:00,13.922580645161291,14.073562193170055
2026-10-15 08:00:00,13.725806451612904,14.154372283595283
2026-10-15 09:00:00,13.831451612903225,13.512689998303252
2026-10-15 10:00:00,13.648387096774194,13.251242092200151
2026-10-15 11:00:00,13.26774193548387,12.902931735770434
2026-10-15 12:00:00,13.062903225806451,13.316851592622136
2026-10-15 13:00:00,12.971774193548388,13.020813216632762
2026-10-15 14:00:00,13.293548387096775,13.054348305436157
2026-10-15 15:00:00,13.843548387096773,12.89193553509425
2026-10-15 16:00:00,14.230645161290322,12.788035780294685
2026-10-15 17:00:00,14.416935483870969,12.666941807815656
2026-10-15 18:00:00,14.880645161290325,13.302082749673374
2026-10-15 19:00:00,15.578225806451613,13.846122705800136
2026-10-15 20:00:00,15.837903225806452,14.713208434130756
2026-10-15 21:00:00,15.758064516129032,14.871467213028705
2026-10-15 22:00:00,15.337903225806452,15.14467009722739
2026-10-15 23:00:00,15.218548387096773,14.835231404759613
2026-10-16 00:00:00,15.17741935483871,15.065391664627104
2026-10-16 01:00:00,14.861290322580643,14.843807129246414
2026-10-16 02:00:00,14.86209677419355,14.73885788380937
2026-10-16 03:00:00,15.058870967741935,14.341058081445235
2026-10-16 04:00:00,14.758064516129032,14.091118182060102
2026-10-16 05:00:00,14.725,12.795786214708436
2026-10-16 06:00:00,13.991129032258064,13.857578725722314
2026-10-16 07:00:00,13.922580645161291,14.067226664775129
2026-10-16 08:00:00,13.725806451612904,14.142072348317505
2026-10-16 09:00:00,13.831451612903225,13.503303832161095
2026-10-16 10:00:00,13.648387096774194,13.236485346833538
2026-10-16 11:00:00,13.26774193548387,12.8941421720573
2026-10-16 12:00:00,13.062903225806451,13.321834907227291
2026-10-16 13:00:00,12.971774193548388,13.021489704715952
2026-10-16 14:00:00,13.293548387096775,13.03676202115646
2026-10-16 15:00:00,13.843548387096773,12.907871691613733
2026-10-16 16:00:00,14.230645161290322,12.808147734096845
2026-10-16 17:00:00,14.416935483870969,12.689356249015093
2026-10-16 18:00:00,14.880645161290325,13.312110318733637
2026-10-16 19:00:00,15.578225806451613,13.864923263306359
2026-10-16 20:00:00,15.837903225806452,14.726096624964379
2026-10-16 21:00:00,15.758064516129032,14.878715313172862
2026-10-16 22:00:00,15.337903225806452,15.156260039925783
2026-10-16 23:00:00,15.218548387096773,14.838851415737103
2026-10-17 00:00:00,15.17741935483871,15.099295002651415
2026-10-17 01:00:00,14.861290322580643,14.866081016531096
2026-10-17 02:00:00,14.86209677419355,14.7787924835132
2026-10-17 03:00:00,15.058870967741935,14.38158529053409
2026-10-17 04:00:00,14.758064516129032,14.105223351014772
2026-10-17 05:00:00,14.725,12.833604206622653
2026-10-17 06:00:00,13.991129032258064,13.904166963963096
2026-10-17 07:00:00,13.922580645161291,14.089207107759126
2026-10-17 08:00:00,13.725806451612904,14.141406949534694
2026-10-17 09:00:00,13.831451612903225,13.523077086603104
2026-10-17 10:00:00,13.648387096774194,13.247859241988913
2026-10-17 11:00:00,13.26774193548387,12.906424262673521
2026-10-17 12:00:00,13.062903225806451,13.317871868237702
2026-10-17 13:00:00,12.971774193548388,13.017170058925124
2026-10-17 14:00:00,13.293548387096775,13.03039047389439
2026-10-17 15:00:00,13.843548387096773,12.926854136243964
2026-10-17 16:00:00,14.230645161290322,12.887008816800492
2026-10-17 17:00:00,14.416935483870969,12.824288049101444
2026-10-17 18:00:00,14.880645161290325,13.416333599410553
2026-10-17 19:00:00,15.578225806451613,13.985301927704699
2026-10-17 20:00:00,15.837903225806452,14.73144325684817
2026-10-17 21:00:00,15.758064516129032,14.897839531244433
2026-10-17 22:00:00,15.337903225806452,15.184717570840055
2026-10-17 23:00:00,15.218548387096773,14.859988731344178
2026-10-18 00:00:00,15.17741935483871,15.091605923912763
2026-10-18 01:00:00,14.861290322580643,14.866384061206585
2026-10-18 02:00:00,14.86209677419355,14.780846147359494
2026-10-18 03:00:00,15.058870967741935,14.381581257239153
2026-10-18 04:00:00,14.758064516129032,14.106921957756587
2026-10-18 05:00:00,14.725,12.838293923443533
2026-10-18 06:00:00,13.991129032258064,13.908279128587523
2026-10-18 07:00:00,13.922580645161291,14.087437490463397
2026-10-18 08:00:00,13.725806451612904,14.134615444404128
2026-10-18 09:00:00,13.831451612903225,13.514851343291788
2026-10-18 10:00:00,13.648387096774194,13.244723745596023
2026-10-18 11:00:00,13.26774193548387,12.902092821374778
2026-10-18 12:00:00,13.062903225806451,13.30640737300814
2026-10-18 13:00:00,12.971774193548388,13.015214030279957
2026-10-18 14:00:00,13.293548387096775,13.029586374325358
2026-10-18 15:00:00,13.843548387096773,12.933275068695298
2026-10-18 16:00:00,14.230645161290322,12.89790061307392
2026-10-18 17:00:00,14.416935483870969,12.827577602145436
2026-10-18 18:00:00,14.880645161290325,13.41261456593676
2026-10-18 19:00:00,15.578225806451613,13.973713812715182
2026-10-18 20:00:00,15.837903225806452,14.7342409736032
2026-10-18 21:00:00,15.758064516129032,14.895742854780092
2026-10-18 22:00:00,15.337903225806452,15.174685513923896
2026-10-18 23:00:00,15.218548387096773,14.855165274959539
2026-10-19 00:00:00,15.17741935483871,15.038617471543487
2026-10-19 01:00:00,14.861290322580643,14.838695791022568
2026-10-19 02:00:00,14.86209677419355,14.734965517338996
2026-10-19 03:00:00,15.058870967741935,14.33493185987151
2026-10-19 04:00:00,14.758064516129032,14.080507077632873
2026-10-19 05:00:00,14.725,12.775094942388996
2026-10-19 06:00:00,13.991129032258064,13.807703463121191
2026-10-19 07:00:00,13.922580645161291,14.061329550995113
2026-10-19 08:00:00,13.725806451612904,14.15533683564647
2026-10-19 09:00:00,13.831451612903225,13.521232372779146
2026-10-19 10:00:00,13.648387096774194,13.271089685306059
2026-10-19 11:00:00,13.26774193548387,12.924502399761817
2026-10-19 12:00:00,13.062903225806451,13.347480568555765
2026-10-19 13:00:00,12.971774193548388,13.039152795302916
2026-10-19 14:00:00,13.293548387096775,13.057276932070321
2026-10-19 15:00:00,13.843548387096773,12.870765665690216
2026-10-19 16:00:00,14.230645161290322,12.773789656149251
2026-10-19 17:00:00,14.416935483870969,12.627016019647812
2026-10-19 18:00:00,14.880645161290325,13.255935172581776
2026-10-19 19:00:00,15.578225806451613,13.789669812398383
2026-10-19 20:00:00,15.837903225806452,14.652578129844116
2026-10-19 21:00:00,15.758064516129032,14.763239559834428
2026-10-19 22:00:00,15.337903225806452,15.089913896369527
2026-10-19 23:00:00,15.218548387096773,14.796926793197414
2026-10-20 00:00:00,15.17741935483871,15.056812535861184
2026-10-20 01:00:00,14.861290322580643,14.849047787426137
2026-10-20 02:00:00,14.86209677419355,14.743549177065095
2026-10-20 03:00:00,15.058870967741935,14.345497290820148
2026-10-20 04:00:00,14.758064516129032,14.09725101356273
2026-10-20 05:00:00,14.725,12.799981250774117
2026-10-20 06:00:00,13.991129032258064,13.844572063895717
2026-10-20 07:00:00,13.922580645161291,14.069427392836715
2026-10-20 08:00:00,13.725806451612904,14.152466261776379
2026-10-20 09:00:00,13.831451612903225,13.528224016470949
2026-10-20 10:00:00,13.648387096774194,13.274429155540359
2026-10-20 11:00:00,13.26774193548387,12.930298167631907
2026-10-20 12:00:00,13.062903225806451,13.36019588323813
2026-10-20 13:00:00,12.971774193548388,13.037812534985648
2026-10-20 14:00:00,13.293548387096775,13.051873339719204
2026-10-20 15:00:00,13.843548387096773,12.902470283269055
2026-10-20 16:00:00,14.230645161290322,12.82156945131877
2026-10-20 17:00:00,14.416935483870969,12.678033117122661
2026-10-20 18:00:00,14.880645161290325,13.300561254491438
2026-10-20 19:00:00,15.578225806451613,13.832904018562191
2026-10-20 20:00:00,15.837903225806452,14.688617337126473
2026-10-20 21:00:00,15.758064516129032,14.843476634596488
2026-10-20 22:00:00,15.337903225806452,15.127403691439683
2026-10-20 23:00:00,15.218548387096773,14.816937271685687
2026-10-21 00:00:00,15.17741935483871,15.052119029472323
2026-10-21 01:00:00,14.861290322580643,14.854827003285449
2026-10-21 02:00:00,14.86209677419355,14.76124745921489
2026-10-21 03:00:00,15.058870967741935,14.380049916676043
2026-10-21 04:00:00,14.758064516129032,14.122841597258585
2026-10-21 05:00:00,14.725,12.827190489275466
2026-10-21 06:00:00,13.991129032258064,13.874139348430383
2026-10-21 07:00:00,13.922580645161291,14.087879579977523
2026-10-21 08:00:00,13.725806451612904,14.152292187209198
2026-10-21 09:00:00,13.831451612903225,13.529884532936531
2026-10-21 10:00:00,13.648387096774194,13.277825724130464
2026-10-21 11:00:00,13.26774193548387,12.934773058865364
2026-10-21 12:00:00,13.062903225806451,13.365915426635192
2026-10-21 13:00:00,12.971774193548388,13.02747790010774
2026-10-21 14:00:00,13.293548387096775,13.04977817012487
2026-10-21 15:00:00,13.843548387096773,12.902125464834056
2026-10-21 16:00:00,14.230645161290322,12.824202596208183
2026-10-21 17:00:00,14.416935483870969,12.69744729706977
2026-10-21 18:00:00,14.880645161290325,13.311206135395263
2026-10-21 19:00:00,15.578225806451613,13.862767111336483
2026-10-21 20:00:00,15.837903225806452,14.720442190877549
2026-10-21 21:00:00,15.758064516129032,14.852851745542388
2026-10-21 22:00:00,15.337903225806452,15.151780005922063
2026-10-21 23:00:00,15.218548387096773,14.829638388439806
2026-10-22 00:00:00,15.17741935483871,15.075199977154687
2026-10-22 01:00:00,14.861290322580643,14.869736463929547
2026-10-22 02:00:00,14.86209677419355,14.777854686495823
2026-10-22 03:00:00,15.058870967741935,14.389672582620257
2026-10-22 04:00:00,14.758064516129032,14.136819221499998
2026-10-22 05:00:00,14.725,12.84679354798708
2026-10-22 06:00:00,13.991129032258064,13.905415021463924
2026-10-22 07:00:00,13.922580645161291,14.100524790709848
2026-10-22 08:00:00,13.725806451612904,14.153110550094487
2026-10-22 09:00:00,13.831451612903225,13.548347541252419
2026-10-22 10:00:00,13.648387096774194,13.295731155196583
2026-10-22 11:00:00,13.26774193548387,12.94591121226372
2026-10-22 12:00:00,13.062903225806451,13.365675756310129
2026-10-22 13:00:00,12.971774193548388,13.021825238929047
2026-10-22 14:00:00,13.293548387096775,13.079244434261788
2026-10-22 15:00:00,13.843548387096773,12.938739081636983
2026-10-22 16:00:00,14.230645161290322,12.83926053162624
2026-10-22 17:00:00,14.416935483870969,12.720467735561769
2026-10-22 18:00:00,14.880645161290325,13.2909248011239
2026-10-22 19:00:00,15.578225806451613,13.881969016984465
2026-10-22 20:00:00,15.837903225806452,14.749220019747142
2026-10-22 21:00:00,15.758064516129032,14.884815340184208
2026-10-22 22:00:00,15.337903225806452,15.178528984554372
2026-10-22 23:00:00,15.218548387096773,14.857317369348245
2026-10-23 00:00:00,15.17741935483871,15.103873113978008
2026-10-23 01:00:00,14.861290322580643,14.897417243858548
2026-10-23 02:00:00,14.86209677419355,14.791128421754152
2026-10-23 03:00:00,15.058870967741935,14.415496443124976
2026-10-23 04:00:00,14.758064516129032,14.165068380367092
2026-10-23 05:00:00,14.725,12.872729258482682
2026-10-23 06:00:00,13.991129032258064,13.944509150898488
2026-10-23 07:00:00,13.922580645161291,14.134572377240005
2026-10-23 08:00:00,13.725806451612904,14.176273346177293
2026-10-23 09:00:00,13.831451612903225,13.582980267790749
2026-10-23 10:00:00,13.648387096774194,13.319134689832424
2026-10-23 11:00:00,13.26774193548387,12.972442873871097
2026-10-23 12:00:00,13.062903225806451,13.397922854392323
2026-10-23 13:00:00,12.971774193548388,13.058285246129875
2026-10-23 14:00:00,13.293548387096775,13.102712663464978
2026-10-23 15:00:00,13.843548387096773,12.979283544590285
2026-10-23 16:00:00,14.230645161290322,12.883627784553346
2026-10-23 17:00:00,14.416935483870969,12.753192374785101
2026-10-23 18:00:00,14.880645161290325,13.325323939398167
2026-10-23 19:00:00,15.578225806451613,13.924703906687032
2026-10-23 20:00:00,15.837903225806452,14.792622575769407
2026-10-23 21:00:00,15.758064516129032,14.914496414708358
2026-10-23 22:00:00,15.337903225806452,15.224743820032288
2026-10-23 23:00:00,15.218548387096773,14.900659997049564
2026-10-24 00:00:00,15.17741935483871,15.163196511581873
2026-10-24 01:00:00,14.861290322580643,14.948552955623768
2026-10-24 02:00:00,14.86209677419355,14.861621762764756
2026-10-24 03:00:00,15.058870967741935,14.479943884801166
2026-10-24 04:00:00,14.758064516129032,14.20345214976873
2026-10-24 05:00:00,14.725,12.930959563047342
2026-10-24 06:00:00,13.991129032258064,14.011644007236523
2026-10-24 07:00:00,13.922580645161291,14.177415711066994
2026-10-24 08:00:00,13.725806451612904,14.204627627596125
2026-10-24 09:00:00,13.831451612903225,13.634031555636794
2026-10-24 10:00:00,13.648387096774194,13.357941328876567
2026-10-24 11:00:00,13.26774193548387,13.037850886874075
2026-10-24 12:00:00,13.062903225806451,13.44204051898333
2026-10-24 13:00:00,12.971774193548388,13.117684337746438
2026-10-24 14:00:00,13.293548387096775,13.131204338991779
2026-10-24 15:00:00,13.843548387096773,13.032175702748713
2026-10-24 16:00:00,14.230645161290322,12.96153545776312
2026-10-24 17:00:00,14.416935483870969,12.906033752667792
2026-10-24 18:00:00,14.880645161290325,13.448445806835505
2026-10-24 19:00:00,15.578225806451613,14.060494972190597
2026-10-24 20:00:00,15.837903225806452,14.818359546552905
2026-10-24 21:00:00,15.758064516129032,14.953946995302939
2026-10-24 22:00:00,15.337903225806452,15.28530209679651
2026-10-24 23:00:00,15.218548387096773,14.95072072576427
2026-10-25 00:00:00,15.17741935483871,15.156334934407878
2026-10-25 01:00:00,14.861290322580643,14.953783578872233
2026-10-25 02:00:00,14.86209677419355,14.868779849653304
2026-10-25 03:00:00,15.058870967741935,14.487291101850637
2026-10-25 04:00:00,14.758064516129032,14.211267233651729
2026-10-25 05:00:00,14.725,12.943941166476632
2026-10-25 06:00:00,13.991129032258064,14.034036563253329
2026-10-25 07:00:00,13.922580645161291,14.20325862843594
2026-10-25 08:00:00,13.725806451612904,14.203467586233735
2026-10-25 09:00:00,13.831451612903225,13.633459224128144
2026-10-25 10:00:00,13.648387096774194,13.358257153825242
2026-10-25 11:00:00,13.26774193548387,13.035037929240488
2026-10-25 12:00:00,13.062903225806451,13.440332865697178
2026-10-25 13:00:00,12.971774193548388,13.129663573736316
2026-10-25 14:00:00,13.293548387096775,13.13827888338968
2026-10-25 15:00:00,13.843548387096773,13.051450223562906
2026-10-25 16:00:00,14.230645161290322,12.98476013077471
2026-10-25 17:00:00,14.416935483870969,12.918889907608593
2026-10-25 18:00:00,14.880645161290325,13.46585911208241
2026-10-25 19:00:00,15.578225806451613,14.066759697361125
2026-10-25 20:00:00,15.837903225806452,14.832285007146977
2026-10-25 21:00:00,15.758064516129032,14.96222040115829
2026-10-25 22:00:00,15.337903225806452,15.282992862025878
2026-10-25 23:00:00,15.218548387096773,14.951475354730407
2026-10-26 00:00:00,15.17741935483871,15.096831460447508
2026-10-26 01:00:00,14.861290322580643,14.910605626491506
2026-10-26 02:00:00,14.86209677419355,14.808302775712072
2026-10-26 03:00:00,15.058870967741935,14.427935765153963
2026-10-26 04:00:00,14.758064516129032,14.173160515403127
2026-10-26 05:00:00,14.725,12.871238181266046
2026-10-26 06:00:00,13.991129032258064,13.931749572351947
2026-10-26 07:00:00,13.922580645161291,14.21006307094737
2026-10-26 08:00:00,13.725806451612904,14.209974983105969
2026-10-26 09:00:00,13.831451612903225,13.591659285405646
2026-10-26 10:00:00,13.648387096774194,13.332927743387172
2026-10-26 11:00:00,13.26774193548387,13.013645819320997
2026-10-26 12:00:00,13.062903225806451,13.446886190786257
2026-10-26 13:00:00,12.971774193548388,13.125149472490456
2026-10-26 14:00:00,13.293548387096775,13.1273553355982
2026-10-26 15:00:00,13.843548387096773,12.94193329713801
2026-10-26 16:00:00,14.230645161290322,12.847530418505242
2026-10-26 17:00:00,14.416935483870969,12.686798604955491
2026-10-26 18:00:00,14.880645161290325,13.307150229281909
2026-10-26 19:00:00,15.578225806451613,13.907128555020979
2026-10-26 20:00:00,15.837903225806452,14.741678772682148
2026-10-26 21:00:00,15.758064516129032,14.832092549203988
2026-10-26 22:00:00,15.337903225806452,15.175283684624793
2026-10-26 23:00:00,15.218548387096773,14.877092901604865
2026-10-27 00:00:00,15.17741935483871,15.106418646492065
2026-10-27 01:00:00,14.861290322580643,14.912047215264256
2026-10-27 02:00:00,14.86209677419355,14.838147746784122
2026-10-27 03:00:00,15.058870967741935,14.483808982109643
2026-10-27 04:00:00,14.758064516129032,14.236169367209005
2026-10-27 05:00:00,14.725,12.940185369667104
2026-10-27 06:00:00,13.991129032258064,14.02003201509959
2026-10-27 07:00:00,13.922580645161291,14.310339382045658
2026-10-27 08:00:00,13.725806451612904,14.200671056168627
2026-10-27 09:00:00,13.831451612903225,13.586669616769143
2026-10-27 10:00:00,13.648387096774194,13.320523091623397
2026-10-27 11:00:00,13.26774193548387,13.003515947432069
2026-10-27 12:00:00,13.062903225806451,13.410635208357036
2026-10-27 13:00:00,12.971774193548388,13.079596251872825
2026-10-27 14:00:00,13.293548387096775,13.099424657313396
2026-10-27 15:00:00,13.843548387096773,12.943296804013537
2026-10-27 16:00:00,14.230645161290322,12.844082310459104
2026-10-27 17:00:00,14.416935483870969,12.720359215496028
2026-10-27 18:00:00,14.880645161290325,13.367639592918046
2026-10-27 19:00:00,15.578225806451613,14.034234865255083
2026-10-27 20:00:00,15.837903225806452,14.827683446237199
2026-10-27 21:00:00,15.758064516129032,14.892221884469471
2026-10-27 22:00:00,15.337903225806452,15.204656890060036
2026-10-27 23:00:00,15.218548387096773,14.89067673218576
2026-10-28 00:00:00,15.17741935483871,15.103574910569122
2026-10-28 01:00:00,14.861290322580643,14.90968300869542
2026-10-28 02:00:00,14.86209677419355,14.850125745998255
2026-10-28 03:00:00,15.058870967741935,14.509380967334957
2026-10-28 04:00:00,14.758064516129032,14.257127969959882
2026-10-28 05:00:00,14.725,12.959300730279363
2026-10-28 06:00:00,13.991129032258064,14.045337586236043
2026-10-28 07:00:00,13.922580645161291,14.340911407663853
2026-10-28 08:00:00,13.725806451612904,14.206528519751906
2026-10-28 09:00:00,13.831451612903225,13.595660350972972
2026-10-28 10:00:00,13.648387096774194,13.32342829767992
2026-10-28 11:00:00,13.26774193548387,12.990073347358688
2026-10-28 12:00:00,13.062903225806451,13.394096292226795
2026-10-28 13:00:00,12.971774193548388,13.062863148453943
2026-10-28 14:00:00,13.293548387096775,13.102793812539986
2026-10-28 15:00:00,13.843548387096773,12.92779874297019
2026-10-28 16:00:00,14.230645161290322,12.832396345625865
2026-10-28 17:00:00,14.416935483870969,12.723695190496056
2026-10-28 18:00:00,14.880645161290325,13.364211162474886
2026-10-28 19:00:00,15.578225806451613,14.052014359111356
2026-10-28 20:00:00,15.837903225806452,14.844411786884642
2026-10-28 21:00:00,15.758064516129032,14.894090560060189
2026-10-28 22:00:00,15.337903225806452,15.226693427359239
2026-10-28 23:00:00,15.218548387096773,14.899034066333538
2026-10-29 00:00:00,15.17741935483871,15.126927523844733
2026-10-29 01:00:00,14.861290322580643,14.92373073872401
2026-10-29 02:00:00,14.86209677419355,14.866853143360522
2026-10-29 03:00:00,15.058870967741935,14.514377885716485
2026-10-29 04:00:00,14.758064516129032,14.258479967145721
2026-10-29 05:00:00,14.725,12.960788868309475
2026-10-29 06:00:00,13.991129032258064,14.075224971682038
2026-10-29 07:00:00,13.922580645161291,14.35301212856671
2026-10-29 08:00:00,13.725806451612904,14.196145588546642
2026-10-29 09:00:00,13.831451612903225,13.588946553055536
2026-10-29 10:00:00,13.648387096774194,13.3140051875876
2026-10-29 11:00:00,13.26774193548387,12.986084060686728
2026-10-29 12:00:00,13.062903225806451,13.390942026728732
2026-10-29 13:00:00,12.971774193548388,13.065733157195044
2026-10-29 14:00:00,13.293548387096775,13.11376030390279
2026-10-29 15:00:00,13.843548387096773,12.920252049801745
2026-10-29 16:00:00,14.230645161290322,12.81131035173638
2026-10-29 17:00:00,14.416935483870969,12.686940992531577
2026-10-29 18:00:00,14.880645161290325,13.33929233105973
2026-10-29 19:00:00,15.578225806451613,14.014590193926269
2026-10-29 20:00:00,15.837903225806452,14.814872499531102
2026-10-29 21:00:00,15.758064516129032,14.880713078054862
2026-10-29 22:00:00,15.337903225806452,15.237407074270926
2026-10-29 23:00:00,15.218548387096773,14.917709235377469
2026-10-30 00:00:00,15.17741935483871,15.133417239526153
2026-10-30 01:00:00,14.861290322580643,14.945939645690647
2026-10-30 02:00:00,14.86209677419355,14.88973832178402
2026-10-30 03:00:00,15.058870967741935,14.547753575748558
2026-10-30 04:00:00,14.758064516129032,14.293036879100526
2026-10-30 05:00:00,14.725,12.998472803126598
2026-10-30 06:00:00,13.991129032258064,14.12094777487276
2026-10-30 07:00:00,13.922580645161291,14.384845565251393
2026-10-30 08:00:00,13.725806451612904,14.207215478191234
2026-10-30 09:00:00,13.831451612903225,13.602193361012338
2026-10-30 10:00:00,13.648387096774194,13.32345648316305
2026-10-30 11:00:00,13.26774193548387,12.998836971234365
2026-10-30 12:00:00,13.062903225806451,13.398392268449681
2026-10-30 13:00:00,12.971774193548388,13.071833422692212
2026-10-30 14:00:00,13.293548387096775,13.103637090686494
2026-10-30 15:00:00,13.843548387096773,12.902020615740483
2026-10-30 16:00:00,14.230645161290322,12.797976859084526
2026-10-30 17:00:00,14.416935483870969,12.669179700554633
2026-10-30 18:00:00,14.880645161290325,13.308246077833207
2026-10-30 19:00:00,15.578225806451613,14.021794535001717
2026-10-30 20:00:00,15.837903225806452,14.82120567192391
2026-10-30 21:00:00,15.758064516129032,14.870854598973203
2026-10-30 22:00:00,15.337903225806452,15.258604884598679
2026-10-30 23:00:00,15.218548387096773,14.929041307859077
2026-10-31 00:00:00,15.17741935483871,15.188017164078456
2026-10-31 01:00:00,14.861290322580643,14.995332931982546
2026-10-31 02:00:00,14.86209677419355,14.956557099644172
2026-10-31 03:00:00,15.058870967741935,14.61154690775985
2026-10-31 04:00:00,14.758064516129032,14.331163290582374
2026-10-31 05:00:00,14.725,13.056290489958378
2026-10-31 06:00:00,13.991129032258064,14.187205656970526
2026-10-31 07:00:00,13.922580645161291,14.421617774189006
2026-10-31 08:00:00,13.725806451612904,14.23146388094762
2026-10-31 09:00:00,13.831451612903225,13.64971383343136
2026-10-31 10:00:00,13.648387096774194,13.362661863829702
2026-10-31 11:00:00,13.26774193548387,13.039068792775135
2026-10-31 12:00:00,13.062903225806451,13.434471435905378
2026-10-31 13:00:00,12.971774193548388,13.09632162047567
2026-10-31 14:00:00,13.293548387096775,13.122468157081958
2026-10-31 15:00:00,13.843548387096773,12.951915142607143
2026-10-31 16:00:00,14.230645161290322,12.880329844339602
2026-10-31 17:00:00,14.416935483870969,12.812094934543751
2026-10-31 18:00:00,14.880645161290325,13.42178964552074
2026-10-31 19:00:00,15.578225806451613,14.15283117498539
2026-10-31 20:00:00,15.837903225806452,14.84810653469685
2026-10-31 21:00:00,15.758064516129032,14.907452450859061
2026-10-31 22:00:00,15.337903225806452,15.307632347554764
2026-10-31 23:00:00,15.218548387096773,14.970432877866857
2026-11-01 00:00:00,19.429166666666667,15.201486607256683
2026-11-01 01:00:00,19.489166666666662,15.821108947549016
2026-11-01 02:00:00,19.6225,14.308225685229242
2026-11-01 03:00:00,19.688333333333333,18.861035990782625
2026-11-01 04:00:00,19.934166666666663,19.238583464500373
2026-11-01 05:00:00,20.12833333333333,17.996325680684926
2026-11-01 06:00:00,18.313333333333333,19.482690106761517
2026-11-01 07:00:00,18.936666666666667,19.04838292289442
2026-11-01 08:00:00,19.398333333333333,19.25392148747684
2026-11-01 09:00:00,19.59416666666667,17.762198815296973
2026-11-01 10:00:00,19.15666666666667,17.933997713535177
2026-11-01 11:00:00,18.495,18.092818452393246
2026-11-01 12:00:00,17.73166666666667,18.056531910884143
2026-11-01 13:00:00,17.00166666666667,17.73331422593835
2026-11-01 14:00:00,16.649166666666666,18.329728122746495
2026-11-01 15:00:00,17.36,16.885031127754907
2026-11-01 16:00:00,18.1825,16.59007960971762
2026-11-01 17:00:00,18.745833333333334,15.800290626631764
2026-11-01 18:00:00,17.805833333333332,17.69435263043432
2026-11-01 19:00:00,18.819166666666668,17.795611666431512
2026-11-01 20:00:00,19.676666666666662,18.373722462161574
2026-11-01 21:00:00,20.1675,17.55268668394232
2026-11-01 22:00:00,20.246666666666663,18.82915712821563
2026-11-01 23:00:00,20.13833333333333,19.57997659324127
2026-11-02 00:00:00,19.429166666666667,19.939513265991984
2026-11-02 01:00:00,19.489166666666662,19.503526548037044
2026-11-02 02:00:00,19.6225,19.278608732875192
2026-11-02 03:00:00,19.688333333333333,18.85507845529923
2026-11-02 04:00:00,19.934166666666663,19.213174575321098
2026-11-02 05:00:00,20.12833333333333,17.94208343452621
2026-11-02 06:00:00,18.313333333333333,19.297902234836563
2026-11-02 07:00:00,18.936666666666667,18.77051891583301
2026-11-02 08:00:00,19.398333333333333,18.89748676629622
2026-11-02 09:00:00,19.59416666666667,17.3016277179984
2026-11-02 10:00:00,19.15666666666667,17.708754165789347
2026-11-02 11:00:00,18.495,17.953877524975184
2026-11-02 12:00:00,17.73166666666667,17.93450197864056
2026-11-02 13:00:00,17.00166666666667,17.528727546320916
2026-11-02 14:00:00,16.649166666666666,18.376732135194644
2026-11-02 15:00:00,17.36,16.878699166653774
2026-11-02 16:00:00,18.1825,16.512847208843013
2026-11-02 17:00:00,18.745833333333334,15.923665324423123
2026-11-02 18:00:00,17.805833333333332,17.883920817116987
2026-11-02 19:00:00,18.819166666666668,17.761383568220392
2026-11-02 20:00:00,19.676666666666662,18.517670235847376
2026-11-02 21:00:00,20.1675,17.561108321248476
2026-11-02 22:00:00,20.246666666666663,18.746076951436365
2026-11-02 23:00:00,20.13833333333333,19.471436808761048
2026-11-03 00:00:00,19.429166666666667,19.901838994328294
2026-11-03 01:00:00,19.489166666666662,19.476239722432055
2026-11-03 02:00:00,19.6225,19.288875869516367
2026-11-03 03:00:00,19.688333333333333,18.868887244219856
2026-11-03 04:00:00,19.934166666666663,19.229588680119935
2026-11-03 05:00:00,20.12833333333333,17.94033593565039
2026-11-03 06:00:00,18.313333333333333,19.289834075289015
2026-11-03 07:00:00,18.936666666666667,18.721048542323807
2026-11-03 08:00:00,19.398333333333333,18.883816329104018
2026-11-03 09:00:00,19.59416666666667,17.27079043966878
2026-11-03 10:00:00,19.15666666666667,17.693469215486836
2026-11-03 11:00:00,18.495,17.94593964212661
2026-11-03 12:00:00,17.73166666666667,17.88900044742409
2026-11-03 13:00:00,17.00166666666667,17.48872334779505
2026-11-03 14:00:00,16.649166666666666,18.353411354407363
2026-11-03 15:00:00,17.36,16.850782164879284
2026-11-03 16:00:00,18.1825,16.515538652699263
2026-11-03 17:00:00,18.745833333333334,15.914489746567895
2026-11-03 18:00:00,17.805833333333332,17.869180453350985
2026-11-03 19:00:00,18.819166666666668,17.743283584636192
2026-11-03 20:00:00,19.676666666666662,18.53613794126722
2026-11-03 21:00:00,20.1675,17.57995067718668
2026-11-03 22:00:00,20.246666666666663,18.7415915479612
2026-11-03 23:00:00,20.13833333333333,19.428135966241594
2026-11-04 00:00:00,19.429166666666667,19.899667726865417
2026-11-04 01:00:00,19.489166666666662,19.432323293103885
2026-11-04 02:00:00,19.6225,19.27140200762877
2026-11-04 03:00:00,19.688333333333333,18.859450570402878
2026-11-04 04:00:00,19.934166666666663,19.23147276342651
2026-11-04 05:00:00,20.12833333333333,17.946088011060517
2026-11-04 06:00:00,18.313333333333333,19.286427207869643
2026-11-04 07:00:00,18.936666666666667,18.729810536988182
2026-11-04 08:00:00,19.398333333333333,18.88419283887447
2026-11-04 09:00:00,19.59416666666667,17.286713916270827
2026-11-04 10:00:00,19.15666666666667,17.696191506238513
2026-11-04 11:00:00,18.495,17.951590181393403
2026-11-04 12:00:00,17.73166666666667,17.882221450860538
2026-11-04 13:00:00,17.00166666666667,17.488471116299834
2026-11-04 14:00:00,16.649166666666666,18.34830331877615
2026-11-04 15:00:00,17.36,16.85056480179942
2026-11-04 16:00:00,18.1825,16.537348744818818
2026-11-04 17:00:00,18.745833333333334,15.94908578790771
2026-11-04 18:00:00,17.805833333333332,17.868237807906695
2026-11-04 19:00:00,18.819166666666668,17.735969972452345
2026-11-04 20:00:00,19.676666666666662,18.544329579251805
2026-11-04 21:00:00,20.1675,17.580936372250896
2026-11-04 22:00:00,20.246666666666663,18.763969681275682
2026-11-04 23:00:00,20.13833333333333,19.414246235687976
2026-11-05 00:00:00,19.429166666666667,19.90857975772189
2026-11-05 01:00:00,19.489166666666662,19.447454108272364
2026-11-05 02:00:00,19.6225,19.29950087256047
2026-11-05 03:00:00,19.688333333333333,18.871943348892742
2026-11-05 04:00:00,19.934166666666663,19.248113977042955
2026-11-05 05:00:00,20.12833333333333,17.973259352701096
2026-11-05 06:00:00,18.313333333333333,19.31136438625352
2026-11-05 07:00:00,18.936666666666667,18.728788260044233
2026-11-05 08:00:00,19.398333333333333,18.888627482120814
2026-11-05 09:00:00,19.59416666666667,17.3011311504589
2026-11-05 10:00:00,19.15666666666667,17.701790496856397
2026-11-05 11:00:00,18.495,17.954719083435315
2026-11-05 12:00:00,17.73166666666667,17.87666914296964
2026-11-05 13:00:00,17.00166666666667,17.508969802830073
2026-11-05 14:00:00,16.649166666666666,18.344968979272068
2026-11-05 15:00:00,17.36,16.850757826427223
2026-11-05 16:00:00,18.1825,16.549462562562006
2026-11-05 17:00:00,18.745833333333334,15.947798180914708
2026-11-05 18:00:00,17.805833333333332,17.858797110660188
2026-11-05 19:00:00,18.819166666666668,17.739748872749328
2026-11-05 20:00:00,19.676666666666662,18.56037446261281
2026-11-05 21:00:00,20.1675,17.58152963497188
2026-11-05 22:00:00,20.246666666666663,18.77157790919555
2026-11-05 23:00:00,20.13833333333333,19.419300895854505
2026-11-06 00:00:00,19.429166666666667,19.88509626534803
2026-11-06 01:00:00,19.489166666666662,19.439454862225585
2026-11-06 02:00:00,19.6225,19.302755644372994
2026-11-06 03:00:00,19.688333333333333,18.869646554094253
2026-11-06 04:00:00,19.934166666666663,19.222701505172147
2026-11-06 05:00:00,20.12833333333333,17.97550469346518
2026-11-06 06:00:00,18.313333333333333,19.30811832193649
2026-11-06 07:00:00,18.936666666666667,18.703377022091722
2026-11-06 08:00:00,19.398333333333333,18.87233818363808
2026-11-06 09:00:00,19.59416666666667,17.28018700068519
2026-11-06 10:00:00,19.15666666666667,17.663811254730597
2026-11-06 11:00:00,18.495,17.914732225242602
2026-11-06 12:00:00,17.73166666666667,17.84311353478975
2026-11-06 13:00:00,17.00166666666667,17.489750312139048
2026-11-06 14:00:00,16.649166666666666,18.31651070741156
2026-11-06 15:00:00,17.36,16.86234113476972
2026-11-06 16:00:00,18.1825,16.54814254975114
2026-11-06 17:00:00,18.745833333333334,15.964857926865527
2026-11-06 18:00:00,17.805833333333332,17.891361924353443
2026-11-06 19:00:00,18.819166666666668,17.766809628803607
2026-11-06 20:00:00,19.676666666666662,18.567273582838432
2026-11-06 21:00:00,20.1675,17.587453872918907
2026-11-06 22:00:00,20.246666666666663,18.76346492540859
2026-11-06 23:00:00,20.13833333333333,19.402957088851522
2026-11-07 00:00:00,19.429166666666667,19.90405173239899
2026-11-07 01:00:00,19.489166666666662,19.498864032701825
2026-11-07 02:00:00,19.6225,19.353658454188626
2026-11-07 03:00:00,19.688333333333333,18.892901285182703
2026-11-07 04:00:00,19.934166666666663,19.256821361305725
2026-11-07 05:00:00,20.12833333333333,18.025419394985057
2026-11-07 06:00:00,18.313333333333333,19.383733938569396
2026-11-07 07:00:00,18.936666666666667,18.7636227898732
2026-11-07 08:00:00,19.398333333333333,18.901910419683993
2026-11-07 09:00:00,19.59416666666667,17.330942219530378
2026-11-07 10:00:00,19.15666666666667,17.67364134137896
2026-11-07 11:00:00,18.495,17.937830724845433
2026-11-07 12:00:00,17.73166666666667,17.872617279434813
2026-11-07 13:00:00,17.00166666666667,17.542850939104333
2026-11-07 14:00:00,16.649166666666666,18.34987719318234
2026-11-07 15:00:00,17.36,16.886648261468324
2026-11-07 16:00:00,18.1825,16.598921611221076
2026-11-07 17:00:00,18.745833333333334,16.110357740700714
2026-11-07 18:00:00,17.805833333333332,17.940356032575146
2026-11-07 19:00:00,18.819166666666668,17.833868951895905
2026-11-07 20:00:00,19.676666666666662,18.593584667314232
2026-11-07 21:00:00,20.1675,17.60083070010205
2026-11-07 22:00:00,20.246666666666663,18.80572887279153
2026-11-07 23:00:00,20.13833333333333,19.432895607225955
2026-11-08 00:00:00,19.429166666666667,19.90121109963544
2026-11-08 01:00:00,19.489166666666662,19.494645179066517
2026-11-08 02:00:00,19.6225,19.347656354081884
2026-11-08 03:00:00,19.688333333333333,18.88822756250304
2026-11-08 04:00:00,19.934166666666663,19.254198332502185
2026-11-08 05:00:00,20.12833333333333,18.023412696450524
2026-11-08 06:00:00,18.313333333333333,19.39326815079843
2026-11-08 07:00:00,18.936666666666667,18.77607292281692
2026-11-08 08:00:00,19.398333333333333,18.89864223859386
2026-11-08 09:00:00,19.59416666666667,17.326416631735718
2026-11-08 10:00:00,19.15666666666667,17.676910304983792
2026-11-08 11:00:00,18.495,17.94515805624492
2026-11-08 12:00:00,17.73166666666667,17.873813094957995
2026-11-08 13:00:00,17.00166666666667,17.559671380506018
2026-11-08 14:00:00,16.649166666666666,18.349031018493648
2026-11-08 15:00:00,17.36,16.89109610150414
2026-11-08 16:00:00,18.1825,16.590690861663088
2026-11-08 17:00:00,18.745833333333334,16.1073683843915
2026-11-08 18:00:00,17.805833333333332,17.93887525013156
2026-11-08 19:00:00,18.819166666666668,17.851984390324667
2026-11-08 20:00:00,19.676666666666662,18.585884879784018
2026-11-08 21:00:00,20.1675,17.600129413275255
2026-11-08 22:00:00,20.246666666666663,18.800268679086322
2026-11-08 23:00:00,20.13833333333333,19.42547421434533
2026-11-09 00:00:00,19.429166666666667,19.85748648050639
2026-11-09 01:00:00,19.489166666666662,19.418748373087087
2026-11-09 02:00:00,19.6225,19.256913443937123
2026-11-09 03:00:00,19.688333333333333,18.84914460080651
2026-11-09 04:00:00,19.934166666666663,19.203792478374965
2026-11-09 05:00:00,20.12833333333333,17.97094604463006
2026-11-09 06:00:00,18.313333333333333,19.332743036436213
2026-11-09 07:00:00,18.936666666666667,18.732844501591153
2026-11-09 08:00:00,19.398333333333333,18.905810406021978
2026-11-09 09:00:00,19.59416666666667,17.279350560190377
2026-11-09 10:00:00,19.15666666666667,17.71024269834293
2026-11-09 11:00:00,18.495,17.946914435984006
2026-11-09 12:00:00,17.73166666666667,17.864158062254447
2026-11-09 13:00:00,17.00166666666667,17.50579276130663
2026-11-09 14:00:00,16.649166666666666,18.36309334219787
2026-11-09 15:00:00,17.36,16.893189054636963
2026-11-09 16:00:00,18.1825,16.499818660182463
2026-11-09 17:00:00,18.745833333333334,15.933402298175052
2026-11-09 18:00:00,17.805833333333332,17.860965947462624
2026-11-09 19:00:00,18.819166666666668,17.70389410364571
2026-11-09 20:00:00,19.676666666666662,18.47293426265677
2026-11-09 21:00:00,20.1675,17.520195933436973
2026-11-09 22:00:00,20.246666666666663,18.747109010649684
2026-11-09 23:00:00,20.13833333333333,19.398615822667477
2026-11-10 00:00:00,19.429166666666667,19.84881088459336
2026-11-10 01:00:00,19.489166666666662,19.419702808208473
2026-11-10 02:00:00,19.6225,19.27025630650789
2026-11-10 03:00:00,19.688333333333333,18.855945622328548
2026-11-10 04:00:00,19.934166666666663,19.20907169929737
2026-11-10 05:00:00,20.12833333333333,17.96449349669558
2026-11-10 06:00:00,18.313333333333333,19.33516532306586
2026-11-10 07:00:00,18.936666666666667,18.714321439022253
2026-11-10 08:00:00,19.398333333333333,18.8978857791758
2026-11-10 09:00:00,19.59416666666667,17.269310586362977
2026-11-10 10:00:00,19.15666666666667,17.688454290096566
2026-11-10 11:00:00,18.495,17.944204376446596
2026-11-10 12:00:00,17.73166666666667,17.842056245549266
2026-11-10 13:00:00,17.00166666666667,17.48618879167625
2026-11-10 14:00:00,16.649166666666666,18.355137113308412
2026-11-10 15:00:00,17.36,16.87759581401834
2026-11-10 16:00:00,18.1825,16.531108766570746
2026-11-10 17:00:00,18.745833333333334,15.962363495704809
2026-11-10 18:00:00,17.805833333333332,17.8965509115679
2026-11-10 19:00:00,18.819166666666668,17.710623622160185
2026-11-10 20:00:00,19.676666666666662,18.534333190195298
2026-11-10 21:00:00,20.1675,17.560629214494316
2026-11-10 22:00:00,20.246666666666663,18.742607459372508
2026-11-10 23:00:00,20.13833333333333,19.38617242569103
2026-11-11 00:00:00,19.429166666666667,19.858532619243842
2026-11-11 01:00:00,19.489166666666662,19.420955194922517
2026-11-11 02:00:00,19.6225,19.287476321402444
2026-11-11 03:00:00,19.688333333333333,18.8720081906725
2026-11-11 04:00:00,19.934166666666663,19.230091097604014
2026-11-11 05:00:00,20.12833333333333,17.983886904439423
2026-11-11 06:00:00,18.313333333333333,19.334870938822313
2026-11-11 07:00:00,18.936666666666667,18.73890399763438
2026-11-11 08:00:00,19.398333333333333,18.905924584393745
2026-11-11 09:00:00,19.59416666666667,17.28040207395535
2026-11-11 10:00:00,19.15666666666667,17.67952049242637
2026-11-11 11:00:00,18.495,17.957927701676947
2026-11-11 12:00:00,17.73166666666667,17.85018325269506
2026-11-11 13:00:00,17.00166666666667,17.487789845803636
2026-11-11 14:00:00,16.649166666666666,18.340521005759815
2026-11-11 15:00:00,17.36,16.87490809672382
2026-11-11 16:00:00,18.1825,16.539114687513
2026-11-11 17:00:00,18.745833333333334,15.979968631514465
2026-11-11 18:00:00,17.805833333333332,17.897006730745268
2026-11-11 19:00:00,18.819166666666668,17.70569976196196
2026-11-11 20:00:00,19.676666666666662,18.5463278281738
2026-11-11 21:00:00,20.1675,17.5741469496658
2026-11-11 22:00:00,20.246666666666663,18.77059711315287
2026-11-11 23:00:00,20.13833333333333,19.38257083730034
2026-11-12 00:00:00,19.429166666666667,19.867094887962025
2026-11-12 01:00:00,19.489166666666662,19.427042778550025
2026-11-12 02:00:00,19.6225,19.304149597836275
2026-11-12 03:00:00,19.688333333333333,18.872825420487793
2026-11-12 04:00:00,19.934166666666663,19.23269421951727
2026-11-12 05:00:00,20.12833333333333,17.994004192646557
2026-11-12 06:00:00,18.313333333333333,19.34731743167685
2026-11-12 07:00:00,18.936666666666667,18.742451072067798
2026-11-12 08:00:00,19.398333333333333,18.910796863312946
2026-11-12 09:00:00,19.59416666666667,17.29239126318029
2026-11-12 10:00:00,19.15666666666667,17.682481202741286
2026-11-12 11:00:00,18.495,17.9592327340301
2026-11-12 12:00:00,17.73166666666667,17.852644011988097
2026-11-12 13:00:00,17.00166666666667,17.518307656489725
2026-11-12 14:00:00,16.649166666666666,18.337537059336217
2026-11-12 15:00:00,17.36,16.87173440791468
2026-11-12 16:00:00,18.1825,16.544878325937617
2026-11-12 17:00:00,18.745833333333334,15.979173676872021
2026-11-12 18:00:00,17.805833333333332,17.90052125384569
2026-11-12 19:00:00,18.819166666666668,17.72261798432666
2026-11-12 20:00:00,19.676666666666662,18.5747896623451
2026-11-12 21:00:00,20.1675,17.588719705600084
2026-11-12 22:00:00,20.246666666666663,18.775759559096407
2026-11-12 23:00:00,20.13833333333333,19.386097784554085
2026-11-13 00:00:00,19.429166666666667,19.853535514464312
2026-11-13 01:00:00,19.489166666666662,19.417100892889458
2026-11-13 02:00:00,19.6225,19.2966218825288
2026-11-13 03:00:00,19.688333333333333,18.863574478810357
2026-11-13 04:00:00,19.934166666666663,19.224103093855696
2026-11-13 05:00:00,20.12833333333333,17.983277231879434
2026-11-13 06:00:00,18.313333333333333,19.347368342071167
2026-11-13 07:00:00,18.936666666666667,18.728562406833003
2026-11-13 08:00:00,19.398333333333333,18.900631773277297
2026-11-13 09:00:00,19.59416666666667,17.278490412203887
2026-11-13 10:00:00,19.15666666666667,17.653073137937064
2026-11-13 11:00:00,18.495,17.93382741764227
2026-11-13 12:00:00,17.73166666666667,17.8327187257644
2026-11-13 13:00:00,17.00166666666667,17.507138318822506
2026-11-13 14:00:00,16.649166666666666,18.316564358134777
2026-11-13 15:00:00,17.36,16.85460339492466
2026-11-13 16:00:00,18.1825,16.541984763171847
2026-11-13 17:00:00,18.745833333333334,15.985759688047716
2026-11-13 18:00:00,17.805833333333332,17.915636607255536
2026-11-13 19:00:00,18.819166666666668,17.754378981054955
2026-11-13 20:00:00,19.676666666666662,18.578981191662987
2026-11-13 21:00:00,20.1675,17.588639981033417
2026-11-13 22:00:00,20.246666666666663,18.7650534818407
2026-11-13 23:00:00,20.13833333333333,19.375231419034584
2026-11-14 00:00:00,19.429166666666667,19.870547625332883
2026-11-14 01:00:00,19.489166666666662,19.462621638462064
2026-11-14 02:00:00,19.6225,19.333083428139176
2026-11-14 03:00:00,19.688333333333333,18.87901290305557
2026-11-14 04:00:00,19.934166666666663,19.247582968864933
2026-11-14 05:00:00,20.12833333333333,18.01477912724512
2026-11-14 06:00:00,18.313333333333333,19.382731098106976
2026-11-14 07:00:00,18.936666666666667,18.770602706361757
2026-11-14 08:00:00,19.398333333333333,18.923689235273415
2026-11-14 09:00:00,19.59416666666667,17.32005792217808
2026-11-14 10:00:00,19.15666666666667,17.651162999613874
2026-11-14 11:00:00,18.495,17.96296450713117
2026-11-14 12:00:00,17.73166666666667,17.879217264684648
2026-11-14 13:00:00,17.00166666666667,17.58512142350454
2026-11-14 14:00:00,16.649166666666666,18.35550491477783
2026-11-14 15:00:00,17.36,16.888531399282808
2026-11-14 16:00:00,18.1825,16.59164058563158
2026-11-14 17:00:00,18.745833333333334,16.141336158291168
2026-11-14 18:00:00,17.805833333333332,17.978964070533976
2026-11-14 19:00:00,18.819166666666668,17.831823326116037
2026-11-14 20:00:00,19.676666666666662,18.622981482366928
2026-11-14 21:00:00,20.1675,17.614231685221917
2026-11-14 22:00:00,20.246666666666663,18.794895421080582
2026-11-14 23:00:00,20.13833333333333,19.39256463877407
2026-11-15 00:00:00,19.429166666666667,19.8788115759234
2026-11-15 01:00:00,19.489166666666662,19.471587085447837
2026-11-15 02:00:00,19.6225,19.332543571521192
2026-11-15 03:00:00,19.688333333333333,18.87902258804887
2026-11-15 04:00:00,19.934166666666663,19.249819436012437
2026-11-15 05:00:00,20.12833333333333,18.013540193838445
2026-11-15 06:00:00,18.313333333333333,19.38965359502273
2026-11-15 07:00:00,18.936666666666667,18.777253633004843
2026-11-15 08:00:00,19.398333333333333,18.917611647665943
2026-11-15 09:00:00,19.59416666666667,17.316965868934716
2026-11-15 10:00:00,19.15666666666667,17.65154027799622
2026-11-15 11:00:00,18.495,17.965338732280735
2026-11-15 12:00:00,17.73166666666667,17.881380909547595
2026-11-15 13:00:00,17.00166666666667,17.59108942365143
2026-11-15 14:00:00,16.649166666666666,18.343485540473534
2026-11-15 15:00:00,17.36,16.88333265046046
2026-11-15 16:00:00,18.1825,16.559953196681597
2026-11-15 17:00:00,18.745833333333334,16.12160954980809
2026-11-15 18:00:00,17.805833333333332,17.98077345906674
2026-11-15 19:00:00,18.819166666666668,17.852058808751522
2026-11-15 20:00:00,19.676666666666662,18.627184242181848
2026-11-15 21:00:00,20.1675,17.627926584138592
2026-11-15 22:00:00,20.246666666666663,18.800434312822134
2026-11-15 23:00:00,20.13833333333333,19.398868530279678
2026-11-16 00:00:00,19.429166666666667,19.85064401665067
2026-11-16 01:00:00,19.489166666666662,19.40049393252385
2026-11-16 02:00:00,19.6225,19.25728364973567
2026-11-16 03:00:00,19.688333333333333,18.85929564210373
2026-11-16 04:00:00,19.934166666666663,19.20922750887468
2026-11-16 05:00:00,20.12833333333333,17.971132402208916
2026-11-16 06:00:00,18.313333333333333,19.33529309839161
2026-11-16 07:00:00,18.936666666666667,18.73232871082989
2026-11-16 08:00:00,19.398333333333333,18.929779939182204
2026-11-16 09:00:00,19.59416666666667,17.279431813598375
2026-11-16 10:00:00,19.15666666666667,17.692329104305195
2026-11-16 11:00:00,18.495,17.979268307830377
2026-11-16 12:00:00,17.73166666666667,17.889645382283874
2026-11-16 13:00:00,17.00166666666667,17.5468166515827
2026-11-16 14:00:00,16.649166666666666,18.364664713446643
2026-11-16 15:00:00,17.36,16.886242828533877
2026-11-16 16:00:00,18.1825,16.470636781002625
2026-11-16 17:00:00,18.745833333333334,15.950569984375177
2026-11-16 18:00:00,17.805833333333332,17.897470525373773
2026-11-16 19:00:00,18.819166666666668,17.704380176934997
2026-11-16 20:00:00,19.676666666666662,18.50826648483298
2026-11-16 21:00:00,20.1675,17.55817883108615
2026-11-16 22:00:00,20.246666666666663,18.743761289253086
2026-11-16 23:00:00,20.13833333333333,19.38995011650559
2026-11-17 00:00:00,19.429166666666667,19.857069372818984
2026-11-17 01:00:00,19.489166666666662,19.410968574990086
2026-11-17 02:00:00,19.6225,19.275951998003052
2026-11-17 03:00:00,19.688333333333333,18.87381754068508
2026-11-17 04:00:00,19.934166666666663,19.221188006097684
2026-11-17 05:00:00,20.12833333333333,17.969227196346495
2026-11-17 06:00:00,18.313333333333333,19.336026393888925
2026-11-17 07:00:00,18.936666666666667,18.70569272818699
2026-11-17 08:00:00,19.398333333333333,18.91905939106501
2026-11-17 09:00:00,19.59416666666667,17.26491210912138
2026-11-17 10:00:00,19.15666666666667,17.682845485181165
2026-11-17 11:00:00,18.495,17.9811658984665
2026-11-17 12:00:00,17.73166666666667,17.86566544138343
2026-11-17 13:00:00,17.00166666666667,17.522504278419007
2026-11-17 14:00:00,16.649166666666666,18.353532379206555
2026-11-17 15:00:00,17.36,16.868359372293533
2026-11-17 16:00:00,18.1825,16.504754741319772
2026-11-17 17:00:00,18.745833333333334,15.975350647672368
2026-11-17 18:00:00,17.805833333333332,17.91878258097144
2026-11-17 19:00:00,18.819166666666668,17.719229267527076
2026-11-17 20:00:00,19.676666666666662,18.567164686567512
2026-11-17 21:00:00,20.1675,17.602762183792326
2026-11-17 22:00:00,20.246666666666663,18.743064031499898
2026-11-17 23:00:00,20.13833333333333,19.388713069411388
2026-11-18 00:00:00,19.429166666666667,19.86575696417638
2026-11-18 01:00:00,19.489166666666662,19.40929285882174
2026-11-18 02:00:00,19.6225,19.28419375881036
2026-11-18 03:00:00,19.688333333333333,18.880856641729125
2026-11-18 04:00:00,19.934166666666663,19.23042639711477
2026-11-18 05:00:00,20.12833333333333,17.981075801804902
2026-11-18 06:00:00,18.313333333333333,19.335970169095432
2026-11-18 07:00:00,18.936666666666667,18.724750240119707
2026-11-18 08:00:00,19.398333333333333,18.920826197036543
2026-11-18 09:00:00,19.59416666666667,17.274341339322255
2026-11-18 10:00:00,19.15666666666667,17.671229356046688
2026-11-18 11:00:00,18.495,17.98948325952435
2026-11-18 12:00:00,17.73166666666667,17.8624029249161
2026-11-18 13:00:00,17.00166666666667,17.51314810631933
2026-11-18 14:00:00,16.649166666666666,18.335667980177902
2026-11-18 15:00:00,17.36,16.85842976367467
2026-11-18 16:00:00,18.1825,16.5091309070667
2026-11-18 17:00:00,18.745833333333334,15.987792634512786
2026-11-18 18:00:00,17.805833333333332,17.898602594505356
2026-11-18 19:00:00,18.819166666666668,17.715208089234817
2026-11-18 20:00:00,19.676666666666662,18.5721536245714
2026-11-18 21:00:00,20.1675,17.611518928774608
2026-11-18 22:00:00,20.246666666666663,18.763143733176292
2026-11-18 23:00:00,20.13833333333333,19.38271563177485
2026-11-19 00:00:00,19.429166666666667,19.87811264737818
2026-11-19 01:00:00,19.489166666666662,19.413578982057366
2026-11-19 02:00:00,19.6225,19.301015596157477
2026-11-19 03:00:00,19.688333333333333,18.88237542820313
2026-11-19 04:00:00,19.934166666666663,19.2335041331673
2026-11-19 05:00:00,20.12833333333333,17.993629745553175
2026-11-19 06:00:00,18.313333333333333,19.35183112617335
2026-11-19 07:00:00,18.936666666666667,18.72713247519994
2026-11-19 08:00:00,19.398333333333333,18.92562796263711
2026-11-19 09:00:00,19.59416666666667,17.2914848914613
2026-11-19 10:00:00,19.15666666666667,17.67783225758511
2026-11-19 11:00:00,18.495,17.996319649671193
2026-11-19 12:00:00,17.73166666666667,17.86034749279824
2026-11-19 13:00:00,17.00166666666667,17.526389658505277
2026-11-19 14:00:00,16.649166666666666,18.329900562134874
2026-11-19 15:00:00,17.36,16.85041330187267
2026-11-19 16:00:00,18.1825,16.518521372308648
2026-11-19 17:00:00,18.745833333333334,15.996276909797196
2026-11-19 18:00:00,17.805833333333332,17.89578580975687
2026-11-19 19:00:00,18.819166666666668,17.727719333007535
2026-11-19 20:00:00,19.676666666666662,18.58363044185315
2026-11-19 21:00:00,20.1675,17.616211433051422
2026-11-19 22:00:00,20.246666666666663,18.762438360121315
2026-11-19 23:00:00,20.13833333333333,19.396657752176143
2026-11-20 00:00:00,19.429166666666667,19.877422571367987
2026-11-20 01:00:00,19.489166666666662,19.418261391856127
2026-11-20 02:00:00,19.6225,19.311253888585867
2026-11-20 03:00:00,19.688333333333333,18.889752009255773
2026-11-20 04:00:00,19.934166666666663,19.241863283694194
2026-11-20 05:00:00,20.12833333333333,17.99729793157014
2026-11-20 06:00:00,18.313333333333333,19.36539988572205
2026-11-20 07:00:00,18.936666666666667,18.725311177787873
2026-11-20 08:00:00,19.398333333333333,18.93213053474968
2026-11-20 09:00:00,19.59416666666667,17.295497413036603
2026-11-20 10:00:00,19.15666666666667,17.67020243578584
2026-11-20 11:00:00,18.495,17.99124570751278
2026-11-20 12:00:00,17.73166666666667,17.85942802370983
2026-11-20 13:00:00,17.00166666666667,17.533130911833627
2026-11-20 14:00:00,16.649166666666666,18.345927895001026
2026-11-20 15:00:00,17.36,16.87661270292329
2026-11-20 16:00:00,18.1825,16.534682470181828
2026-11-20 17:00:00,18.745833333333334,16.00417066829595
2026-11-20 18:00:00,17.805833333333332,17.913590448091384
2026-11-20 19:00:00,18.819166666666668,17.764923247537688
2026-11-20 20:00:00,19.676666666666662,18.608245098053185
2026-11-20 21:00:00,20.1675,17.631148252112915
2026-11-20 22:00:00,20.246666666666663,18.768078462718755
2026-11-20 23:00:00,20.13833333333333,19.398780993325254
2026-11-21 00:00:00,19.429166666666667,19.89523452979072
2026-11-21 01:00:00,19.489166666666662,19.46944522174703
2026-11-21 02:00:00,19.6225,19.34631043994671
2026-11-21 03:00:00,19.688333333333333,18.906010304610597
2026-11-21 04:00:00,19.934166666666663,19.26792199368127
2026-11-21 05:00:00,20.12833333333333,18.028463420689107
2026-11-21 06:00:00,18.313333333333333,19.406320702546925
2026-11-21 07:00:00,18.936666666666667,18.76716151120067
2026-11-21 08:00:00,19.398333333333333,18.95801258796034
2026-11-21 09:00:00,19.59416666666667,17.33664769325968
2026-11-21 10:00:00,19.15666666666667,17.675004584694303
2026-11-21 11:00:00,18.495,18.007157324755767
2026-11-21 12:00:00,17.73166666666667,17.879855007349395
2026-11-21 13:00:00,17.00166666666667,17.587144098715044
2026-11-21 14:00:00,16.649166666666666,18.380292388777907
2026-11-21 15:00:00,17.36,16.902097558489547
2026-11-21 16:00:00,18.1825,16.5839617718158
2026-11-21 17:00:00,18.745833333333334,16.152071133076607
2026-11-21 18:00:00,17.805833333333332,17.969705094976803
2026-11-21 19:00:00,18.819166666666668,17.8382281054231
2026-11-21 20:00:00,19.676666666666662,18.639240325025717
2026-11-21 21:00:00,20.1675,17.655445296136307
2026-11-21 22:00:00,20.246666666666663,18.804229378492124
2026-11-21 23:00:00,20.13833333333333,19.421239388923144
2026-11-22 00:00:00,19.429166666666667,19.888596360192572
2026-11-22 01:00:00,19.489166666666662,19.4631596594306
2026-11-22 02:00:00,19.6225,19.32605234133399
2026-11-22 03:00:00,19.688333333333333,18.890418256153765
2026-11-22 04:00:00,19.934166666666663,19.254140158078883
2026-11-22 05:00:00,20.12833333333333,18.011291581238993
2026-11-22 06:00:00,18.313333333333333,19.403353902288707
2026-11-22 07:00:00,18.936666666666667,18.760569231540565
2026-11-22 08:00:00,19.398333333333333,18.96347171027208
2026-11-22 09:00:00,19.59416666666667,17.348721272684674
2026-11-22 10:00:00,19.15666666666667,17.65939128850747
2026-11-22 11:00:00,18.495,17.99167914518255
2026-11-22 12:00:00,17.73166666666667,17.896123023080637
2026-11-22 13:00:00,17.00166666666667,17.614339302880268
2026-11-22 14:00:00,16.649166666666666,18.39068558807437
2026-11-22 15:00:00,17.36,16.923980217956593
2026-11-22 16:00:00,18.1825,16.574101942591632
2026-11-22 17:00:00,18.745833333333334,16.15853887555042
2026-11-22 18:00:00,17.805833333333332,17.980757626220928
2026-11-22 19:00:00,18.819166666666668,17.871228708485702
2026-11-22 20:00:00,19.676666666666662,18.652205983876755
2026-11-22 21:00:00,20.1675,17.676869562438405
2026-11-22 22:00:00,20.246666666666663,18.809546412601662
2026-11-22 23:00:00,20.13833333333333,19.409247298320075
2026-11-23 00:00:00,19.429166666666667,19.856504894246683
2026-11-23 01:00:00,19.489166666666662,19.39023881485066
2026-11-23 02:00:00,19.6225,19.246383306183617
2026-11-23 03:00:00,19.688333333333333,18.85531981830461
2026-11-23 04:00:00,19.934166666666663,19.202146137113736
2026-11-23 05:00:00,20.12833333333333,17.957545930028324
2026-11-23 06:00:00,18.313333333333333,19.333904000337995
2026-11-23 07:00:00,18.936666666666667,18.705348442816295
2026-11-23 08:00:00,19.398333333333333,18.964668419369033
2026-11-23 09:00:00,19.59416666666667,17.316778355700457
2026-11-23 10:00:00,19.15666666666667,17.70361869459252
2026-11-23 11:00:00,18.495,17.9936804430845
2026-11-23 12:00:00,17.73166666666667,17.907353398524098
2026-11-23 13:00:00,17.00166666666667,17.56105919916192
2026-11-23 14:00:00,16.649166666666666,18.37337076819913
2026-11-23 15:00:00,17.36,16.916209837583384
2026-11-23 16:00:00,18.1825,16.478967321452252
2026-11-23 17:00:00,18.745833333333334,15.993194153245781
2026-11-23 18:00:00,17.805833333333332,17.88839341856715
2026-11-23 19:00:00,18.819166666666668,17.727657822074924
2026-11-23 20:00:00,19.676666666666662,18.521865956638187
2026-11-23 21:00:00,20.1675,17.597457415281255
2026-11-23 22:00:00,20.246666666666663,18.748941954964486
2026-11-23 23:00:00,20.13833333333333,19.39418132679417
2026-11-24 00:00:00,19.429166666666667,19.86351236171471
2026-11-24 01:00:00,19.489166666666662,19.403562364623106
2026-11-24 02:00:00,19.6225,19.267545927306504
2026-11-24 03:00:00,19.688333333333333,18.868834996403628
2026-11-24 04:00:00,19.934166666666663,19.215674335959037
2026-11-24 05:00:00,20.12833333333333,17.955872331441558
2026-11-24 06:00:00,18.313333333333333,19.327620755086578
2026-11-24 07:00:00,18.936666666666667,18.69120868189306
2026-11-24 08:00:00,19.398333333333333,18.954320278662856
2026-11-24 09:00:00,19.59416666666667,17.312124121124857
2026-11-24 10:00:00,19.15666666666667,17.705397834112617
2026-11-24 11:00:00,18.495,18.009975293259252
2026-11-24 12:00:00,17.73166666666667,17.899092886772266
2026-11-24 13:00:00,17.00166666666667,17.524009004749374
2026-11-24 14:00:00,16.649166666666666,18.39046953227187
2026-11-24 15:00:00,17.36,16.901709221606566
2026-11-24 16:00:00,18.1825,16.51173701059831
2026-11-24 17:00:00,18.745833333333334,16.030032976110526
2026-11-24 18:00:00,17.805833333333332,17.909432012768143
2026-11-24 19:00:00,18.819166666666668,17.737641268446943
2026-11-24 20:00:00,19.676666666666662,18.578497201203565
2026-11-24 21:00:00,20.1675,17.642501253243555
2026-11-24 22:00:00,20.246666666666663,18.747499596070043
2026-11-24 23:00:00,20.13833333333333,19.393564019577173
2026-11-25 00:00:00,19.429166666666667,19.87010694548134
2026-11-25 01:00:00,19.489166666666662,19.397374793430423
2026-11-25 02:00:00,19.6225,19.264179959674145
2026-11-25 03:00:00,19.688333333333333,18.866931632232564
2026-11-25 04:00:00,19.934166666666663,19.218093277442286
2026-11-25 05:00:00,20.12833333333333,17.95412616805378
2026-11-25 06:00:00,18.313333333333333,19.31380254769921
2026-11-25 07:00:00,18.936666666666667,18.70637495880998
2026-11-25 08:00:00,19.398333333333333,18.95928827722627
2026-11-25 09:00:00,19.59416666666667,17.322295285059667
2026-11-25 10:00:00,19.15666666666667,17.698922869680835
2026-11-25 11:00:00,18.495,18.019768629525476
2026-11-25 12:00:00,17.73166666666667,17.913815881465347
2026-11-25 13:00:00,17.00166666666667,17.514099083304167
2026-11-25 14:00:00,16.649166666666666,18.385549599564534
2026-11-25 15:00:00,17.36,16.898286695115708
2026-11-25 16:00:00,18.1825,16.53446661618021
2026-11-25 17:00:00,18.745833333333334,16.069418307387995
2026-11-25 18:00:00,17.805833333333332,17.921171242220908
2026-11-25 19:00:00,18.819166666666668,17.734918831872974
2026-11-25 20:00:00,19.676666666666662,18.59302211888935
2026-11-25 21:00:00,20.1675,17.653159718053747
2026-11-25 22:00:00,20.246666666666663,18.766279062203836
2026-11-25 23:00:00,20.13833333333333,19.39206287331413
2026-11-26 00:00:00,19.429166666666667,19.854516234625795
2026-11-26 01:00:00,19.489166666666662,19.386058920338527
2026-11-26 02:00:00,19.6225,19.2676022021547
2026-11-26 03:00:00,19.688333333333333,18.876960895043496
2026-11-26 04:00:00,19.934166666666663,19.228940678629343
2026-11-26 05:00:00,20.12833333333333,17.950271323441573
2026-11-26 06:00:00,18.313333333333333,19.309036599780065
2026-11-26 07:00:00,18.936666666666667,18.68809979179185
2026-11-26 08:00:00,19.398333333333333,18.951857961271557
2026-11-26 09:00:00,19.59416666666667,17.3262117130225
2026-11-26 10:00:00,19.15666666666667,17.709755387584032
2026-11-26 11:00:00,18.495,18.030541274955276
2026-11-26 12:00:00,17.73166666666667,17.898286445467402
2026-11-26 13:00:00,17.00166666666667,17.509486889188132
2026-11-26 14:00:00,16.649166666666666,18.377857718341104
2026-11-26 15:00:00,17.36,16.897922900680882
2026-11-26 16:00:00,18.1825,16.528957024199467
2026-11-26 17:00:00,18.745833333333334,16.061448805674488
2026-11-26 18:00:00,17.805833333333332,17.91847473379262
2026-11-26 19:00:00,18.819166666666668,17.71731388709373
2026-11-26 20:00:00,19.676666666666662,18.60386721562039
2026-11-26 21:00:00,20.1675,17.653538847431115
2026-11-26 22:00:00,20.246666666666663,18.762813357850092
2026-11-26 23:00:00,20.13833333333333,19.386871089101753
2026-11-27 00:00:00,19.429166666666667,19.85993993477347
2026-11-27 01:00:00,19.489166666666662,19.395265099521005
2026-11-27 02:00:00,19.6225,19.28024173903743
2026-11-27 03:00:00,19.688333333333333,18.880874154915716
2026-11-27 04:00:00,19.934166666666663,19.237058312934117
2026-11-27 05:00:00,20.12833333333333,17.955185663810163
2026-11-27 06:00:00,18.313333333333333,19.313582111990197
2026-11-27 07:00:00,18.936666666666667,18.694222353144628
2026-11-27 08:00:00,19.398333333333333,18.948164571055358
2026-11-27 09:00:00,19.59416666666667,17.33236840599773
2026-11-27 10:00:00,19.15666666666667,17.695590000922806
2026-11-27 11:00:00,18.495,18.018742362419314
2026-11-27 12:00:00,17.73166666666667,17.899331708876723
2026-11-27 13:00:00,17.00166666666667,17.513632272072144
2026-11-27 14:00:00,16.649166666666666,18.368713189693445
2026-11-27 15:00:00,17.36,16.923678456904902
2026-11-27 16:00:00,18.1825,16.546294824430056
2026-11-27 17:00:00,18.745833333333334,16.0705027371096
2026-11-27 18:00:00,17.805833333333332,17.926970220125256
2026-11-27 19:00:00,18.819166666666668,17.744293649491613
2026-11-27 20:00:00,19.676666666666662,18.611544644396744
2026-11-27 21:00:00,20.1675,17.66471933212319
2026-11-27 22:00:00,20.246666666666663,18.76778339502158
2026-11-27 23:00:00,20.13833333333333,19.395420174808237
2026-11-28 00:00:00,19.429166666666667,19.848490747884988
2026-11-28 01:00:00,19.489166666666662,19.441180877309122
2026-11-28 02:00:00,19.6225,19.320086511957385
2026-11-28 03:00:00,19.688333333333333,18.89793416465679
2026-11-28 04:00:00,19.934166666666663,19.263186877118926
2026-11-28 05:00:00,20.12833333333333,17.989882488207286
2026-11-28 06:00:00,18.313333333333333,19.350239315866794
2026-11-28 07:00:00,18.936666666666667,18.740099345979747
2026-11-28 08:00:00,19.398333333333333,18.984859764301476
2026-11-28 09:00:00,19.59416666666667,17.390730382254873
2026-11-28 10:00:00,19.15666666666667,17.705780257824046
2026-11-28 11:00:00,18.495,18.041366892688202
2026-11-28 12:00:00,17.73166666666667,17.936858761185206
2026-11-28 13:00:00,17.00166666666667,17.589279721261057
2026-11-28 14:00:00,16.649166666666666,18.413174691330216
2026-11-28 15:00:00,17.36,16.953444546783274
2026-11-28 16:00:00,18.1825,16.591237665921994
2026-11-28 17:00:00,18.745833333333334,16.2097924713674
2026-11-28 18:00:00,17.805833333333332,17.985037493684644
2026-11-28 19:00:00,18.819166666666668,17.817350072301288
2026-11-28 20:00:00,19.676666666666662,18.64726988938568
2026-11-28 21:00:00,20.1675,17.692628076955017
2026-11-28 22:00:00,20.246666666666663,18.821733621524945
2026-11-28 23:00:00,20.13833333333333,19.41482444900045
2026-11-29 00:00:00,19.429166666666667,19.854870537633957
2026-11-29 01:00:00,19.489166666666662,19.449151675460165
2026-11-29 02:00:00,19.6225,19.325408287673532
2026-11-29 03:00:00,19.688333333333333,18.908614415327722
2026-11-29 04:00:00,19.934166666666663,19.268563792604013
2026-11-29 05:00:00,20.12833333333333,17.98502023571239
2026-11-29 06:00:00,18.313333333333333,19.369125326201647
2026-11-29 07:00:00,18.936666666666667,18.75631051011004
2026-11-29 08:00:00,19.398333333333333,18.986216510753884
2026-11-29 09:00:00,19.59416666666667,17.392033049189763
2026-11-29 10:00:00,19.15666666666667,17.715172013756096
2026-11-29 11:00:00,18.495,18.05636720268472
2026-11-29 12:00:00,17.73166666666667,17.959203290535
2026-11-29 13:00:00,17.00166666666667,17.618756566114307
2026-11-29 14:00:00,16.649166666666666,18.415477156558094
2026-11-29 15:00:00,17.36,16.921927896948038
2026-11-29 16:00:00,18.1825,16.54823162056386
2026-11-29 17:00:00,18.745833333333334,16.16778153712341
2026-11-29 18:00:00,17.805833333333332,17.980868057336924
2026-11-29 19:00:00,18.819166666666668,17.811510240062518
2026-11-29 20:00:00,19.676666666666662,18.62947825977382
2026-11-29 21:00:00,20.1675,17.691179291410926
2026-11-29 22:00:00,20.246666666666663,18.826566885944104
2026-11-29 23:00:00,20.13833333333333,19.422664750818853
2026-11-30 00:00:00,19.429166666666667,19.80307779945933
2026-11-30 01:00:00,19.489166666666662,19.35895855385818
2026-11-30 02:00:00,19.6225,19.233677425559726
2026-11-30 03:00:00,19.688333333333333,18.860931748930938
2026-11-30 04:00:00,19.934166666666663,19.205269784565637
2026-11-30 05:00:00,20.12833333333333,17.920447100214375
2026-11-30 06:00:00,18.313333333333333,19.28214828573688
2026-11-30 07:00:00,18.936666666666667,18.687667476570937
2026-11-30 08:00:00,19.398333333333333,18.970813559342993
2026-11-30 09:00:00,19.59416666666667,17.350498792719847
2026-11-30 10:00:00,19.15666666666667,17.734345229690007
2026-11-30 11:00:00,18.495,18.032679143353903
2026-11-30 12:00:00,17.73166666666667,17.95342709237007
2026-11-30 13:00:00,17.00166666666667,17.5590280686272
2026-11-30 14:00:00,16.649166666666666,18.373558353783423
2026-11-30 15:00:00,17.36,16.846509885257632
2026-11-30 16:00:00,18.1825,16.404569765610006
2026-11-30 17:00:00,18.745833333333334,15.962338803223716
2026-11-30 18:00:00,17.805833333333332,17.823821711114455
2026-11-30 19:00:00,18.819166666666668,17.600267763124773
2026-11-30 20:00:00,19.676666666666662,18.473070927473415
2026-11-30 21:00:00,20.1675,17.583042568098932
2026-11-30 22:00:00,20.246666666666663,18.748521965864374
2026-11-30 23:00:00,20.13833333333333,19.376062299767153
2026-12-01 00:00:00,19.288709677419355,19.882310752080258
2026-12-01 01:00:00,19.26532258064516,19.168040592593165
2026-12-01 02:00:00,19.25564516129032,18.945747482216582
2026-12-01 03:00:00,19.240322580645163,18.171642463804446
2026-12-01 04:00:00,19.25887096774193,18.352403078506114
2026-12-01 05:00:00,19.541935483870965,16.63925564652474
2026-12-01 06:00:00,18.037096774193547,18.28392079098478
2026-12-01 07:00:00,18.93790322580645,18.164803016046534
2026-12-01 08:00:00,19.77016129032258,18.96516172125994
2026-12-01 09:00:00,20.671774193548387,17.730314700986657
2026-12-01 10:00:00,20.53306451612903,19.01212053624836
2026-12-01 11:00:00,20.13629032258065,19.03130195602514
2026-12-01 12:00:00,19.585483870967742,20.19846388179566
2026-12-01 13:00:00,19.233870967741936,20.49299681862839
2026-12-01 14:00:00,19.0,19.725395542285362
2026-12-01 15:00:00,18.99758064516129,18.761691674911518
2026-12-01 16:00:00,19.36935483870968,18.998362956855154
2026-12-01 17:00:00,19.91935483870968,18.919709684944205
2026-12-01 18:00:00,18.786290322580644,18.58732990678401
2026-12-01 19:00:00,19.36209677419355,19.25529274729304
2026-12-01 20:00:00,19.89516129032258,18.819660856707404
2026-12-01 21:00:00,19.97903225806452,18.143187740238368
2026-12-01 22:00:00,19.576612903225808,19.39015741405811
2026-12-01 23:00:00,19.506451612903227,19.459805386937
2026-12-02 00:00:00,19.288709677419355,19.302519308988387
2026-12-02 01:00:00,19.26532258064516,18.524622364328856
2026-12-02 02:00:00,19.25564516129032,18.213779273886445
2026-12-02 03:00:00,19.240322580645163,18.189576130267426
2026-12-02 04:00:00,19.25887096774193,18.38792569904042
2026-12-02 05:00:00,19.541935483870965,16.62097134320681
2026-12-02 06:00:00,18.037096774193547,18.29270982587238
2026-12-02 07:00:00,18.93790322580645,18.176079424602754
2026-12-02 08:00:00,19.77016129032258,18.99620653253673
2026-12-02 09:00:00,20.671774193548387,17.73647923847341
2026-12-02 10:00:00,20.53306451612903,19.028661049150806
2026-12-02 11:00:00,20.13629032258065,19.015292822950066
2026-12-02 12:00:00,19.585483870967742,20.187413278140816
2026-12-02 13:00:00,19.233870967741936,20.467652591976197
2026-12-02 14:00:00,19.0,19.716833716249084
2026-12-02 15:00:00,18.99758064516129,18.776837555022176
2026-12-02 16:00:00,19.36935483870968,19.017642800990664
2026-12-02 17:00:00,19.91935483870968,18.924194125359417
2026-12-02 18:00:00,18.786290322580644,18.591068928804802
2026-12-02 19:00:00,19.36209677419355,19.27271488262675
2026-12-02 20:00:00,19.89516129032258,18.850594337478842
2026-12-02 21:00:00,19.97903225806452,18.14963565680369
2026-12-02 22:00:00,19.576612903225808,19.340289042068697
2026-12-02 23:00:00,19.506451612903227,19.421687366967383
2026-12-03 00:00:00,19.288709677419355,19.318929362448515
2026-12-03 01:00:00,19.26532258064516,18.506753739648083
2026-12-03 02:00:00,19.25564516129032,18.207824783521687
2026-12-03 03:00:00,19.240322580645163,18.180530584117406
2026-12-03 04:00:00,19.25887096774193,18.37853194558822
2026-12-03 05:00:00,19.541935483870965,16.61279166989108
2026-12-03 06:00:00,18.037096774193547,18.277848525973486
2026-12-03 07:00:00,18.93790322580645,18.13703114443257
2026-12-03 08:00:00,19.77016129032258,18.997384084509747
2026-12-03 09:00:00,20.671774193548387,17.714797643746245
2026-12-03 10:00:00,20.53306451612903,19.006014610266284
2026-12-03 11:00:00,20.13629032258065,18.990732464546998
2026-12-03 12:00:00,19.585483870967742,20.153803607825317
2026-12-03 13:00:00,19.233870967741936,20.45321395269932
2026-12-03 14:00:00,19.0,19.722231370717626
2026-12-03 15:00:00,18.99758064516129,18.752924158476297
2026-12-03 16:00:00,19.36935483870968,18.995585590935747
2026-12-03 17:00:00,19.91935483870968,18.935311838048875
2026-12-03 18:00:00,18.786290322580644,18.59477642934855
2026-12-03 19:00:00,19.36209677419355,19.23940739836
2026-12-03 20:00:00,19.89516129032258,18.849541660658257
2026-12-03 21:00:00,19.97903225806452,18.148801528329187
2026-12-03 22:00:00,19.576612903225808,19.327722152508834
2026-12-03 23:00:00,19.506451612903227,19.426359817849224
2026-12-04 00:00:00,19.288709677419355,19.31913808967669
2026-12-04 01:00:00,19.26532258064516,18.509929249873018
2026-12-04 02:00:00,19.25564516129032,18.183614472098967
2026-12-04 03:00:00,19.240322580645163,18.161724134880565
2026-12-04 04:00:00,19.25887096774193,18.344644826046206
2026-12-04 05:00:00,19.541935483870965,16.604216375643897
2026-12-04 06:00:00,18.037096774193547,18.26218572208692
2026-12-04 07:00:00,18.93790322580645,18.115040452368035
2026-12-04 08:00:00,19.77016129032258,18.98542268074376
2026-12-04 09:00:00,20.671774193548387,17.702610401782106
2026-12-04 10:00:00,20.53306451612903,19.002736395202163
2026-12-04 11:00:00,20.13629032258065,18.973791916153743
2026-12-04 12:00:00,19.585483870967742,20.151272083128127
2026-12-04 13:00:00,19.233870967741936,20.42295011063528
2026-12-04 14:00:00,19.0,19.718419776095914
2026-12-04 15:00:00,18.99758064516129,18.77686469372508
2026-12-04 16:00:00,19.36935483870968,19.027736164469168
2026-12-04 17:00:00,19.91935483870968,18.95910383962218
2026-12-04 18:00:00,18.786290322580644,18.625842535185434
2026-12-04 19:00:00,19.36209677419355,19.263713352864738
2026-12-04 20:00:00,19.89516129032258,18.89115753790432
2026-12-04 21:00:00,19.97903225806452,18.145673335492738
2026-12-04 22:00:00,19.576612903225808,19.333077490263072
2026-12-04 23:00:00,19.506451612903227,19.433773941741073
2026-12-05 00:00:00,19.288709677419355,19.373283240715768
2026-12-05 01:00:00,19.26532258064516,18.512823709258562
2026-12-05 02:00:00,19.25564516129032,18.176549974501587
2026-12-05 03:00:00,19.240322580645163,18.157429247771006
2026-12-05 04:00:00,19.25887096774193,18.351992680888657
2026-12-05 05:00:00,19.541935483870965,16.597901016846443
2026-12-05 06:00:00,18.037096774193547,18.23443792541539
2026-12-05 07:00:00,18.93790322580645,18.158038512535462
2026-12-05 08:00:00,19.77016129032258,19.019110139312247
2026-12-05 09:00:00,20.671774193548387,17.747545390212764
2026-12-05 10:00:00,20.53306451612903,19.021677881641466
2026-12-05 11:00:00,20.13629032258065,18.968647455073874
2026-12-05 12:00:00,19.585483870967742,20.14675278722783
2026-12-05 13:00:00,19.233870967741936,20.45074326597345
2026-12-05 14:00:00,19.0,19.759505571059186
2026-12-05 15:00:00,18.99758064516129,18.847381751989417
2026-12-05 16:00:00,19.36935483870968,19.11907417308309
2026-12-05 17:00:00,19.91935483870968,19.07737119749651
2026-12-05 18:00:00,18.786290322580644,18.67407596517651
2026-12-05 19:00:00,19.36209677419355,19.370468815959427
2026-12-05 20:00:00,19.89516129032258,18.9452573075353
2026-12-05 21:00:00,19.97903225806452,18.184454624063935
2026-12-05 22:00:00,19.576612903225808,19.392768324784193
2026-12-05 23:00:00,19.506451612903227,19.489469092544503
2026-12-06 00:00:00,19.288709677419355,19.381667969309234
2026-12-06 01:00:00,19.26532258064516,18.5245604954737
2026-12-06 02:00:00,19.25564516129032,18.149190460483037
2026-12-06 03:00:00,19.240322580645163,18.163823003715244
2026-12-06 04:00:00,19.25887096774193,18.352057446426848
2026-12-06 05:00:00,19.541935483870965,16.60611242551176
2026-12-06 06:00:00,18.037096774193547,18.24025341501317
2026-12-06 07:00:00,18.93790322580645,18.15584606886035
2026-12-06 08:00:00,19.77016129032258,19.003292424923625
2026-12-06 09:00:00,20.671774193548387,17.726334811319283
2026-12-06 10:00:00,20.53306451612903,18.99653783563869
2026-12-06 11:00:00,20.13629032258065,18.94583103801704
2026-12-06 12:00:00,19.585483870967742,20.11255417660484
2026-12-06 13:00:00,19.233870967741936,20.438160868648875
2026-12-06 14:00:00,19.0,19.710595729529103
2026-12-06 15:00:00,18.99758064516129,18.82370079697192
2026-12-06 16:00:00,19.36935483870968,19.110594262076525
2026-12-06 17:00:00,19.91935483870968,19.0589873046503
2026-12-06 18:00:00,18.786290322580644,18.674399107958315
2026-12-06 19:00:00,19.36209677419355,19.360720314066075
2026-12-06 20:00:00,19.89516129032258,18.95195210542139
2026-12-06 21:00:00,19.97903225806452,18.182567873110273
2026-12-06 22:00:00,19.576612903225808,19.40296267077683
2026-12-06 23:00:00,19.506451612903227,19.496453435298946
2026-12-07 00:00:00,19.288709677419355,19.29981360848329
2026-12-07 01:00:00,19.26532258064516,18.51316605392455
2026-12-07 02:00:00,19.25564516129032,18.158316913044054
2026-12-07 03:00:00,19.240322580645163,18.180817783198677
2026-12-07 04:00:00,19.25887096774193,18.347383559847515
2026-12-07 05:00:00,19.541935483870965,16.63473469883361
2026-12-07 06:00:00,18.037096774193547,18.323772323063036
2026-12-07 07:00:00,18.93790322580645,18.124321288971856
2026-12-07 08:00:00,19.77016129032258,18.999161178526307
2026-12-07 09:00:00,20.671774193548387,17.707647774116495
2026-12-07 10:00:00,20.53306451612903,18.95551043974362
2026-12-07 11:00:00,20.13629032258065,18.979766526465426
2026-12-07 12:00:00,19.585483870967742,20.154463049046523
2026-12-07 13:00:00,19.233870967741936,20.43162676806581
2026-12-07 14:00:00,19.0,19.648851503939873
2026-12-07 15:00:00,18.99758064516129,18.76970591338091
2026-12-07 16:00:00,19.36935483870968,18.997363604657686
2026-12-07 17:00:00,19.91935483870968,18.907087060331854
2026-12-07 18:00:00,18.786290322580644,18.587446503157448
2026-12-07 19:00:00,19.36209677419355,19.197870735337915
2026-12-07 20:00:00,19.89516129032258,18.814199624938006
2026-12-07 21:00:00,19.97903225806452,18.099048845879736
2026-12-07 22:00:00,19.576612903225808,19.3229714789683
2026-12-07 23:00:00,19.506451612903227,19.41416425965472
2026-12-08 00:00:00,19.288709677419355,19.30555096720842
2026-12-08 01:00:00,19.26532258064516,18.518712255948746
2026-12-08 02:00:00,19.25564516129032,18.157381221544743
2026-12-08 03:00:00,19.240322580645163,18.17988209169937
2026-12-08 04:00:00,19.25887096774193,18.35283649955908
2026-12-08 05:00:00,19.541935483870965,16.63875815215557
2026-12-08 06:00:00,18.037096774193547,18.333053489699445
2026-12-08 07:00:00,18.93790322580645,18.101702080989813
2026-12-08 08:00:00,19.77016129032258,18.973493617735688
2026-12-08 09:00:00,20.671774193548387,17.676413801905458
2026-12-08 10:00:00,20.53306451612903,18.919821288743904
2026-12-08 11:00:00,20.13629032258065,18.966746905325852
2026-12-08 12:00:00,19.585483870967742,20.13500495813746
2026-12-08 13:00:00,19.233870967741936,20.406970202049976
2026-12-08 14:00:00,19.0,19.65281017984303
2026-12-08 15:00:00,18.99758064516129,18.756486019660713
2026-12-08 16:00:00,19.36935483870968,19.008501598458814
2026-12-08 17:00:00,19.91935483870968,18.910325874145276
2026-12-08 18:00:00,18.786290322580644,18.601592508257877
2026-12-08 19:00:00,19.36209677419355,19.222515056404596
2026-12-08 20:00:00,19.89516129032258,18.866045588447655
2026-12-08 21:00:00,19.97903225806452,18.135749782018085
2026-12-08 22:00:00,19.576612903225808,19.332292297457194
2026-12-08 23:00:00,19.506451612903227,19.42244648301044
2026-12-09 00:00:00,19.288709677419355,19.305963086257655
2026-12-09 01:00:00,19.26532258064516,18.516877165304106
2026-12-09 02:00:00,19.25564516129032,18.16123292859022
2026-12-09 03:00:00,19.240322580645163,18.18065529163379
2026-12-09 04:00:00,19.25887096774193,18.364085199279486
2026-12-09 05:00:00,19.541935483870965,16.637971029381728
2026-12-09 06:00:00,18.037096774193547,18.331002477577243
2026-12-09 07:00:00,18.93790322580645,18.10659003434663
2026-12-09 08:00:00,19.77016129032258,18.987742797077622
2026-12-09 09:00:00,20.671774193548387,17.68127774655749
2026-12-09 10:00:00,20.53306451612903,18.948820527215766
2026-12-09 11:00:00,20.13629032258065,18.953151095610735
2026-12-09 12:00:00,19.585483870967742,20.119547233478514
2026-12-09 13:00:00,19.233870967741936,20.402910245384646
2026-12-09 14:00:00,19.0,19.678820138465284
2026-12-09 15:00:00,18.99758064516129,18.762041573837383
2026-12-09 16:00:00,19.36935483870968,19.00589139681552
2026-12-09 17:00:00,19.91935483870968,18.9294021409426
2026-12-09 18:00:00,18.786290322580644,18.598820947708415
2026-12-09 19:00:00,19.36209677419355,19.22935033281397
2026-12-09 20:00:00,19.89516129032258,18.894814128151854
2026-12-09 21:00:00,19.97903225806452,18.144909664240895
2026-12-09 22:00:00,19.576612903225808,19.336207428473735
2026-12-09 23:00:00,19.506451612903227,19.420134277072925
2026-12-10 00:00:00,19.288709677419355,19.313404737287865
2026-12-10 01:00:00,19.26532258064516,18.510687294867694
2026-12-10 02:00:00,19.25564516129032,18.151489277240586
2026-12-10 03:00:00,19.240322580645163,18.164948734946062
2026-12-10 04:00:00,19.25887096774193,18.345871503867773
2026-12-10 05:00:00,19.541935483870965,16.626447672402623
2026-12-10 06:00:00,18.037096774193547,18.314643985100417
2026-12-10 07:00:00,18.93790322580645,18.09368711607364
2026-12-10 08:00:00,19.77016129032258,18.990765308442093
2026-12-10 09:00:00,20.671774193548387,17.689561151713846
2026-12-10 10:00:00,20.53306451612903,18.960251932867365
2026-12-10 11:00:00,20.13629032258065,18.922994805037852
2026-12-10 12:00:00,19.585483870967742,20.08875047587252
2026-12-10 13:00:00,19.233870967741936,20.385364298412647
2026-12-10 14:00:00,19.0,19.68311118298534
2026-12-10 15:00:00,18.99758064516129,18.734853016246745
2026-12-10 16:00:00,19.36935483870968,19.006332380906713
2026-12-10 17:00:00,19.91935483870968,18.925766810932068
2026-12-10 18:00:00,18.786290322580644,18.593094993970375
2026-12-10 19:00:00,19.36209677419355,19.208359474348338
2026-12-10 20:00:00,19.89516129032258,18.904283020125966
2026-12-10 21:00:00,19.97903225806452,18.132498745112592
2026-12-10 22:00:00,19.576612903225808,19.33284198229105
2026-12-10 23:00:00,19.506451612903227,19.426774856867944
2026-12-11 00:00:00,19.288709677419355,19.319681044394798
2026-12-11 01:00:00,19.26532258064516,18.525422480964977
2026-12-11 02:00:00,19.25564516129032,18.16019496384477
2026-12-11 03:00:00,19.240322580645163,18.16522351860896
2026-12-11 04:00:00,19.25887096774193,18.333732834081545
2026-12-11 05:00:00,19.541935483870965,16.62059189764576
2026-12-11 06:00:00,18.037096774193547,18.32051373348606
2026-12-11 07:00:00,18.93790322580645,18.07949637136606
2026-12-11 08:00:00,19.77016129032258,18.98100100927711
2026-12-11 09:00:00,20.671774193548387,17.683714551344792
2026-12-11 10:00:00,20.53306451612903,18.956573911693397
2026-12-11 11:00:00,20.13629032258065,18.90910151257776
2026-12-11 12:00:00,19.585483870967742,20.081632578528783
2026-12-11 13:00:00,19.233870967741936,20.369695931299624
2026-12-11 14:00:00,19.0,19.679182859018862
2026-12-11 15:00:00,18.99758064516129,18.749594132856995
2026-12-11 16:00:00,19.36935483870968,19.02293676584644
2026-12-11 17:00:00,19.91935483870968,18.949508230389423
2026-12-11 18:00:00,18.786290322580644,18.61500330563414
2026-12-11 19:00:00,19.36209677419355,19.21743634478559
2026-12-11 20:00:00,19.89516129032258,18.914857771777882
2026-12-11 21:00:00,19.97903225806452,18.137281576867714
2026-12-11 22:00:00,19.576612903225808,19.343308269285707
2026-12-11 23:00:00,19.506451612903227,19.440954816550082
2026-12-12 00:00:00,19.288709677419355,19.359886952789232
2026-12-12 01:00:00,19.26532258064516,18.5108876969963
2026-12-12 02:00:00,19.25564516129032,18.134699833413066
2026-12-12 03:00:00,19.240322580645163,18.14316994068262
2026-12-12 04:00:00,19.25887096774193,18.324180209627812
2026-12-12 05:00:00,19.541935483870965,16.593612551846743
2026-12-12 06:00:00,18.037096774193547,18.276348684105017
2026-12-12 07:00:00,18.93790322580645,18.1125074333158
2026-12-12 08:00:00,19.77016129032258,19.01241336355526
2026-12-12 09:00:00,20.671774193548387,17.718856044088596
2026-12-12 10:00:00,20.53306451612903,18.977051148683376
2026-12-12 11:00:00,20.13629032258065,18.911308024830014
2026-12-12 12:00:00,19.585483870967742,20.084627795321907
2026-12-12 13:00:00,19.233870967741936,20.404511475298953
2026-12-12 14:00:00,19.0,19.71216746945937
2026-12-12 15:00:00,18.99758064516129,18.80504301458889
2026-12-12 16:00:00,19.36935483870968,19.10983387451718
2026-12-12 17:00:00,19.91935483870968,19.057504933621814
2026-12-12 18:00:00,18.786290322580644,18.665191652256375
2026-12-12 19:00:00,19.36209677419355,19.323879458348568
2026-12-12 20:00:00,19.89516129032258,18.972080144316458
2026-12-12 21:00:00,19.97903225806452,18.163829271910892
2026-12-12 22:00:00,19.576612903225808,19.38424284718195
2026-12-12 23:00:00,19.506451612903227,19.479828409698335
2026-12-13 00:00:00,19.288709677419355,19.364034656151304
2026-12-13 01:00:00,19.26532258064516,18.51109703007714
2026-12-13 02:00:00,19.25564516129032,18.135874652841853
2026-12-13 03:00:00,19.240322580645163,18.143538354569444
2026-12-13 04:00:00,19.25887096774193,18.32341434002551
2026-12-13 05:00:00,19.541935483870965,16.591831728502633
2026-12-13 06:00:00,18.037096774193547,18.278329595026154
2026-12-13 07:00:00,18.93790322580645,18.1204809960513
2026-12-13 08:00:00,19.77016129032258,19.008915742791284
2026-12-13 09:00:00,20.671774193548387,17.720426304394135
2026-12-13 10:00:00,20.53306451612903,18.976678377437665
2026-12-13 11:00:00,20.13629032258065,18.911949976808312
2026-12-13 12:00:00,19.585483870967742,20.071704433053817
2026-12-13 13:00:00,19.233870967741936,20.417972769833007
2026-12-13 14:00:00,19.0,19.720482379372097
2026-12-13 15:00:00,18.99758064516129,18.799147870601658
2026-12-13 16:00:00,19.36935483870968,19.108588239014246
2026-12-13 17:00:00,19.91935483870968,19.062048323920116
2026-12-13 18:00:00,18.786290322580644,18.664816839762747
2026-12-13 19:00:00,19.36209677419355,19.319574048858904
2026-12-13 20:00:00,19.89516129032258,18.974940945166065
2026-12-13 21:00:00,19.97903225806452,18.164773012832065
2026-12-13 22:00:00,19.576612903225808,19.39251929965112
2026-12-13 23:00:00,19.506451612903227,19.481908494094846
2026-12-14 00:00:00,19.288709677419355,19.28503506554543
2026-12-14 01:00:00,19.26532258064516,18.511612896653983
2026-12-14 02:00:00,19.25564516129032,18.162970248209312
2026-12-14 03:00:00,19.240322580645163,18.17325775195189
2026-12-14 04:00:00,19.25887096774193,18.32919542478632
2026-12-14 05:00:00,19.541935483870965,16.632894917709642
2026-12-14 06:00:00,18.037096774193547,18.342664405625577
2026-12-14 07:00:00,18.93790322580645,18.10045331638876
2026-12-14 08:00:00,19.77016129032258,19.021653236321285
2026-12-14 09:00:00,20.671774193548387,17.719565534978386
2026-12-14 10:00:00,20.53306451612903,18.943801110490128
2026-12-14 11:00:00,20.13629032258065,18.95938663637034
2026-12-14 12:00:00,19.585483870967742,20.135872405420436
2026-12-14 13:00:00,19.233870967741936,20.423048096139375
2026-12-14 14:00:00,19.0,19.670420370725687
2026-12-14 15:00:00,18.99758064516129,18.760622742615013
2026-12-14 16:00:00,19.36935483870968,19.005186301397927
2026-12-14 17:00:00,19.91935483870968,18.922432299601553
2026-12-14 18:00:00,18.786290322580644,18.588507860616716
2026-12-14 19:00:00,19.36209677419355,19.1691375073719
2026-12-14 20:00:00,19.89516129032258,18.845142965308625
2026-12-14 21:00:00,19.97903225806452,18.095541310928027
2026-12-14 22:00:00,19.576612903225808,19.311114530644073
2026-12-14 23:00:00,19.506451612903227,19.402079148187575
2026-12-15 00:00:00,19.288709677419355,19.29574352447538
2026-12-15 01:00:00,19.26532258064516,18.520196881828014
2026-12-15 02:00:00,19.25564516129032,18.16881449815874
2026-12-15 03:00:00,19.240322580645163,18.179101048227004
2026-12-15 04:00:00,19.25887096774193,18.343032013836453
2026-12-15 05:00:00,19.541935483870965,16.640466495921864
2026-12-15 06:00:00,18.037096774193547,18.35160865177092
2026-12-15 07:00:00,18.93790322580645,18.081524603088205
2026-12-15 08:00:00,19.77016129032258,18.99802171384325
2026-12-15 09:00:00,20.671774193548387,17.69546108497626
2026-12-15 10:00:00,20.53306451612903,18.91052968019556
2026-12-15 11:00:00,20.13629032258065,18.945948323377237
2026-12-15 12:00:00,19.585483870967742,20.104228542333583
2026-12-15 13:00:00,19.233870967741936,20.39225953320777
2026-12-15 14:00:00,19.0,19.65454620716884
2026-12-15 15:00:00,18.99758064516129,18.749328374767135
2026-12-15 16:00:00,19.36935483870968,19.016871506927664
2026-12-15 17:00:00,19.91935483870968,18.916537778156204
2026-12-15 18:00:00,18.786290322580644,18.59766819091908
2026-12-15 19:00:00,19.36209677419355,19.19224426976929
2026-12-15 20:00:00,19.89516129032258,18.906477745814673
2026-12-15 21:00:00,19.97903225806452,18.140935733949227
2026-12-15 22:00:00,19.576612903225808,19.325097919614578
2026-12-15 23:00:00,19.506451612903227,19.41616073459334
2026-12-16 00:00:00,19.288709677419355,19.30091568261401
2026-12-16 01:00:00,19.26532258064516,18.53003999984663
2026-12-16 02:00:00,19.25564516129032,18.18225181984691
2026-12-16 03:00:00,19.240322580645163,18.185180974050354
2026-12-16 04:00:00,19.25887096774193,18.359927025429926
2026-12-16 05:00:00,19.541935483870965,16.64282294808507
2026-12-16 06:00:00,18.037096774193547,18.36311515083642
2026-12-16 07:00:00,18.93790322580645,18.0954710355709
2026-12-16 08:00:00,19.77016129032258,19.003903664648806
2026-12-16 09:00:00,20.671774193548387,17.700885228326804
2026-12-16 10:00:00,20.53306451612903,18.93311336680449
2026-12-16 11:00:00,20.13629032258065,18.932973065091407
2026-12-16 12:00:00,19.585483870967742,20.094861883231793
2026-12-16 13:00:00,19.233870967741936,20.382478576396807
2026-12-16 14:00:00,19.0,19.666673537178596
2026-12-16 15:00:00,18.99758064516129,18.739296444634636
2026-12-16 16:00:00,19.36935483870968,19.008134698186844
2026-12-16 17:00:00,19.91935483870968,18.93499662776123
2026-12-16 18:00:00,18.786290322580644,18.593441811440165
2026-12-16 19:00:00,19.36209677419355,19.18982504060749
2026-12-16 20:00:00,19.89516129032258,18.925488474629212
2026-12-16 21:00:00,19.97903225806452,18.16462688201622
2026-12-16 22:00:00,19.576612903225808,19.33087842221895
2026-12-16 23:00:00,19.506451612903227,19.416349421164146
2026-12-17 00:00:00,19.288709677419355,19.315605231441694
2026-12-17 01:00:00,19.26532258064516,18.532131578865968
2026-12-17 02:00:00,19.25564516129032,18.18255545165536
2026-12-17 03:00:00,19.240322580645163,18.183692701745024
2026-12-17 04:00:00,19.25887096774193,18.364413919018
2026-12-17 05:00:00,19.541935483870965,16.643604857065462
2026-12-17 06:00:00,18.037096774193547,18.35333437684557
2026-12-17 07:00:00,18.93790322580645,18.089387203046066
2026-12-17 08:00:00,19.77016129032258,18.99512792200179
2026-12-17 09:00:00,20.671774193548387,17.706091787699435
2026-12-17 10:00:00,20.53306451612903,18.946842040384055
2026-12-17 11:00:00,20.13629032258065,18.934458106938212
2026-12-17 12:00:00,19.585483870967742,20.092667193367376
2026-12-17 13:00:00,19.233870967741936,20.384493060075997
2026-12-17 14:00:00,19.0,19.669578647377328
2026-12-17 15:00:00,18.99758064516129,18.726635272423664
2026-12-17 16:00:00,19.36935483870968,19.001761855436015
2026-12-17 17:00:00,19.91935483870968,18.932827324136344
2026-12-17 18:00:00,18.786290322580644,18.59236328032547
2026-12-17 19:00:00,19.36209677419355,19.181934607869287
2026-12-17 20:00:00,19.89516129032258,18.9337894848165
2026-12-17 21:00:00,19.97903225806452,18.16249934013988
2026-12-17 22:00:00,19.576612903225808,19.3334693985831
2026-12-17 23:00:00,19.506451612903227,19.43075560750954
2026-12-18 00:00:00,19.288709677419355,19.316749937353595
2026-12-18 01:00:00,19.26532258064516,18.539287230998625
2026-12-18 02:00:00,19.25564516129032,18.179857779730085
2026-12-18 03:00:00,19.240322580645163,18.180975763489634
2026-12-18 04:00:00,19.25887096774193,18.352835574059252
2026-12-18 05:00:00,19.541935483870965,16.639662202995016
2026-12-18 06:00:00,18.037096774193547,18.354371399123718
2026-12-18 07:00:00,18.93790322580645,18.07335375578166
2026-12-18 08:00:00,19.77016129032258,18.976162875495746
2026-12-18 09:00:00,20.671774193548387,17.693445909483103
2026-12-18 10:00:00,20.53306451612903,18.928302090688334
2026-12-18 11:00:00,20.13629032258065,18.915186178121694
2026-12-18 12:00:00,19.585483870967742,20.082671637600633
2026-12-18 13:00:00,19.233870967741936,20.36762863715331
2026-12-18 14:00:00,19.0,19.660497140900006
2026-12-18 15:00:00,18.99758064516129,18.742457055476542
2026-12-18 16:00:00,19.36935483870968,19.01787314079067
2026-12-18 17:00:00,19.91935483870968,18.951253645579296
2026-12-18 18:00:00,18.786290322580644,18.60462388021617
2026-12-18 19:00:00,19.36209677419355,19.193655006643056
2026-12-18 20:00:00,19.89516129032258,18.941597952800816
2026-12-18 21:00:00,19.97903225806452,18.16008915469107
2026-12-18 22:00:00,19.576612903225808,19.336109446847757
2026-12-18 23:00:00,19.506451612903227,19.439273838936607
2026-12-19 00:00:00,19.288709677419355,19.373851394661102
2026-12-19 01:00:00,19.26532258064516,18.53613122740032
2026-12-19 02:00:00,19.25564516129032,18.17154183979295
2026-12-19 03:00:00,19.240322580645163,18.175043290036477
2026-12-19 04:00:00,19.25887096774193,18.360475766351264
2026-12-19 05:00:00,19.541935483870965,16.62816065579591
2026-12-19 06:00:00,18.037096774193547,18.319161564641163
2026-12-19 07:00:00,18.93790322580645,18.112249789499035
2026-12-19 08:00:00,19.77016129032258,19.013651549052916
2026-12-19 09:00:00,20.671774193548387,17.746777692156083
2026-12-19 10:00:00,20.53306451612903,18.958315241630267
2026-12-19 11:00:00,20.13629032258065,18.92990898634929
2026-12-19 12:00:00,19.585483870967742,20.10133281442061
2026-12-19 13:00:00,19.233870967741936,20.412812451150753
2026-12-19 14:00:00,19.0,19.697876156260627
2026-12-19 15:00:00,18.99758064516129,18.812933776895754
2026-12-19 16:00:00,19.36935483870968,19.119378166115133
2026-12-19 17:00:00,19.91935483870968,19.062655663883895
2026-12-19 18:00:00,18.786290322580644,18.654471010336685
2026-12-19 19:00:00,19.36209677419355,19.29946339591853
2026-12-19 20:00:00,19.89516129032258,19.0003786388147
2026-12-19 21:00:00,19.97903225806452,18.19257465888432
2026-12-19 22:00:00,19.576612903225808,19.39518828779736
2026-12-19 23:00:00,19.506451612903227,19.49449050596413
2026-12-20 00:00:00,19.288709677419355,19.387234669813743
2026-12-20 01:00:00,19.26532258064516,18.541197021895396
2026-12-20 02:00:00,19.25564516129032,18.180528387030897
2026-12-20 03:00:00,19.240322580645163,18.18681788917642
2026-12-20 04:00:00,19.25887096774193,18.372110320767327
2026-12-20 05:00:00,19.541935483870965,16.637866791976947
2026-12-20 06:00:00,18.037096774193547,18.330518620069075
2026-12-20 07:00:00,18.93790322580645,18.124470540644367
2026-12-20 08:00:00,19.77016129032258,19.023633410232282
2026-12-20 09:00:00,20.671774193548387,17.74925572026304
2026-12-20 10:00:00,20.53306451612903,18.96881448190027
2026-12-20 11:00:00,20.13629032258065,18.932882531474377
2026-12-20 12:00:00,19.585483870967742,20.085642390076508
2026-12-20 13:00:00,19.233870967741936,20.431229897207764
2026-12-20 14:00:00,19.0,19.72050723513612
2026-12-20 15:00:00,18.99758064516129,18.82658657667689
2026-12-20 16:00:00,19.36935483870968,19.13076189084559
2026-12-20 17:00:00,19.91935483870968,19.07386165896371
2026-12-20 18:00:00,18.786290322580644,18.668234718538802
2026-12-20 19:00:00,19.36209677419355,19.31158279362326
2026-12-20 20:00:00,19.89516129032258,19.012251589971296
2026-12-20 21:00:00,19.97903225806452,18.20851468132186
2026-12-20 22:00:00,19.576612903225808,19.406430548808515
2026-12-20 23:00:00,19.506451612903227,19.49904555176724
2026-12-21 00:00:00,19.288709677419355,19.29333569630695
2026-12-21 01:00:00,19.26532258064516,18.53403750656762
2026-12-21 02:00:00,19.25564516129032,18.203888512274972
2026-12-21 03:00:00,19.240322580645163,18.210948083051555
2026-12-21 04:00:00,19.25887096774193,18.367802212160193
2026-12-21 05:00:00,19.541935483870965,16.6763791586572
2026-12-21 06:00:00,18.037096774193547,18.387271229177117
2026-12-21 07:00:00,18.93790322580645,18.090779134001835
2026-12-21 08:00:00,19.77016129032258,19.025506273269098
2026-12-21 09:00:00,20.671774193548387,17.727255447090847
2026-12-21 10:00:00,20.53306451612903,18.916303647659923
2026-12-21 11:00:00,20.13629032258065,18.95419178533528
2026-12-21 12:00:00,19.585483870967742,20.1082736543773
2026-12-21 13:00:00,19.233870967741936,20.412764450988185
2026-12-21 14:00:00,19.0,19.66053279817738
2026-12-21 15:00:00,18.99758064516129,18.770962705739706
2026-12-21 16:00:00,19.36935483870968,19.002695855128252
2026-12-21 17:00:00,19.91935483870968,18.918199028503075
2026-12-21 18:00:00,18.786290322580644,18.584083084333308
2026-12-21 19:00:00,19.36209677419355,19.143014458493063
2026-12-21 20:00:00,19.89516129032258,18.85425955098779
2026-12-21 21:00:00,19.97903225806452,18.120286736617963
2026-12-21 22:00:00,19.576612903225808,19.313320442006443
2026-12-21 23:00:00,19.506451612903227,19.40226537769542
2026-12-22 00:00:00,19.288709677419355,19.295535089563828
2026-12-22 01:00:00,19.26532258064516,18.538807227137966
2026-12-22 02:00:00,19.25564516129032,18.2062236023029
2026-12-22 03:00:00,19.240322580645163,18.21331005380838
2026-12-22 04:00:00,19.25887096774193,18.378776415065076
2026-12-22 05:00:00,19.541935483870965,16.680351959393214
2026-12-22 06:00:00,18.037096774193547,18.392707269075274
2026-12-22 07:00:00,18.93790322580645,18.051361573701204
2026-12-22 08:00:00,19.77016129032258,19.00778378875998
2026-12-22 09:00:00,20.671774193548387,17.699895444346595
2026-12-22 10:00:00,20.53306451612903,18.888164859599023
2026-12-22 11:00:00,20.13629032258065,18.925776914624194
2026-12-22 12:00:00,19.585483870967742,20.079857665716375
2026-12-22 13:00:00,19.233870967741936,20.366663740965528
2026-12-22 14:00:00,19.0,19.62788970901046
2026-12-22 15:00:00,18.99758064516129,18.753040374513663
2026-12-22 16:00:00,19.36935483870968,19.0395787560237
2026-12-22 17:00:00,19.91935483870968,18.93632842051356
2026-12-22 18:00:00,18.786290322580644,18.59414097290526
2026-12-22 19:00:00,19.36209677419355,19.168172375014926
2026-12-22 20:00:00,19.89516129032258,18.921204473858282
2026-12-22 21:00:00,19.97903225806452,18.16123053476943
2026-12-22 22:00:00,19.576612903225808,19.32303661162669
2026-12-22 23:00:00,19.506451612903227,19.408140864844757
2026-12-23 00:00:00,19.288709677419355,19.310605288913607
2026-12-23 01:00:00,19.26532258064516,18.55109454283624
2026-12-23 02:00:00,19.25564516129032,18.219360225434222
2026-12-23 03:00:00,19.240322580645163,18.225069075296016
2026-12-23 04:00:00,19.25887096774193,18.40556284285293
2026-12-23 05:00:00,19.541935483870965,16.6867154659437
2026-12-23 06:00:00,18.037096774193547,18.401246827586093
2026-12-23 07:00:00,18.93790322580645,18.07885430819593
2026-12-23 08:00:00,19.77016129032258,19.017198403106512
2026-12-23 09:00:00,20.671774193548387,17.71954761972176
2026-12-23 10:00:00,20.53306451612903,18.938662102941528
2026-12-23 11:00:00,20.13629032258065,18.934926775348714
2026-12-23 12:00:00,19.585483870967742,20.081292845743526
2026-12-23 13:00:00,19.233870967741936,20.37702884620285
2026-12-23 14:00:00,19.0,19.657206646289293
2026-12-23 15:00:00,18.99758064516129,18.76190395829027
2026-12-23 16:00:00,19.36935483870968,19.05256284722853
2026-12-23 17:00:00,19.91935483870968,18.963191609142545
2026-12-23 18:00:00,18.786290322580644,18.60984279230591
2026-12-23 19:00:00,19.36209677419355,19.191269565102672
2026-12-23 20:00:00,19.89516129032258,18.950977596464035
2026-12-23 21:00:00,19.97903225806452,18.189071245775374
2026-12-23 22:00:00,19.576612903225808,19.340780766475874
2026-12-23 23:00:00,19.506451612903227,19.420414157532047
2026-12-24 00:00:00,19.288709677419355,19.326202029934002
2026-12-24 01:00:00,19.26532258064516,18.554315573338314
2026-12-24 02:00:00,19.25564516129032,18.223288023593454
2026-12-24 03:00:00,19.240322580645163,18.224160801434564
2026-12-24 04:00:00,19.25887096774193,18.416004346704458
2026-12-24 05:00:00,19.541935483870965,16.68211636139321
2026-12-24 06:00:00,18.037096774193547,18.389790755837907
2026-12-24 07:00:00,18.93790322580645,18.074477945140657
2026-12-24 08:00:00,19.77016129032258,19.011510722331106
2026-12-24 09:00:00,20.671774193548387,17.732509108324972
2026-12-24 10:00:00,20.53306451612903,18.950582976471843
2026-12-24 11:00:00,20.13629032258065,18.942862745777212
2026-12-24 12:00:00,19.585483870967742,20.079230384308296
2026-12-24 13:00:00,19.233870967741936,20.374629082940316
2026-12-24 14:00:00,19.0,19.658468779642032
2026-12-24 15:00:00,18.99758064516129,18.759977016516643
2026-12-24 16:00:00,19.36935483870968,19.056078179342713
2026-12-24 17:00:00,19.91935483870968,18.966731030641867
2026-12-24 18:00:00,18.786290322580644,18.618770777695502
2026-12-24 19:00:00,19.36209677419355,19.191926756437866
2026-12-24 20:00:00,19.89516129032258,18.961589345124224
2026-12-24 21:00:00,19.97903225806452,18.204728454518857
2026-12-24 22:00:00,19.576612903225808,19.339383549387666
2026-12-24 23:00:00,19.506451612903227,19.433112955090195
2026-12-25 00:00:00,19.288709677419355,19.318905247675687
2026-12-25 01:00:00,19.26532258064516,18.56252998634164
2026-12-25 02:00:00,19.25564516129032,18.227196614630227
2026-12-25 03:00:00,19.240322580645163,18.233501840439914
2026-12-25 04:00:00,19.25887096774193,18.416066555215544
2026-12-25 05:00:00,19.541935483870965,16.68242290763524
2026-12-25 06:00:00,18.037096774193547,18.39738941206239
2026-12-25 07:00:00,18.93790322580645,18.057970199748105
2026-12-25 08:00:00,19.77016129032258,19.010246340949113
2026-12-25 09:00:00,20.671774193548387,17.735960527731997
2026-12-25 10:00:00,20.53306451612903,18.940437271845965
2026-12-25 11:00:00,20.13629032258065,18.96817848870495
2026-12-25 12:00:00,19.585483870967742,20.115530259766196
2026-12-25 13:00:00,19.233870967741936,20.36922293189461
2026-12-25 14:00:00,19.0,19.65421867150574
2026-12-25 15:00:00,18.99758064516129,18.78968379330096
2026-12-25 16:00:00,19.36935483870968,19.08451714945601
2026-12-25 17:00:00,19.91935483870968,18.992033214295528
2026-12-25 18:00:00,18.786290322580644,18.63823281038902
2026-12-25 19:00:00,19.36209677419355,19.212811648199917
2026-12-25 20:00:00,19.89516129032258,18.98137741983833
2026-12-25 21:00:00,19.97903225806452,18.21795464531749
2026-12-25 22:00:00,19.576612903225808,19.340108643610936
2026-12-25 23:00:00,19.506451612903227,19.435847182886036
2026-12-26 00:00:00,19.288709677419355,19.382229041548776
2026-12-26 01:00:00,19.26532258064516,18.580012930731968
2026-12-26 02:00:00,19.25564516129032,18.23473741491758
2026-12-26 03:00:00,19.240322580645163,18.24054481765054
2026-12-26 04:00:00,19.25887096774193,18.43361625765199
2026-12-26 05:00:00,19.541935483870965,16.686627037561397
2026-12-26 06:00:00,18.037096774193547,18.38180159475796
2026-12-26 07:00:00,18.93790322580645,18.08537561697397
2026-12-26 08:00:00,19.77016129032258,19.040088911373886
2026-12-26 09:00:00,20.671774193548387,17.780637776294178
2026-12-26 10:00:00,20.53306451612903,18.971941477350217
2026-12-26 11:00:00,20.13629032258065,18.97858290189061
2026-12-26 12:00:00,19.585483870967742,20.1036636232945
2026-12-26 13:00:00,19.233870967741936,20.41085262870746
2026-12-26 14:00:00,19.0,19.715790335922456
2026-12-26 15:00:00,18.99758064516129,18.85078850429296
2026-12-26 16:00:00,19.36935483870968,19.16823556102243
2026-12-26 17:00:00,19.91935483870968,19.129517164902726
2026-12-26 18:00:00,18.786290322580644,18.700752029371316
2026-12-26 19:00:00,19.36209677419355,19.327615228618907
2026-12-26 20:00:00,19.89516129032258,19.06514329841799
2026-12-26 21:00:00,19.97903225806452,18.258871698906894
2026-12-26 22:00:00,19.576612903225808,19.39357476556772
2026-12-26 23:00:00,19.506451612903227,19.49874808532914
2026-12-27 00:00:00,19.288709677419355,19.392388358710612
2026-12-27 01:00:00,19.26532258064516,18.58012578148012
2026-12-27 02:00:00,19.25564516129032,18.234095784172236
2026-12-27 03:00:00,19.240322580645163,18.240975882749392
2026-12-27 04:00:00,19.25887096774193,18.431475528036465
2026-12-27 05:00:00,19.541935483870965,16.690484550831727
2026-12-27 06:00:00,18.037096774193547,18.37407287822481
2026-12-27 07:00:00,18.93790322580645,18.103604811519197
2026-12-27 08:00:00,19.77016129032258,19.037569187041093
2026-12-27 09:00:00,20.671774193548387,17.78494784024711
2026-12-27 10:00:00,20.53306451612903,18.982593502783235
2026-12-27 11:00:00,20.13629032258065,18.97702553252008
2026-12-27 12:00:00,19.585483870967742,20.074142136775635
2026-12-27 13:00:00,19.233870967741936,20.424553797729956
2026-12-27 14:00:00,19.0,19.72800484183098
2026-12-27 15:00:00,18.99758064516129,18.848900905677937
2026-12-27 16:00:00,19.36935483870968,19.170396528672086
2026-12-27 17:00:00,19.91935483870968,19.13247615079245
2026-12-27 18:00:00,18.786290322580644,18.700367781968644
2026-12-27 19:00:00,19.36209677419355,19.324836540040522
2026-12-27 20:00:00,19.89516129032258,19.066986097374247
2026-12-27 21:00:00,19.97903225806452,18.260124248400658
2026-12-27 22:00:00,19.576612903225808,19.40411148902989
2026-12-27 23:00:00,19.506451612903227,19.504602508836214
2026-12-28 00:00:00,19.288709677419355,19.276629350067676
2026-12-28 01:00:00,19.26532258064516,18.54966989855472
2026-12-28 02:00:00,19.25564516129032,18.222552100814276
2026-12-28 03:00:00,19.240322580645163,18.23071421529851
2026-12-28 04:00:00,19.25887096774193,18.400419084042245
2026-12-28 05:00:00,19.541935483870965,16.69553052663921
2026-12-28 06:00:00,18.037096774193547,18.392693932219345
2026-12-28 07:00:00,18.93790322580645,18.061058568548766
2026-12-28 08:00:00,19.77016129032258,19.020355674175278
2026-12-28 09:00:00,20.671774193548387,17.760630533343456
2026-12-28 10:00:00,20.53306451612903,18.92861936746599
2026-12-28 11:00:00,20.13629032258065,18.953274599744503
2026-12-28 12:00:00,19.585483870967742,20.03464888201141
2026-12-28 13:00:00,19.233870967741936,20.3562407735577
2026-12-28 14:00:00,19.0,19.656277504679196
2026-12-28 15:00:00,18.99758064516129,18.768372569343022
2026-12-28 16:00:00,19.36935483870968,19.031176044294455
2026-12-28 17:00:00,19.91935483870968,18.950445006793437
2026-12-28 18:00:00,18.786290322580644,18.589735822855133
2026-12-28 19:00:00,19.36209677419355,19.14655542799041
2026-12-28 20:00:00,19.89516129032258,18.896392517415055
2026-12-28 21:00:00,19.97903225806452,18.13869182427817
2026-12-28 22:00:00,19.576612903225808,19.296262721968667
2026-12-28 23:00:00,19.506451612903227,19.398839611437403
2026-12-29 00:00:00,19.288709677419355,19.292087911243936
2026-12-29 01:00:00,19.26532258064516,18.565949538539996
2026-12-29 02:00:00,19.25564516129032,18.24060360082845
2026-12-29 03:00:00,19.240322580645163,18.24876571531268
2026-12-29 04:00:00,19.25887096774193,18.42790641969502
2026-12-29 05:00:00,19.541935483870965,16.707965676743278
2026-12-29 06:00:00,18.037096774193547,18.42747605617009
2026-12-29 07:00:00,18.93790322580645,18.064335943314397
2026-12-29 08:00:00,19.77016129032258,19.005018139328477
2026-12-29 09:00:00,20.671774193548387,17.75025632587709
2026-12-29 10:00:00,20.53306451612903,18.89337787861374
2026-12-29 11:00:00,20.13629032258065,18.957855588812233
2026-12-29 12:00:00,19.585483870967742,20.030749046827935
2026-12-29 13:00:00,19.233870967741936,20.33773103709667
2026-12-29 14:00:00,19.0,19.651800974749182
2026-12-29 15:00:00,18.99758064516129,18.743652072121094
2026-12-29 16:00:00,19.36935483870968,19.02470196057581
2026-12-29 17:00:00,19.91935483870968,18.92651018679757
2026-12-29 18:00:00,18.786290322580644,18.587069461141258
2026-12-29 19:00:00,19.36209677419355,19.146449568685867
2026-12-29 20:00:00,19.89516129032258,18.93629499358085
2026-12-29 21:00:00,19.97903225806452,18.162643008326697
2026-12-29 22:00:00,19.576612903225808,19.31442295492218
2026-12-29 23:00:00,19.506451612903227,19.41861682429422
2026-12-30 00:00:00,19.288709677419355,19.282545342167737
2026-12-30 01:00:00,19.26532258064516,18.569581527616812
2026-12-30 02:00:00,19.25564516129032,18.243692872102173
2026-12-30 03:00:00,19.240322580645163,18.24933578374612
2026-12-30 04:00:00,19.25887096774193,18.434411910876165
2026-12-30 05:00:00,19.541935483870965,16.705327857093174
2026-12-30 06:00:00,18.037096774193547,18.420212736989484
2026-12-30 07:00:00,18.93790322580645,18.09854698062858
2026-12-30 08:00:00,19.77016129032258,19.017251855876154
2026-12-30 09:00:00,20.671774193548387,17.74748235942497
2026-12-30 10:00:00,20.53306451612903,18.92615436998271
2026-12-30 11:00:00,20.13629032258065,18.950001974515544
2026-12-30 12:00:00,19.585483870967742,20.028050545240635
2026-12-30 13:00:00,19.233870967741936,20.328451621413283
2026-12-30 14:00:00,19.0,19.664803515856633
2026-12-30 15:00:00,18.99758064516129,18.699087318441414
2026-12-30 16:00:00,19.36935483870968,18.98488087611559
2026-12-30 17:00:00,19.91935483870968,18.92093464970126
2026-12-30 18:00:00,18.786290322580644,18.542321102984516
2026-12-30 19:00:00,19.36209677419355,19.143560920438645
2026-12-30 20:00:00,19.89516129032258,18.943932345773987
2026-12-30 21:00:00,19.97903225806452,18.16034717715422
2026-12-30 22:00:00,19.576612903225808,19.30973301493028
2026-12-30 23:00:00,19.506451612903227,19.408576975616434
2026-12-31 00:00:00,19.288709677419355,19.300759328448095
2026-12-31 01:00:00,19.26532258064516,18.5710034723077
2026-12-31 02:00:00,19.25564516129032,18.251318292210428
2026-12-31 03:00:00,19.240322580645163,18.261045204317767
2026-12-31 04:00:00,19.25887096774193,18.455922038872053
2026-12-31 05:00:00,19.541935483870965,16.72346824273605
2026-12-31 06:00:00,18.037096774193547,18.427227895608574
2026-12-31 07:00:00,18.93790322580645,18.1340210784835
2026-12-31 08:00:00,19.77016129032258,19.03337052111219
2026-12-31 09:00:00,20.671774193548387,17.7738043296581
2026-12-31 10:00:00,20.53306451612903,18.943449001118708
2026-12-31 11:00:00,20.13629032258065,18.947534371471157
2026-12-31 12:00:00,19.585483870967742,20.01762866332622
2026-12-31 13:00:00,19.233870967741936,20.33720750952304
2026-12-31 14:00:00,19.0,19.67525837483612
2026-12-31 15:00:00,18.99758064516129,18.70365949419495
2026-12-31 16:00:00,19.36935483870968,18.993335789654804
2026-12-31 17:00:00,19.91935483870968,18.929697457238127
2026-12-31 18:00:00,18.786290322580644,18.55357088446793
2026-12-31 19:00:00,19.36209677419355,19.148914217275262
2026-12-31 20:00:00,19.89516129032258,18.94913148936177
2026-12-31 21:00:00,19.97903225806452,18.14470326445367
2026-12-31 22:00:00,19.576612903225808,19.300513817636478
2026-12-31 23:00:00,19.506451612903227,19.424657051326147
