datetime,winddir,pred_winddir
2026-01-01 12:00:00,33.9,23.841709810841962
2026-01-01 13:00:00,26.6,21.817803939609178
2026-01-01 14:00:00,353.0,347.1555817272361
2026-01-01 15:00:00,344.6,349.7691769953969
2026-01-01 16:00:00,341.9,345.1866056726896
2026-01-01 17:00:00,353.7,1.8153235634816838
2026-01-01 18:00:00,358.4,8.233448046889066
2026-01-01 19:00:00,1.0,13.751891969666985
2026-01-01 20:00:00,11.2,22.117570579389962
2026-01-01 21:00:00,23.1,31.217728877712887
2026-01-01 22:00:00,31.8,38.668467965232935
2026-01-01 23:00:00,41.8,45.033598849750206
2026-01-02 00:00:00,38.7,41.97882157618511
2026-01-02 01:00:00,25.1,26.245502302322734
2026-01-02 02:00:00,35.4,32.349444067731326
2026-01-02 03:00:00,34.2,37.536404378507996
2026-01-02 04:00:00,40.6,39.22881280122078
2026-01-02 05:00:00,35.1,33.04207281081574
2026-01-02 06:00:00,20.4,17.64706433620006
2026-01-02 07:00:00,21.8,20.487032564261654
2026-01-02 08:00:00,30.7,29.254926616090586
2026-01-02 09:00:00,33.5,32.50862595499041
2026-01-02 10:00:00,36.5,33.93464430192603
2026-01-02 11:00:00,37.6,33.11057208723611
2026-01-02 12:00:00,32.8,29.237072602202602
2026-01-02 13:00:00,23.8,19.472500114075444
2026-01-02 14:00:00,17.0,13.657601519102911
2026-01-02 15:00:00,19.8,21.701944846660297
2026-01-02 16:00:00,31.5,32.4348416225248
2026-01-02 17:00:00,38.6,37.33629273558415
2026-01-02 18:00:00,31.2,32.48451980032928
2026-01-02 19:00:00,29.5,29.66810517192431
2026-01-02 20:00:00,19.9,23.742418190771787
2026-01-02 21:00:00,22.3,24.259773711667947
2026-01-02 22:00:00,21.6,23.93795999965596
2026-01-02 23:00:00,21.4,23.111049647589425
2026-01-03 00:00:00,23.0,23.634211722791974
2026-01-03 01:00:00,23.8,24.37334157959549
2026-01-03 02:00:00,26.9,27.214830123747674
2026-01-03 03:00:00,29.0,31.149035655065973
2026-01-03 04:00:00,32.6,34.06409428792779
2026-01-03 05:00:00,35.8,34.71107275535229
2026-01-03 06:00:00,33.9,34.30660687382556
2026-01-03 07:00:00,31.5,31.406986342396067
2026-01-03 08:00:00,28.6,29.92119327724032
2026-01-03 09:00:00,28.5,29.702225484326107
2026-01-03 10:00:00,31.1,30.405857360979496
2026-01-03 11:00:00,29.6,29.96571569897418
2026-01-03 12:00:00,25.4,25.990728383207568
2026-01-03 13:00:00,25.8,25.056868682277354
2026-01-03 14:00:00,31.4,30.17575327019557
2026-01-03 15:00:00,37.3,38.23563151868484
2026-01-03 16:00:00,39.1,40.37130646873487
2026-01-03 17:00:00,43.5,39.0496182577935
2026-01-03 18:00:00,26.8,33.813496900307996
2026-01-03 19:00:00,40.8,41.03777524253741
2026-01-03 20:00:00,48.1,48.2942393375601
2026-01-03 21:00:00,53.6,53.95251271817375
2026-01-03 22:00:00,57.1,57.268273902035844
2026-01-03 23:00:00,57.4,54.64582961820156
2026-01-04 00:00:00,55.9,55.4374898303422
2026-01-04 01:00:00,54.0,53.975504668668634
2026-01-04 02:00:00,55.0,55.24177267196052
2026-01-04 03:00:00,63.1,66.03319952217907
2026-01-04 04:00:00,66.5,66.09127051758185
2026-01-04 05:00:00,64.1,62.779821929864056
2026-01-04 06:00:00,32.4,32.06965378502849
2026-01-04 07:00:00,34.3,40.98553835713324
2026-01-04 08:00:00,36.9,37.913863435543135
2026-01-04 09:00:00,38.2,38.918317370882335
2026-01-04 10:00:00,35.6,36.31942158778526
2026-01-04 11:00:00,32.2,31.966836319898107
2026-01-04 12:00:00,30.0,29.33756328077027
2026-01-04 13:00:00,29.5,29.47562290020312
2026-01-04 14:00:00,28.6,29.31532296780091
2026-01-04 15:00:00,29.9,31.293783777018632
2026-01-04 16:00:00,30.6,33.19438554576237
2026-01-04 17:00:00,31.2,30.742412164711368
2026-01-04 18:00:00,35.9,34.43850373467376
2026-01-04 19:00:00,40.5,39.94474091459938
2026-01-04 20:00:00,37.4,41.01128034629545
2026-01-04 21:00:00,36.6,38.429897516146184
2026-01-04 22:00:00,38.5,39.930531826356514
2026-01-04 23:00:00,37.9,38.95556041023087
2026-01-05 00:00:00,34.9,36.558140025004946
2026-01-05 01:00:00,31.7,33.06751901280029
2026-01-05 02:00:00,27.3,29.614168514144694
2026-01-05 03:00:00,23.5,25.775447380278592
2026-01-05 04:00:00,22.0,23.715276918394807
2026-01-05 05:00:00,23.5,22.050501053864764
2026-01-05 06:00:00,26.7,25.321471309952642
2026-01-05 07:00:00,28.8,30.962438579528452
2026-01-05 08:00:00,31.4,31.893387415953555
2026-01-05 09:00:00,35.6,35.67026775886916
2026-01-05 10:00:00,36.3,35.20689271954035
2026-01-05 11:00:00,30.8,29.733536118901213
2026-01-05 12:00:00,21.1,22.62927110043148
2026-01-05 13:00:00,17.8,17.88581017375151
2026-01-05 14:00:00,21.2,19.511472978779125
2026-01-05 15:00:00,31.9,30.285756090855102
2026-01-05 16:00:00,43.3,41.639284917168084
2026-01-05 17:00:00,57.6,50.851049689439776
2026-01-05 18:00:00,64.5,65.34288982858004
2026-01-05 19:00:00,62.5,61.109887826436136
2026-01-05 20:00:00,51.4,50.58143824078235
2026-01-05 21:00:00,49.5,53.17862025224457
2026-01-05 22:00:00,51.5,53.47899187730337
2026-01-05 23:00:00,53.5,55.99509789175528
2026-01-06 00:00:00,57.0,57.05867665486346
2026-01-06 01:00:00,55.9,53.98399657818118
2026-01-06 02:00:00,60.0,61.095193080934735
2026-01-06 03:00:00,65.0,64.93212243015154
2026-01-06 04:00:00,69.5,71.4604413540352
2026-01-06 05:00:00,66.0,64.75820332419772
2026-01-06 06:00:00,35.8,29.379712159284395
2026-01-06 07:00:00,34.6,39.94014838365865
2026-01-06 08:00:00,32.5,33.44000743136252
2026-01-06 09:00:00,34.9,35.03576092776882
2026-01-06 10:00:00,39.1,37.03995353225082
2026-01-06 11:00:00,39.3,35.69915677986131
2026-01-06 12:00:00,35.6,33.187131335245
2026-01-06 13:00:00,29.8,27.008842393468342
2026-01-06 14:00:00,26.5,24.21426139665266
2026-01-06 15:00:00,22.7,26.261124171932977
2026-01-06 16:00:00,29.2,32.235562245087635
2026-01-06 17:00:00,29.5,31.278124906676
2026-01-06 18:00:00,21.4,25.60193015882578
2026-01-06 19:00:00,24.7,27.972199334386744
2026-01-06 20:00:00,30.2,31.937833884895667
2026-01-06 21:00:00,34.3,36.72170409135242
2026-01-06 22:00:00,36.9,37.90016479102701
2026-01-06 23:00:00,37.0,38.49148283789589
2026-01-07 00:00:00,36.3,38.58787591138315
2026-01-07 01:00:00,32.8,34.89031537355419
2026-01-07 02:00:00,31.0,30.200845297226806
2026-01-07 03:00:00,30.6,32.23694481112949
2026-01-07 04:00:00,30.1,31.951503708779
2026-01-07 05:00:00,27.7,27.40650655561882
2026-01-07 06:00:00,24.9,25.079645192160797
2026-01-07 07:00:00,28.0,28.567611831375984
2026-01-07 08:00:00,30.7,32.05500447889165
2026-01-07 09:00:00,32.3,32.332507042443865
2026-01-07 10:00:00,31.3,30.54745292210191
2026-01-07 11:00:00,27.8,26.951622746360613
2026-01-07 12:00:00,27.7,27.342513632722273
2026-01-07 13:00:00,17.8,17.684810728638354
2026-01-07 14:00:00,10.1,10.005656348351181
2026-01-07 15:00:00,5.3,7.868080037440109
2026-01-07 16:00:00,5.2,7.9827520111346075
2026-01-07 17:00:00,12.2,15.941990786793667
2026-01-07 18:00:00,354.4,4.51788085894043
2026-01-07 19:00:00,343.7,352.8453462409746
2026-01-07 20:00:00,349.9,355.0478109441031
2026-01-07 21:00:00,357.6,9.067161282075972
2026-01-07 22:00:00,0.3,5.6938660900182185
2026-01-07 23:00:00,2.5,2.241532949927773
2026-01-08 00:00:00,359.3,2.2647988794024627
2026-01-08 01:00:00,356.6,0.5017211100619647
2026-01-08 02:00:00,1.2,5.108757437166503
2026-01-08 03:00:00,13.9,20.47260601749747
2026-01-08 04:00:00,23.4,24.78417159796004
2026-01-08 05:00:00,36.2,37.06750365346568
2026-01-08 06:00:00,60.6,55.32928843784413
2026-01-08 07:00:00,64.8,64.09225059065557
2026-01-08 08:00:00,75.0,73.2351353998032
2026-01-08 09:00:00,78.6,79.97532971580063
2026-01-08 10:00:00,75.6,74.26520036981708
2026-01-08 11:00:00,74.2,71.97608074368071
2026-01-08 12:00:00,70.9,65.29202166941792
2026-01-08 13:00:00,63.9,58.19169198956416
2026-01-08 14:00:00,55.0,51.9127798738383
2026-01-08 15:00:00,35.7,36.84180420230314
2026-01-08 16:00:00,0.8,357.9921405045991
2026-01-08 17:00:00,346.5,351.40411684663337
2026-01-08 18:00:00,343.5,351.8396224642292
2026-01-08 19:00:00,348.3,353.9684314577931
2026-01-08 20:00:00,0.5,15.575007123651687
2026-01-08 21:00:00,23.1,37.29263827404873
2026-01-08 22:00:00,41.8,50.85038643794758
2026-01-08 23:00:00,50.5,56.9751325990303
2026-01-09 00:00:00,52.0,54.12059958650542
2026-01-09 01:00:00,51.5,53.42062266884744
2026-01-09 02:00:00,54.4,54.59344883765283
2026-01-09 03:00:00,58.5,59.61528634236686
2026-01-09 04:00:00,63.9,63.730888094956356
2026-01-09 05:00:00,70.0,65.98321180426285
2026-01-09 06:00:00,60.4,58.66361831362542
2026-01-09 07:00:00,59.6,58.1230393997742
2026-01-09 08:00:00,55.4,52.7994716565953
2026-01-09 09:00:00,55.6,55.05211501599854
2026-01-09 10:00:00,56.4,54.36058002624185
2026-01-09 11:00:00,54.7,52.43080821967595
2026-01-09 12:00:00,50.2,45.91016513639153
2026-01-09 13:00:00,43.1,38.06557614649995
2026-01-09 14:00:00,37.6,35.16123472320521
2026-01-09 15:00:00,34.9,34.216098275403226
2026-01-09 16:00:00,36.4,39.695963521454985
2026-01-09 17:00:00,50.7,48.8589521284938
2026-01-09 18:00:00,30.7,40.29215465039647
2026-01-09 19:00:00,45.6,46.68032886742026
2026-01-09 20:00:00,56.2,56.95271565337805
2026-01-09 21:00:00,66.4,66.93224636818485
2026-01-09 22:00:00,74.8,74.93788008948945
2026-01-09 23:00:00,83.2,84.439741667146
2026-01-10 00:00:00,88.5,89.30307481027364
2026-01-10 01:00:00,85.8,83.53883837974467
2026-01-10 02:00:00,87.4,85.28796923605029
2026-01-10 03:00:00,90.2,87.92324002661661
2026-01-10 04:00:00,90.6,86.77733660306603
2026-01-10 05:00:00,79.8,71.39705703962954
2026-01-10 06:00:00,65.5,62.162582336519336
2026-01-10 07:00:00,82.5,79.41420336458282
2026-01-10 08:00:00,78.6,80.73060588074406
2026-01-10 09:00:00,72.1,70.03839240525826
2026-01-10 10:00:00,92.0,87.42068909374967
2026-01-10 11:00:00,9.9,343.291233362181
2026-01-10 12:00:00,91.1,44.95262870524493
2026-01-10 13:00:00,74.5,53.23705844605564
2026-01-10 14:00:00,21.0,359.0025308482616
2026-01-10 15:00:00,27.3,27.212204761233693
2026-01-10 16:00:00,27.4,32.08935027192291
2026-01-10 17:00:00,38.2,41.821135046666825
2026-01-10 18:00:00,34.3,39.78887413072357
2026-01-10 19:00:00,35.7,40.316864652205766
2026-01-10 20:00:00,46.2,50.89862146886077
2026-01-10 21:00:00,58.1,61.233233884459366
2026-01-10 22:00:00,62.2,64.23820014177022
2026-01-10 23:00:00,62.2,60.89008861446513
2026-01-11 00:00:00,61.2,60.61649326222323
2026-01-11 01:00:00,59.5,59.087234621866514
2026-01-11 02:00:00,77.0,79.91086883222039
2026-01-11 03:00:00,86.9,84.13426760422777
2026-01-11 04:00:00,87.8,84.65984298218774
2026-01-11 05:00:00,92.2,88.57474777181875
2026-01-11 06:00:00,56.0,53.88666268075724
2026-01-11 07:00:00,60.4,56.64653216218295
2026-01-11 08:00:00,72.5,78.96074239489917
2026-01-11 09:00:00,74.4,73.38874475730222
2026-01-11 10:00:00,74.7,70.35441583268891
2026-01-11 11:00:00,70.0,62.39598445377254
2026-01-11 12:00:00,58.8,48.18743975722606
2026-01-11 13:00:00,44.6,31.148117059411334
2026-01-11 14:00:00,40.6,32.455709528399325
2026-01-11 15:00:00,36.0,34.71354022016851
2026-01-11 16:00:00,29.7,29.64621783902271
2026-01-11 17:00:00,26.4,25.856990173774875
2026-01-11 18:00:00,25.8,29.282095056849528
2026-01-11 19:00:00,22.2,27.398804101985775
2026-01-11 20:00:00,21.5,26.219359663745365
2026-01-11 21:00:00,16.2,20.729747040677807
2026-01-11 22:00:00,17.0,22.3810988817728
2026-01-11 23:00:00,17.8,21.43766833283337
2026-01-12 00:00:00,21.9,25.069965202346737
2026-01-12 01:00:00,28.3,30.890746758631053
2026-01-12 02:00:00,33.2,35.70864391446196
2026-01-12 03:00:00,39.4,40.5961452966294
2026-01-12 04:00:00,44.8,46.55665741787067
2026-01-12 05:00:00,50.5,49.46753210387834
2026-01-12 06:00:00,39.7,41.64029048834982
2026-01-12 07:00:00,39.8,39.443237343096996
2026-01-12 08:00:00,38.2,38.439911724260696
2026-01-12 09:00:00,38.0,38.56235053943357
2026-01-12 10:00:00,42.1,39.631788450273916
2026-01-12 11:00:00,44.7,39.95131701399566
2026-01-12 12:00:00,42.3,37.95575906061265
2026-01-12 13:00:00,36.0,29.808057354306357
2026-01-12 14:00:00,26.4,22.618349549912693
2026-01-12 15:00:00,17.6,15.082139118741622
2026-01-12 16:00:00,12.6,12.595269231428233
2026-01-12 17:00:00,12.9,15.470314965624539
2026-01-12 18:00:00,7.1,10.451325527919778
2026-01-12 19:00:00,7.7,11.00615289993658
2026-01-12 20:00:00,18.7,22.450615840361422
2026-01-12 21:00:00,38.0,44.53775444022119
2026-01-12 22:00:00,51.4,54.91620788831102
2026-01-12 23:00:00,54.6,57.222198317503285
2026-01-13 00:00:00,54.8,55.975143407984035
2026-01-13 01:00:00,57.7,57.45946751090071
2026-01-13 02:00:00,60.3,60.02889213689349
2026-01-13 03:00:00,63.8,62.11370774855607
2026-01-13 04:00:00,64.7,65.93758230617584
2026-01-13 05:00:00,65.0,60.348421132851
2026-01-13 06:00:00,59.6,57.02092153101637
2026-01-13 07:00:00,59.2,59.82060784662144
2026-01-13 08:00:00,60.4,60.79290889489948
2026-01-13 09:00:00,60.1,58.97768035831342
2026-01-13 10:00:00,54.3,50.58253660250432
2026-01-13 11:00:00,45.6,37.40626035920303
2026-01-13 12:00:00,38.3,30.21356015740554
2026-01-13 13:00:00,26.8,19.34266622058533
2026-01-13 14:00:00,14.1,9.37019180720381
2026-01-13 15:00:00,1.9,1.941208662382337
2026-01-13 16:00:00,355.7,358.4069883588395
2026-01-13 17:00:00,359.7,2.598871264656964
2026-01-13 18:00:00,359.5,13.690192362251992
2026-01-13 19:00:00,3.2,12.30726572594665
2026-01-13 20:00:00,3.0,14.564016437089776
2026-01-13 21:00:00,10.6,17.463121521991013
2026-01-13 22:00:00,24.0,31.50892506816041
2026-01-13 23:00:00,43.0,47.70797666208
2026-01-14 00:00:00,54.9,57.84099961935425
2026-01-14 01:00:00,55.3,57.378387890431384
2026-01-14 02:00:00,59.2,58.187729824721714
2026-01-14 03:00:00,62.2,62.07640334710851
2026-01-14 04:00:00,62.8,61.68327347962452
2026-01-14 05:00:00,56.6,53.693503591515366
2026-01-14 06:00:00,47.9,46.01570471560183
2026-01-14 07:00:00,43.7,44.23518671613232
2026-01-14 08:00:00,45.8,44.082678575104524
2026-01-14 09:00:00,45.0,44.22892348951524
2026-01-14 10:00:00,35.6,33.12170581553488
2026-01-14 11:00:00,25.8,20.170746032601187
2026-01-14 12:00:00,26.4,22.128152157330533
2026-01-14 13:00:00,21.0,17.104470902324863
2026-01-14 14:00:00,12.3,8.645618678047072
2026-01-14 15:00:00,1.6,2.1106408263905223
2026-01-14 16:00:00,357.3,359.2735338766631
2026-01-14 17:00:00,359.6,0.6447758799200756
2026-01-14 18:00:00,14.8,23.641509020202932
2026-01-14 19:00:00,27.1,32.64909646156866
2026-01-14 20:00:00,35.9,42.29975177157485
2026-01-14 21:00:00,43.4,46.89928683965945
2026-01-14 22:00:00,41.1,41.08190549506281
2026-01-14 23:00:00,34.8,36.67038412997306
2026-01-15 00:00:00,31.4,33.44164523021118
2026-01-15 01:00:00,30.6,32.05451383637143
2026-01-15 02:00:00,26.6,28.768997927398686
2026-01-15 03:00:00,25.7,28.341565037779162
2026-01-15 04:00:00,21.2,22.228612848484147
2026-01-15 05:00:00,18.0,17.585253929353314
2026-01-15 06:00:00,18.0,17.943728054612905
2026-01-15 07:00:00,18.2,18.860802725690462
2026-01-15 08:00:00,21.4,21.46494685878389
2026-01-15 09:00:00,24.3,25.474850694575423
2026-01-15 10:00:00,26.5,24.659460807102846
2026-01-15 11:00:00,10.9,14.866120068971043
2026-01-15 12:00:00,9.8,7.628004279085701
2026-01-15 13:00:00,6.8,6.6165173069014145
2026-01-15 14:00:00,4.9,4.169134054556025
2026-01-15 15:00:00,5.8,5.35408487056219
2026-01-15 16:00:00,7.6,11.925430627794924
2026-01-15 17:00:00,3.3,7.126160296755927
2026-01-15 18:00:00,2.6,6.442326167798626
2026-01-15 19:00:00,1.4,8.119255291241757
2026-01-15 20:00:00,358.9,4.122480494854244
2026-01-15 21:00:00,358.3,0.47052084014586626
2026-01-15 22:00:00,357.7,4.251215770186491
2026-01-15 23:00:00,350.0,358.7726796165747
2026-01-16 00:00:00,347.6,349.3915926166824
2026-01-16 01:00:00,346.3,349.03522583933744
2026-01-16 02:00:00,347.2,350.1606619857162
2026-01-16 03:00:00,348.7,350.51114213231153
2026-01-16 04:00:00,344.6,351.1365259218662
2026-01-16 05:00:00,345.8,346.9318306004321
2026-01-16 06:00:00,337.1,341.2733315038196
2026-01-16 07:00:00,333.4,334.39791259338756
2026-01-16 08:00:00,328.8,331.016132298719
2026-01-16 09:00:00,325.2,330.07861705609275
2026-01-16 10:00:00,326.9,331.6002385585469
2026-01-16 11:00:00,330.0,333.2520514010491
2026-01-16 12:00:00,332.0,331.9653103433189
2026-01-16 13:00:00,333.3,337.7536694571732
2026-01-16 14:00:00,332.6,335.53194424494717
2026-01-16 15:00:00,335.1,335.39675336826383
2026-01-16 16:00:00,333.3,337.1567972366664
2026-01-16 17:00:00,334.1,332.0988097191316
2026-01-16 18:00:00,319.8,321.90645314943504
2026-01-16 19:00:00,319.1,320.9188595320492
2026-01-16 20:00:00,317.3,317.0021546029835
2026-01-16 21:00:00,312.7,313.63664806534666
2026-01-16 22:00:00,311.1,312.17646852186857
2026-01-16 23:00:00,308.5,303.4980155173323
2026-01-17 00:00:00,305.5,301.2315856476909
2026-01-17 01:00:00,306.1,302.6463407872353
2026-01-17 02:00:00,305.1,304.4791017547758
2026-01-17 03:00:00,303.4,302.9590668333278
2026-01-17 04:00:00,301.1,300.8118501260548
2026-01-17 05:00:00,295.5,296.9386819743048
2026-01-17 06:00:00,302.2,301.4143818783866
2026-01-17 07:00:00,294.9,295.0368619632892
2026-01-17 08:00:00,290.1,291.01482898818836
2026-01-17 09:00:00,290.6,290.1830043864032
2026-01-17 10:00:00,292.4,291.4413570326059
2026-01-17 11:00:00,295.3,294.7521524208905
2026-01-17 12:00:00,295.5,296.5126148724317
2026-01-17 13:00:00,293.1,294.9400284051339
2026-01-17 14:00:00,292.4,291.7200868156504
2026-01-17 15:00:00,294.1,292.123715915079
2026-01-17 16:00:00,292.3,291.07082184329875
2026-01-17 17:00:00,288.9,289.34637495574054
2026-01-17 18:00:00,296.7,293.94498601530455
2026-01-17 19:00:00,290.2,288.68023326327227
2026-01-17 20:00:00,274.0,272.98846396160275
2026-01-17 21:00:00,264.6,262.45983224592993
2026-01-17 22:00:00,273.3,271.8393900340063
2026-01-17 23:00:00,274.2,275.290939269865
2026-01-18 00:00:00,270.4,271.3614128273729
2026-01-18 01:00:00,268.6,270.2869563376628
2026-01-18 02:00:00,266.5,266.35499616574475
2026-01-18 03:00:00,263.1,263.16250175660457
2026-01-18 04:00:00,256.0,253.89984026084426
2026-01-18 05:00:00,249.2,251.06460624556328
2026-01-18 06:00:00,228.2,226.6681830492862
2026-01-18 07:00:00,222.2,220.59008163422723
2026-01-18 08:00:00,220.3,219.8925546457766
2026-01-18 09:00:00,222.9,221.86965074535013
2026-01-18 10:00:00,224.5,226.42393529213007
2026-01-18 11:00:00,229.9,229.37947361330873
2026-01-18 12:00:00,241.3,239.9728778025774
2026-01-18 13:00:00,253.6,256.8576711457993
2026-01-18 14:00:00,267.5,271.70558554463463
2026-01-18 15:00:00,287.8,288.2187886137697
2026-01-18 16:00:00,303.3,301.8836590905657
2026-01-18 17:00:00,314.8,315.25217884051006
2026-01-18 18:00:00,317.3,315.42544989989636
2026-01-18 19:00:00,310.7,306.3355408290199
2026-01-18 20:00:00,302.2,300.1081016327751
2026-01-18 21:00:00,295.4,291.65893682653063
2026-01-18 22:00:00,292.8,291.94097935323765
2026-01-18 23:00:00,291.8,291.3070840408982
2026-01-19 00:00:00,292.3,292.0367816399221
2026-01-19 01:00:00,294.7,294.32418880400917
2026-01-19 02:00:00,298.1,297.29727662400575
2026-01-19 03:00:00,291.4,291.0992436043608
2026-01-19 04:00:00,284.3,283.19604460262633
2026-01-19 05:00:00,281.8,283.61720491690687
2026-01-19 06:00:00,279.9,278.4217959006559
2026-01-19 07:00:00,279.1,282.8353240153765
2026-01-19 08:00:00,280.9,284.49310545849
2026-01-19 09:00:00,277.3,281.4471948909449
2026-01-19 10:00:00,278.3,278.5310289527051
2026-01-19 11:00:00,288.8,293.35111930166005
2026-01-19 12:00:00,300.2,302.9894688445419
2026-01-19 13:00:00,307.6,310.54955679880356
2026-01-19 14:00:00,314.3,311.7776339934526
2026-01-19 15:00:00,320.4,316.9714360354765
2026-01-19 16:00:00,327.3,318.47624731079895
2026-01-19 17:00:00,330.1,328.0983306915958
2026-01-19 18:00:00,337.0,339.0810445648478
2026-01-19 19:00:00,335.2,339.27048807289816
2026-01-19 20:00:00,332.7,331.2812639119408
2026-01-19 21:00:00,328.8,328.29379853602694
2026-01-19 22:00:00,326.3,324.4437577608928
2026-01-19 23:00:00,327.0,327.9432041141455
2026-01-20 00:00:00,331.4,332.2351427562847
2026-01-20 01:00:00,335.5,340.3923332802809
2026-01-20 02:00:00,335.8,340.05874979382986
2026-01-20 03:00:00,329.5,330.2545643734336
2026-01-20 04:00:00,328.3,329.0706534667062
2026-01-20 05:00:00,330.0,330.11164685315856
2026-01-20 06:00:00,326.4,326.79955302716286
2026-01-20 07:00:00,331.3,333.8393195728586
2026-01-20 08:00:00,333.9,336.9860305506338
2026-01-20 09:00:00,332.1,338.06547890281377
2026-01-20 10:00:00,331.2,332.7829942841386
2026-01-20 11:00:00,327.8,329.4508468539853
2026-01-20 12:00:00,324.5,326.3916416847015
2026-01-20 13:00:00,323.9,327.9469658616535
2026-01-20 14:00:00,327.1,328.69147904536123
2026-01-20 15:00:00,331.5,332.1550239501792
2026-01-20 16:00:00,335.7,341.63176803908607
2026-01-20 17:00:00,340.7,345.2848041138987
2026-01-20 18:00:00,347.3,353.303025163594
2026-01-20 19:00:00,357.0,359.8784986581911
2026-01-20 20:00:00,7.0,12.406728551698336
2026-01-20 21:00:00,12.1,18.466279089953616
2026-01-20 22:00:00,14.3,17.816392008928517
2026-01-20 23:00:00,17.2,14.653876457022193
2026-01-21 00:00:00,18.4,19.357864557314656
2026-01-21 01:00:00,19.6,20.5372086705068
2026-01-21 02:00:00,20.2,19.92026117264851
2026-01-21 03:00:00,19.2,19.400672336903312
2026-01-21 04:00:00,18.4,18.72523855182112
2026-01-21 05:00:00,20.5,18.829479054071555
2026-01-21 06:00:00,19.1,18.784665504813802
2026-01-21 07:00:00,21.4,21.524942501922055
2026-01-21 08:00:00,24.5,24.330792833003386
2026-01-21 09:00:00,26.9,24.12213985436881
2026-01-21 10:00:00,27.1,27.78499333472695
2026-01-21 11:00:00,23.7,25.55303731825586
2026-01-21 12:00:00,19.7,19.98214935925091
2026-01-21 13:00:00,15.9,13.621197614998437
2026-01-21 14:00:00,13.0,12.564179212415638
2026-01-21 15:00:00,12.4,13.842597180138796
2026-01-21 16:00:00,13.5,14.56803649096588
2026-01-21 17:00:00,15.9,14.716021503702791
2026-01-21 18:00:00,16.1,17.121657360186248
2026-01-21 19:00:00,18.6,21.444872258052726
2026-01-21 20:00:00,22.1,24.625796515783065
2026-01-21 21:00:00,24.2,26.4841849436944
2026-01-21 22:00:00,25.4,25.304744936262864
2026-01-21 23:00:00,26.2,27.90525641561385
2026-01-22 00:00:00,27.4,28.252237047008634
2026-01-22 01:00:00,26.4,27.89599701056227
2026-01-22 02:00:00,25.1,27.27651843082174
2026-01-22 03:00:00,25.2,26.414814767647215
2026-01-22 04:00:00,26.0,26.379443668836075
2026-01-22 05:00:00,27.0,26.367579599490966
2026-01-22 06:00:00,23.7,25.42199209513467
2026-01-22 07:00:00,22.6,22.6030122940748
2026-01-22 08:00:00,24.0,23.557774029350128
2026-01-22 09:00:00,26.7,24.71935857846711
2026-01-22 10:00:00,27.6,28.829605285121147
2026-01-22 11:00:00,26.5,26.312694208006405
2026-01-22 12:00:00,24.4,25.64366785982611
2026-01-22 13:00:00,22.6,20.535313857174458
2026-01-22 14:00:00,20.2,19.27311764683452
2026-01-22 15:00:00,19.2,18.485449859028506
2026-01-22 16:00:00,20.5,19.5469813464436
2026-01-22 17:00:00,23.7,22.818641598731404
2026-01-22 18:00:00,26.0,25.943434391190976
2026-01-22 19:00:00,29.4,29.81225653942289
2026-01-22 20:00:00,30.5,30.89369875782137
2026-01-22 21:00:00,30.7,29.67287573018706
2026-01-22 22:00:00,31.8,31.798151915034452
2026-01-22 23:00:00,33.0,32.75607295054169
2026-01-23 00:00:00,34.8,34.906738046913915
2026-01-23 01:00:00,36.6,35.43557148758248
2026-01-23 02:00:00,37.6,37.5995208756724
2026-01-23 03:00:00,37.9,38.20576573685452
2026-01-23 04:00:00,38.6,39.15650850152065
2026-01-23 05:00:00,38.5,35.908956946394824
2026-01-23 06:00:00,31.6,33.43407404773558
2026-01-23 07:00:00,31.5,32.433343712933834
2026-01-23 08:00:00,31.1,31.72077047888797
2026-01-23 09:00:00,31.6,31.539028536591104
2026-01-23 10:00:00,31.1,30.241141773985248
2026-01-23 11:00:00,28.2,26.974142345087614
2026-01-23 12:00:00,27.0,26.071042622226344
2026-01-23 13:00:00,26.1,26.337917826994556
2026-01-23 14:00:00,26.6,27.238348235823935
2026-01-23 15:00:00,28.7,29.35450351490715
2026-01-23 16:00:00,32.8,33.24818857659318
2026-01-23 17:00:00,36.5,34.19498362448161
2026-01-23 18:00:00,34.4,35.27046624114496
2026-01-23 19:00:00,34.7,34.76796715162493
2026-01-23 20:00:00,34.6,34.61805499530135
2026-01-23 21:00:00,35.5,34.832200100853925
2026-01-23 22:00:00,32.8,32.762982501212036
2026-01-23 23:00:00,29.8,30.144007205790842
2026-01-24 00:00:00,31.8,32.27469238372788
2026-01-24 01:00:00,37.4,36.32981967569049
2026-01-24 02:00:00,42.4,40.07560170520742
2026-01-24 03:00:00,43.8,43.365954042900796
2026-01-24 04:00:00,45.8,45.388553952260395
2026-01-24 05:00:00,47.3,43.965045845335055
2026-01-24 06:00:00,40.5,40.842180267669846
2026-01-24 07:00:00,39.5,40.69685480095552
2026-01-24 08:00:00,40.4,40.40354623200119
2026-01-24 09:00:00,39.7,39.289483974969244
2026-01-24 10:00:00,36.6,35.27790699866375
2026-01-24 11:00:00,32.9,32.67065005537603
2026-01-24 12:00:00,30.5,28.75518279205454
2026-01-24 13:00:00,26.9,26.673544058834352
2026-01-24 14:00:00,26.3,26.826138075480173
2026-01-24 15:00:00,27.3,28.20919916155998
2026-01-24 16:00:00,28.6,30.365227287377024
2026-01-24 17:00:00,32.2,31.027295527965293
2026-01-24 18:00:00,28.8,29.25104850436719
2026-01-24 19:00:00,32.6,34.0630301324062
2026-01-24 20:00:00,34.8,36.07118056520392
2026-01-24 21:00:00,34.2,35.98532505102463
2026-01-24 22:00:00,33.3,33.61625287498276
2026-01-24 23:00:00,31.0,32.762827190888856
2026-01-25 00:00:00,31.7,33.63762675435288
2026-01-25 01:00:00,31.9,31.726408398444562
2026-01-25 02:00:00,30.6,30.818372037987274
2026-01-25 03:00:00,31.3,31.546312412451414
2026-01-25 04:00:00,33.5,33.56550823038691
2026-01-25 05:00:00,37.3,35.354087587882304
2026-01-25 06:00:00,34.4,33.533157829140805
2026-01-25 07:00:00,40.0,38.00963119491411
2026-01-25 08:00:00,38.6,39.59401419847285
2026-01-25 09:00:00,34.8,34.439993726774105
2026-01-25 10:00:00,31.9,29.2293486737492
2026-01-25 11:00:00,28.0,25.7879907598126
2026-01-25 12:00:00,22.3,19.611605579091076
2026-01-25 13:00:00,13.0,11.138807727091091
2026-01-25 14:00:00,1.4,359.75608334153833
2026-01-25 15:00:00,354.3,354.86962456424357
2026-01-25 16:00:00,358.1,0.8184259316492444
2026-01-25 17:00:00,9.7,11.076508574634886
2026-01-25 18:00:00,14.1,19.87564627696372
2026-01-25 19:00:00,15.4,22.071612515744448
2026-01-25 20:00:00,20.1,23.48718068380697
2026-01-25 21:00:00,25.4,27.246947179907295
2026-01-25 22:00:00,25.2,26.033757538075804
2026-01-25 23:00:00,22.9,22.538500757462657
2026-01-26 00:00:00,24.4,24.071243561669462
2026-01-26 01:00:00,33.6,33.07279262988948
2026-01-26 02:00:00,40.8,41.803758323039915
2026-01-26 03:00:00,42.2,43.89918833571369
2026-01-26 04:00:00,42.1,42.1130861522314
2026-01-26 05:00:00,41.8,40.125585108121754
2026-01-26 06:00:00,27.3,31.878786084006663
2026-01-26 07:00:00,32.8,34.32241582170025
2026-01-26 08:00:00,39.7,39.03002658639571
2026-01-26 09:00:00,42.9,43.73084350337314
2026-01-26 10:00:00,45.3,42.36653199794591
2026-01-26 11:00:00,47.0,44.25575350420644
2026-01-26 12:00:00,49.2,46.487631579896856
2026-01-26 13:00:00,49.7,48.899521032998905
2026-01-26 14:00:00,48.9,48.34499738479292
2026-01-26 15:00:00,53.5,54.127861490314956
2026-01-26 16:00:00,55.5,55.61217063349437
2026-01-26 17:00:00,55.6,53.02214701007972
2026-01-26 18:00:00,48.8,49.80577357964802
2026-01-26 19:00:00,41.9,44.553894127298804
2026-01-26 20:00:00,42.8,46.13791449704604
2026-01-26 21:00:00,43.0,43.774987499892575
2026-01-26 22:00:00,46.5,47.26850735320966
2026-01-26 23:00:00,51.4,51.34434114303042
2026-01-27 00:00:00,56.0,56.45489725840304
2026-01-27 01:00:00,58.8,58.72749785442039
2026-01-27 02:00:00,59.3,60.41701857800041
2026-01-27 03:00:00,58.6,59.308368541004825
2026-01-27 04:00:00,57.2,57.47752631944343
2026-01-27 05:00:00,59.4,56.52800915041496
2026-01-27 06:00:00,51.0,50.96771050094958
2026-01-27 07:00:00,54.8,55.80746565991228
2026-01-27 08:00:00,49.5,50.099370279691925
2026-01-27 09:00:00,48.3,48.86797349160935
2026-01-27 10:00:00,53.1,50.65878430343599
2026-01-27 11:00:00,55.4,51.11111740066593
2026-01-27 12:00:00,53.5,50.41671595097239
2026-01-27 13:00:00,50.6,48.19470122614683
2026-01-27 14:00:00,47.5,45.96015921921247
2026-01-27 15:00:00,44.7,45.52690109022632
2026-01-27 16:00:00,43.5,44.80493416734038
2026-01-27 17:00:00,46.9,44.49454867672051
2026-01-27 18:00:00,40.9,42.16791580457328
2026-01-27 19:00:00,42.6,43.70404037730407
2026-01-27 20:00:00,45.1,45.950044368289014
2026-01-27 21:00:00,46.1,46.76943324732383
2026-01-27 22:00:00,47.8,48.51251096413472
2026-01-27 23:00:00,47.3,48.48908240849562
2026-01-28 00:00:00,47.8,49.227737673784134
2026-01-28 01:00:00,50.1,49.838535719071956
2026-01-28 02:00:00,51.3,51.53559437947325
2026-01-28 03:00:00,52.0,52.31621544022585
2026-01-28 04:00:00,51.2,52.48506021189121
2026-01-28 05:00:00,48.9,47.865887040595055
2026-01-28 06:00:00,36.0,39.58030750888855
2026-01-28 07:00:00,37.5,37.84157564738041
2026-01-28 08:00:00,38.3,39.09253904374134
2026-01-28 09:00:00,38.3,38.491824027285645
2026-01-28 10:00:00,38.3,36.90641687579517
2026-01-28 11:00:00,37.1,35.382115875955265
2026-01-28 12:00:00,36.4,34.73332269462577
2026-01-28 13:00:00,33.4,32.648955510492215
2026-01-28 14:00:00,30.0,28.770558501954497
2026-01-28 15:00:00,26.7,27.678364839760604
2026-01-28 16:00:00,22.8,26.493705821739184
2026-01-28 17:00:00,22.5,22.699124896088506
2026-01-28 18:00:00,14.2,17.6287178228543
2026-01-28 19:00:00,23.8,26.053679159392345
2026-01-28 20:00:00,32.6,36.16405649686169
2026-01-28 21:00:00,39.6,40.90244008404687
2026-01-28 22:00:00,42.8,43.74487080246962
2026-01-28 23:00:00,41.8,42.458348802246064
2026-01-29 00:00:00,38.8,38.90437390229994
2026-01-29 01:00:00,36.9,37.367825953584315
2026-01-29 02:00:00,35.8,36.398977730043214
2026-01-29 03:00:00,35.5,35.61882700320035
2026-01-29 04:00:00,35.6,36.22934938772039
2026-01-29 05:00:00,35.5,34.22457518441297
2026-01-29 06:00:00,31.9,31.217890903641546
2026-01-29 07:00:00,33.8,32.65917709447342
2026-01-29 08:00:00,35.3,35.986482888732496
2026-01-29 09:00:00,35.5,34.616241409238455
2026-01-29 10:00:00,36.2,34.71443909629278
2026-01-29 11:00:00,36.2,33.77600524372025
2026-01-29 12:00:00,35.7,33.19998145356175
2026-01-29 13:00:00,34.4,32.6890274559733
2026-01-29 14:00:00,32.7,31.155574678684047
2026-01-29 15:00:00,29.7,30.758900807815394
2026-01-29 16:00:00,28.3,29.2158165740542
2026-01-29 17:00:00,29.9,28.355587995667463
2026-01-29 18:00:00,29.7,30.43928444916918
2026-01-29 19:00:00,33.1,34.46705740871943
2026-01-29 20:00:00,36.8,36.869074997048415
2026-01-29 21:00:00,39.2,39.81328945545789
2026-01-29 22:00:00,39.6,39.82934711193758
2026-01-29 23:00:00,39.8,40.13542186812765
2026-01-30 00:00:00,40.9,40.32199468694489
2026-01-30 01:00:00,37.3,38.19325291144992
2026-01-30 02:00:00,33.3,33.79036889730685
2026-01-30 03:00:00,28.8,29.240314821225297
2026-01-30 04:00:00,26.8,27.15389302919732
2026-01-30 05:00:00,27.1,25.78327403491261
2026-01-30 06:00:00,22.4,24.479568508323382
2026-01-30 07:00:00,28.0,29.79755282152962
2026-01-30 08:00:00,33.2,34.13589782633318
2026-01-30 09:00:00,35.1,36.016247335949345
2026-01-30 10:00:00,32.1,32.307855758525875
2026-01-30 11:00:00,29.9,28.014182621526913
2026-01-30 12:00:00,29.1,27.4348508390774
2026-01-30 13:00:00,32.4,29.487839269431277
2026-01-30 14:00:00,38.7,36.04608303523139
2026-01-30 15:00:00,42.1,43.156446480512216
2026-01-30 16:00:00,40.0,40.990337072001694
2026-01-30 17:00:00,38.3,37.46093896226756
2026-01-30 18:00:00,29.7,33.47523772650686
2026-01-30 19:00:00,32.9,34.58922312759972
2026-01-30 20:00:00,26.0,29.849628802819552
2026-01-30 21:00:00,24.5,26.782969193301824
2026-01-30 22:00:00,23.9,25.481682424243786
2026-01-30 23:00:00,22.6,22.67703796052143
2026-01-31 00:00:00,24.3,23.374234532234652
2026-01-31 01:00:00,27.0,27.85547362320591
2026-01-31 02:00:00,28.8,30.202831898559396
2026-01-31 03:00:00,30.6,32.444182836400046
2026-01-31 04:00:00,30.8,31.931928394289457
2026-01-31 05:00:00,33.3,31.45652910202068
2026-01-31 06:00:00,31.0,30.492404350777008
2026-01-31 07:00:00,36.0,36.00051901286736
2026-01-31 08:00:00,40.9,40.36485158801139
2026-01-31 09:00:00,46.2,43.93921234297932
2026-01-31 10:00:00,48.6,46.67871952778307
2026-01-31 11:00:00,39.8,39.43693833895418
2026-01-31 12:00:00,34.4,34.097291017443126
2026-01-31 13:00:00,33.3,32.90830890828221
2026-01-31 14:00:00,36.7,36.32708712040812
2026-01-31 15:00:00,42.9,42.62703136785029
2026-01-31 16:00:00,50.7,48.42429683605434
2026-01-31 17:00:00,57.6,56.488640198912094
2026-01-31 18:00:00,44.1,44.16404528703765
2026-01-31 19:00:00,45.7,46.771617005819394
2026-01-31 20:00:00,48.6,48.132843646904405
2026-01-31 21:00:00,53.1,52.82623508791198
2026-01-31 22:00:00,57.1,58.11062417603364
2026-01-31 23:00:00,61.0,60.342344528591184
2026-02-01 00:00:00,66.5,65.11252243577684
2026-02-01 01:00:00,72.9,71.33476177199208
2026-02-01 02:00:00,78.1,77.80072012277412
2026-02-01 03:00:00,81.1,81.3468048469303
2026-02-01 04:00:00,81.4,78.90041674319178
2026-02-01 05:00:00,82.5,78.22519968673117
2026-02-01 06:00:00,71.2,68.65621369363583
2026-02-01 07:00:00,63.9,62.59278767923615
2026-02-01 08:00:00,58.9,58.618589383592564
2026-02-01 09:00:00,57.3,57.87188599689699
2026-02-01 10:00:00,55.8,55.31818356620198
2026-02-01 11:00:00,50.4,49.32320288225634
2026-02-01 12:00:00,43.0,40.19468456659564
2026-02-01 13:00:00,37.9,34.269003378765944
2026-02-01 14:00:00,37.6,35.141410120230034
2026-02-01 15:00:00,41.2,43.01321118033695
2026-02-01 16:00:00,37.2,41.61159970142711
2026-02-01 17:00:00,37.7,38.86383618375578
2026-02-01 18:00:00,29.5,32.00684695354175
2026-02-01 19:00:00,34.7,37.77745089410166
2026-02-01 20:00:00,41.5,44.12678132982421
2026-02-01 21:00:00,46.7,46.17812794483069
2026-02-01 22:00:00,46.7,48.52326160414901
2026-02-01 23:00:00,43.0,44.186424064415746
2026-02-02 00:00:00,42.6,43.24786525432569
2026-02-02 01:00:00,43.9,42.88360146330376
2026-02-02 02:00:00,44.3,43.939600125783386
2026-02-02 03:00:00,48.7,49.261949370381444
2026-02-02 04:00:00,55.5,55.11387067243635
2026-02-02 05:00:00,58.2,55.40220694135394
2026-02-02 06:00:00,49.2,49.922879638516406
2026-02-02 07:00:00,52.9,53.858615173100816
2026-02-02 08:00:00,56.8,57.730412962879655
2026-02-02 09:00:00,56.1,55.602563265369156
2026-02-02 10:00:00,55.2,53.56278095069888
2026-02-02 11:00:00,52.8,51.223863002055225
2026-02-02 12:00:00,52.5,50.319764908703974
2026-02-02 13:00:00,44.3,44.68179142831809
2026-02-02 14:00:00,41.8,42.167267572287756
2026-02-02 15:00:00,44.3,44.627791410893735
2026-02-02 16:00:00,45.3,45.7627512040516
2026-02-02 17:00:00,48.3,43.08318423321168
2026-02-02 18:00:00,43.6,44.1650773478238
2026-02-02 19:00:00,46.3,47.10530253045948
2026-02-02 20:00:00,43.9,46.153918982866344
2026-02-02 21:00:00,39.1,41.2086290616096
2026-02-02 22:00:00,38.6,40.42349012714726
2026-02-02 23:00:00,38.0,39.83187588607268
2026-02-03 00:00:00,37.3,38.709264263887974
2026-02-03 01:00:00,38.2,39.215689407073796
2026-02-03 02:00:00,41.6,42.3188551871516
2026-02-03 03:00:00,40.6,42.421640136829694
2026-02-03 04:00:00,40.7,41.75232451052875
2026-02-03 05:00:00,44.3,42.90293677197434
2026-02-03 06:00:00,37.9,38.86659430966108
2026-02-03 07:00:00,41.4,41.311740966194236
2026-02-03 08:00:00,41.4,41.85093945290055
2026-02-03 09:00:00,40.6,40.521750074328224
2026-02-03 10:00:00,38.9,38.139388513412825
2026-02-03 11:00:00,37.0,34.773280183097086
2026-02-03 12:00:00,35.9,34.43842963292093
2026-02-03 13:00:00,33.1,31.9189736542657
2026-02-03 14:00:00,30.1,29.624204653706727
2026-02-03 15:00:00,26.2,28.110499259086794
2026-02-03 16:00:00,28.8,32.14139430868789
2026-02-03 17:00:00,35.2,33.59232457882001
2026-02-03 18:00:00,27.3,29.937393446059048
2026-02-03 19:00:00,29.5,30.813536712317273
2026-02-03 20:00:00,32.7,34.595012570198605
2026-02-03 21:00:00,35.9,36.54723099229318
2026-02-03 22:00:00,40.2,41.62690955047697
2026-02-03 23:00:00,42.9,42.8924494251753
2026-02-04 00:00:00,43.6,44.242454855751305
2026-02-04 01:00:00,43.3,42.6181898319025
2026-02-04 02:00:00,44.2,43.28278001540508
2026-02-04 03:00:00,43.4,43.38952246751745
2026-02-04 04:00:00,41.3,41.310312011241535
2026-02-04 05:00:00,40.5,39.072633152211495
2026-02-04 06:00:00,35.1,35.99236271319796
2026-02-04 07:00:00,35.5,35.690835543676826
2026-02-04 08:00:00,37.1,36.83745128438295
2026-02-04 09:00:00,39.0,38.93969805383824
2026-02-04 10:00:00,39.4,37.81779644369658
2026-02-04 11:00:00,34.7,33.31740529150818
2026-02-04 12:00:00,30.8,27.67008097590201
2026-02-04 13:00:00,23.3,22.356935595650214
2026-02-04 14:00:00,13.1,10.557412979372202
2026-02-04 15:00:00,8.6,7.2343987436800035
2026-02-04 16:00:00,13.4,14.538978013353756
2026-02-04 17:00:00,22.8,25.121063083636898
2026-02-04 18:00:00,24.1,28.478060320978784
2026-02-04 19:00:00,23.8,25.267751261381477
2026-02-04 20:00:00,28.2,31.385295272571796
2026-02-04 21:00:00,32.6,35.30151533920724
2026-02-04 22:00:00,33.7,35.56551939924054
2026-02-04 23:00:00,35.7,36.9827429696752
2026-02-05 00:00:00,35.5,34.43469268523546
2026-02-05 01:00:00,34.4,33.80260071514243
2026-02-05 02:00:00,34.8,34.472362504197065
2026-02-05 03:00:00,34.0,33.59015170679908
2026-02-05 04:00:00,32.3,33.32840746918299
2026-02-05 05:00:00,33.2,32.09170852766147
2026-02-05 06:00:00,33.5,34.331307006332224
2026-02-05 07:00:00,31.1,32.87700255156312
2026-02-05 08:00:00,27.5,29.884564746848582
2026-02-05 09:00:00,27.0,28.461646315873054
2026-02-05 10:00:00,27.4,26.823897549208937
2026-02-05 11:00:00,28.2,26.774014332934485
2026-02-05 12:00:00,26.0,25.688701451820407
2026-02-05 13:00:00,19.7,21.345887805081873
2026-02-05 14:00:00,8.8,8.88873034182103
2026-02-05 15:00:00,5.5,5.547514276795994
2026-02-05 16:00:00,12.4,15.459685129136915
2026-02-05 17:00:00,17.5,19.484031759852826
2026-02-05 18:00:00,6.9,11.172917213117046
2026-02-05 19:00:00,4.5,9.698035791906477
2026-02-05 20:00:00,9.7,12.839255297980799
2026-02-05 21:00:00,19.0,21.493095849489748
2026-02-05 22:00:00,20.5,23.84780106007031
2026-02-05 23:00:00,18.4,19.5534480365568
2026-02-06 00:00:00,18.2,17.77631830528196
2026-02-06 01:00:00,20.4,20.218698671739276
2026-02-06 02:00:00,21.9,23.711537254978168
2026-02-06 03:00:00,22.0,22.52541138014425
2026-02-06 04:00:00,24.8,23.966743425709637
2026-02-06 05:00:00,27.8,26.223729149078054
2026-02-06 06:00:00,13.3,17.24601897911765
2026-02-06 07:00:00,9.9,11.805735558444383
2026-02-06 08:00:00,19.8,18.788862662453027
2026-02-06 09:00:00,33.2,31.4977338519447
2026-02-06 10:00:00,39.5,37.71625663310624
2026-02-06 11:00:00,45.6,43.37604269765302
2026-02-06 12:00:00,45.3,43.34679318159908
2026-02-06 13:00:00,53.1,54.978220612910036
2026-02-06 14:00:00,57.0,57.28680046675595
2026-02-06 15:00:00,60.7,59.635893493125025
2026-02-06 16:00:00,62.2,60.23941661790616
2026-02-06 17:00:00,65.7,62.77117713361105
2026-02-06 18:00:00,39.5,43.76449556993879
2026-02-06 19:00:00,42.9,44.79121573279065
2026-02-06 20:00:00,48.7,49.370404332869555
2026-02-06 21:00:00,54.2,55.574730225260794
2026-02-06 22:00:00,62.0,61.47551075040991
2026-02-06 23:00:00,76.9,71.93731533082644
2026-02-07 00:00:00,85.2,82.20361878077205
2026-02-07 01:00:00,95.6,93.62504360360015
2026-02-07 02:00:00,106.3,105.17695978528423
2026-02-07 03:00:00,119.4,121.12785594862453
2026-02-07 04:00:00,128.4,130.8109151227253
2026-02-07 05:00:00,135.0,133.04565524532302
2026-02-07 06:00:00,136.1,135.0765076684479
2026-02-07 07:00:00,139.4,141.0947359189371
2026-02-07 08:00:00,138.9,141.46398324053098
2026-02-07 09:00:00,133.8,133.97280907634047
2026-02-07 10:00:00,131.3,131.07084326988365
2026-02-07 11:00:00,133.7,133.10719249487295
2026-02-07 12:00:00,134.4,132.32007466474334
2026-02-07 13:00:00,131.5,129.43825746624623
2026-02-07 14:00:00,125.4,119.85790108273352
2026-02-07 15:00:00,130.7,126.45550862674583
2026-02-07 16:00:00,122.9,123.7083820491664
2026-02-07 17:00:00,135.6,129.97415399191902
2026-02-07 18:00:00,157.4,161.60553015969197
2026-02-07 19:00:00,171.3,177.9497686343542
2026-02-07 20:00:00,131.2,120.89991247472125
2026-02-07 21:00:00,104.5,106.24603416759174
2026-02-07 22:00:00,114.0,103.56770486003069
2026-02-07 23:00:00,113.7,115.76399863617553
2026-02-08 00:00:00,111.5,117.69927161584428
2026-02-08 01:00:00,106.2,86.29332485550208
2026-02-08 02:00:00,191.0,229.71692317393135
2026-02-08 03:00:00,177.9,190.36512176342805
2026-02-08 04:00:00,152.4,73.75298364467227
2026-02-08 05:00:00,136.1,91.39034642831189
2026-02-08 06:00:00,122.6,118.43060461680523
2026-02-08 07:00:00,133.7,127.62420601390727
2026-02-08 08:00:00,150.0,153.26967034702477
2026-02-08 09:00:00,175.5,185.06915685838294
2026-02-08 10:00:00,195.6,199.65646497253653
2026-02-08 11:00:00,207.4,211.24865978522575
2026-02-08 12:00:00,229.8,242.64919031671315
2026-02-08 13:00:00,290.8,314.77668645269785
2026-02-08 14:00:00,341.4,347.84006167575075
2026-02-08 15:00:00,1.7,5.5734314939977025
2026-02-08 16:00:00,24.2,35.26438596979693
2026-02-08 17:00:00,6.4,22.362331209360605
2026-02-08 18:00:00,28.4,35.080793087652694
2026-02-08 19:00:00,21.9,30.50885085881356
2026-02-08 20:00:00,10.8,14.44172445872806
2026-02-08 21:00:00,17.7,23.991547176443305
2026-02-08 22:00:00,30.1,34.26576655008739
2026-02-08 23:00:00,46.3,50.39162797080007
2026-02-09 00:00:00,60.0,62.51936395169844
2026-02-09 01:00:00,68.9,72.01505316527744
2026-02-09 02:00:00,70.0,69.89855207242829
2026-02-09 03:00:00,67.8,67.25668045109637
2026-02-09 04:00:00,64.8,64.88766760961846
2026-02-09 05:00:00,65.9,64.88704274675302
2026-02-09 06:00:00,65.5,64.60880390561499
2026-02-09 07:00:00,64.5,64.08391150130427
2026-02-09 08:00:00,61.0,60.0800979856042
2026-02-09 09:00:00,57.9,58.284407263991966
2026-02-09 10:00:00,55.1,53.56094496373669
2026-02-09 11:00:00,51.8,50.937596503829354
2026-02-09 12:00:00,48.5,46.357849098501674
2026-02-09 13:00:00,43.4,43.24681008973852
2026-02-09 14:00:00,40.4,40.17819941308585
2026-02-09 15:00:00,38.9,40.612837887261946
2026-02-09 16:00:00,34.8,37.59902744646996
2026-02-09 17:00:00,33.5,34.98083802440061
2026-02-09 18:00:00,25.8,28.475975929892
2026-02-09 19:00:00,28.7,32.975752249450125
2026-02-09 20:00:00,33.8,36.792745351759606
2026-02-09 21:00:00,38.8,41.22787276184488
2026-02-09 22:00:00,42.2,43.04675850908342
2026-02-09 23:00:00,41.0,42.380244134368354
2026-02-10 00:00:00,38.5,40.2748837671885
2026-02-10 01:00:00,36.1,37.66173914416828
2026-02-10 02:00:00,29.9,31.718854405515856
2026-02-10 03:00:00,25.0,26.885006915339602
2026-02-10 04:00:00,23.9,26.243979752147595
2026-02-10 05:00:00,29.6,30.057018811818864
2026-02-10 06:00:00,29.0,30.080741653687994
2026-02-10 07:00:00,34.8,34.127235968906064
2026-02-10 08:00:00,40.3,39.698086716459784
2026-02-10 09:00:00,45.4,43.04231007381367
2026-02-10 10:00:00,47.9,45.75895575008178
2026-02-10 11:00:00,45.6,44.044702016012366
2026-02-10 12:00:00,39.1,38.32416573721673
2026-02-10 13:00:00,38.6,37.75091057098018
2026-02-10 14:00:00,40.8,39.39841599251531
2026-02-10 15:00:00,39.5,39.36469317674056
2026-02-10 16:00:00,34.4,37.28780129134083
2026-02-10 17:00:00,32.4,33.44103829253595
2026-02-10 18:00:00,39.0,38.27209082826846
2026-02-10 19:00:00,51.8,48.25676539829158
2026-02-10 20:00:00,60.3,63.10178200401651
2026-02-10 21:00:00,62.0,62.60259533725417
2026-02-10 22:00:00,61.0,59.68086567192745
2026-02-10 23:00:00,57.2,56.4855557938223
2026-02-11 00:00:00,57.2,56.222223177800004
2026-02-11 01:00:00,64.0,62.43262620554174
2026-02-11 02:00:00,64.2,63.09586092161868
2026-02-11 03:00:00,63.2,60.94675332811477
2026-02-11 04:00:00,60.0,58.87658753348177
2026-02-11 05:00:00,61.4,57.85814316475296
2026-02-11 06:00:00,55.1,54.0272273106923
2026-02-11 07:00:00,48.6,50.29573011523195
2026-02-11 08:00:00,48.6,49.384579893036175
2026-02-11 09:00:00,53.3,53.06174649335827
2026-02-11 10:00:00,53.2,52.11135430051581
2026-02-11 11:00:00,52.2,49.34657564569875
2026-02-11 12:00:00,42.7,41.646514077859536
2026-02-11 13:00:00,37.5,35.46763520607834
2026-02-11 14:00:00,31.7,29.374328260471373
2026-02-11 15:00:00,33.6,35.142757602896495
2026-02-11 16:00:00,39.8,41.49780497177778
2026-02-11 17:00:00,47.7,45.786230036218626
2026-02-11 18:00:00,37.6,41.6622357039563
2026-02-11 19:00:00,41.0,43.50483413281364
2026-02-11 20:00:00,42.2,44.29686983400529
2026-02-11 21:00:00,42.6,44.15726084539648
2026-02-11 22:00:00,45.4,45.67576432535435
2026-02-11 23:00:00,50.7,49.58317110369029
2026-02-12 00:00:00,53.9,54.357384956757016
2026-02-12 01:00:00,54.1,54.602703224999175
2026-02-12 02:00:00,57.0,57.367726630406594
2026-02-12 03:00:00,57.6,57.40545557632777
2026-02-12 04:00:00,56.0,56.669533249542326
2026-02-12 05:00:00,51.8,50.34851601142316
2026-02-12 06:00:00,49.5,48.750220816724266
2026-02-12 07:00:00,53.7,53.50472836876952
2026-02-12 08:00:00,54.7,54.50668017189287
2026-02-12 09:00:00,50.5,49.23251090843985
2026-02-12 10:00:00,38.0,36.17451411683351
2026-02-12 11:00:00,32.8,28.5804652263829
2026-02-12 12:00:00,33.5,31.85523750758142
2026-02-12 13:00:00,31.3,31.529473281148796
2026-02-12 14:00:00,27.4,29.725202268227008
2026-02-12 15:00:00,26.8,29.98519245767244
2026-02-12 16:00:00,24.8,29.026977759972738
2026-02-12 17:00:00,24.3,26.315970299298954
2026-02-12 18:00:00,19.7,21.629794922302096
2026-02-12 19:00:00,23.4,25.58882268281809
2026-02-12 20:00:00,25.5,26.526239862587317
2026-02-12 21:00:00,31.5,33.6198387192091
2026-02-12 22:00:00,36.8,38.894319116940665
2026-02-12 23:00:00,40.5,41.36812842116615
2026-02-13 00:00:00,40.2,41.48880214477606
2026-02-13 01:00:00,44.3,44.704127066116996
2026-02-13 02:00:00,47.8,49.15000400915977
2026-02-13 03:00:00,46.3,46.85560119259014
2026-02-13 04:00:00,47.9,48.07733991484588
2026-02-13 05:00:00,55.5,52.53769873625055
2026-02-13 06:00:00,64.5,60.95815573044655
2026-02-13 07:00:00,69.6,67.88211270077818
2026-02-13 08:00:00,65.8,65.10634040710084
2026-02-13 09:00:00,63.1,62.211396164532744
2026-02-13 10:00:00,60.2,58.37278017381141
2026-02-13 11:00:00,53.4,49.167660786759825
2026-02-13 12:00:00,43.7,39.42570672459175
2026-02-13 13:00:00,42.7,39.22751416723679
2026-02-13 14:00:00,36.6,35.18280931626964
2026-02-13 15:00:00,29.5,32.74965400916392
2026-02-13 16:00:00,24.1,26.812128923820467
2026-02-13 17:00:00,24.0,26.942886330425893
2026-02-13 18:00:00,27.1,30.17433997147549
2026-02-13 19:00:00,39.5,43.54096519137289
2026-02-13 20:00:00,49.2,53.81644709671849
2026-02-13 21:00:00,54.6,57.28387505310906
2026-02-13 22:00:00,55.4,57.16432883834
2026-02-13 23:00:00,53.1,53.493096275623486
2026-02-14 00:00:00,51.0,51.68527144843836
2026-02-14 01:00:00,54.1,53.53254577356756
2026-02-14 02:00:00,56.6,56.54604792781845
2026-02-14 03:00:00,55.9,55.43330260903582
2026-02-14 04:00:00,53.5,53.13536331354419
2026-02-14 05:00:00,53.7,50.42583988110027
2026-02-14 06:00:00,46.8,46.038582483566415
2026-02-14 07:00:00,46.7,47.0009186864545
2026-02-14 08:00:00,46.5,46.21631732569358
2026-02-14 09:00:00,44.3,42.95889758516171
2026-02-14 10:00:00,44.4,41.50837056109003
2026-02-14 11:00:00,39.9,36.61760346976945
2026-02-14 12:00:00,34.1,27.178862454610908
2026-02-14 13:00:00,36.0,30.692727493639552
2026-02-14 14:00:00,49.4,45.594329268224385
2026-02-14 15:00:00,67.1,68.84734083557032
2026-02-14 16:00:00,79.0,80.66076482848041
2026-02-14 17:00:00,80.2,78.47675708963266
2026-02-14 18:00:00,73.4,72.58767034343396
2026-02-14 19:00:00,68.0,66.65629756849171
2026-02-14 20:00:00,67.1,67.43205488742319
2026-02-14 21:00:00,69.9,68.50434131775319
2026-02-14 22:00:00,65.8,65.32566273843656
2026-02-14 23:00:00,60.9,59.50975393598475
2026-02-15 00:00:00,57.4,56.63748481934783
2026-02-15 01:00:00,57.3,56.07327037006985
2026-02-15 02:00:00,56.2,56.21356285336782
2026-02-15 03:00:00,56.3,57.386038257536654
2026-02-15 04:00:00,61.6,63.724668424078516
2026-02-15 05:00:00,67.0,64.53414990783045
2026-02-15 06:00:00,64.9,66.09622926788683
2026-02-15 07:00:00,68.2,68.16753708127823
2026-02-15 08:00:00,70.0,69.59979570836185
2026-02-15 09:00:00,69.4,69.07315551604728
2026-02-15 10:00:00,65.6,62.8976218187953
2026-02-15 11:00:00,57.4,52.64955882903871
2026-02-15 12:00:00,47.5,38.617036410546234
2026-02-15 13:00:00,27.5,17.823112062287976
2026-02-15 14:00:00,10.1,8.892959577658473
2026-02-15 15:00:00,3.8,3.5720136491411836
2026-02-15 16:00:00,6.8,9.940810665682307
2026-02-15 17:00:00,14.8,16.960306534659594
2026-02-15 18:00:00,25.0,30.569716260441965
2026-02-15 19:00:00,46.1,54.541452684235026
2026-02-15 20:00:00,61.6,65.71218752274467
2026-02-15 21:00:00,62.8,61.560551361347336
2026-02-15 22:00:00,54.0,54.24614979092314
2026-02-15 23:00:00,48.5,51.57489507972241
2026-02-16 00:00:00,48.7,48.53942877764598
2026-02-16 01:00:00,50.4,49.742898772296144
2026-02-16 02:00:00,51.0,51.82599338326747
2026-02-16 03:00:00,51.8,51.56468458987456
2026-02-16 04:00:00,53.4,52.78724320395082
2026-02-16 05:00:00,54.5,51.79253700437772
2026-02-16 06:00:00,55.0,53.3487254712789
2026-02-16 07:00:00,55.3,53.7347731772781
2026-02-16 08:00:00,56.9,56.18322523510659
2026-02-16 09:00:00,55.2,54.06500327535866
2026-02-16 10:00:00,50.6,48.97271135342072
2026-02-16 11:00:00,48.8,44.719412756537906
2026-02-16 12:00:00,36.4,31.997971797125615
2026-02-16 13:00:00,16.4,10.435092041358075
2026-02-16 14:00:00,359.6,358.4686232449222
2026-02-16 15:00:00,359.6,2.0796942795597033
2026-02-16 16:00:00,4.1,7.093164022178314
2026-02-16 17:00:00,15.4,22.39097736676956
2026-02-16 18:00:00,30.7,39.97683544800668
2026-02-16 19:00:00,45.6,52.246609583880456
2026-02-16 20:00:00,55.8,57.595477025016294
2026-02-16 21:00:00,61.0,62.58925326083477
2026-02-16 22:00:00,61.7,61.1409862148451
2026-02-16 23:00:00,60.6,61.13299974839089
2026-02-17 00:00:00,58.9,57.58740288324077
2026-02-17 01:00:00,58.5,57.71572858613439
2026-02-17 02:00:00,58.8,58.5420122453462
2026-02-17 03:00:00,61.7,61.64805008830433
2026-02-17 04:00:00,63.4,61.994219805199236
2026-02-17 05:00:00,63.4,61.50344593084094
2026-02-17 06:00:00,63.8,61.837141935238265
2026-02-17 07:00:00,66.0,65.01484088917357
2026-02-17 08:00:00,63.9,63.82103511559234
2026-02-17 09:00:00,59.1,59.01762458770372
2026-02-17 10:00:00,55.9,55.14054880338364
2026-02-17 11:00:00,50.3,49.02142633771359
2026-02-17 12:00:00,43.3,41.21196667658705
2026-02-17 13:00:00,36.7,31.72877210470915
2026-02-17 14:00:00,29.3,27.242653479371313
2026-02-17 15:00:00,20.9,21.58668096667924
2026-02-17 16:00:00,17.6,17.906554159699283
2026-02-17 17:00:00,22.5,25.21908200693474
2026-02-17 18:00:00,30.2,36.49017349607823
2026-02-17 19:00:00,39.0,45.27430183537024
2026-02-17 20:00:00,42.7,48.09830386138157
2026-02-17 21:00:00,43.3,45.79318489636643
2026-02-17 22:00:00,45.2,45.30269054391391
2026-02-17 23:00:00,46.7,47.564576856196766
2026-02-18 00:00:00,48.3,48.488281938558316
2026-02-18 01:00:00,46.3,46.86989957381712
2026-02-18 02:00:00,45.1,46.17772198146639
2026-02-18 03:00:00,44.7,45.33475441365084
2026-02-18 04:00:00,43.2,44.67574670176464
2026-02-18 05:00:00,42.1,40.71638498325274
2026-02-18 06:00:00,43.4,42.52864734853915
2026-02-18 07:00:00,43.4,42.310124282115794
2026-02-18 08:00:00,40.4,41.25930922595552
2026-02-18 09:00:00,38.2,38.95869993750148
2026-02-18 10:00:00,38.0,36.720372684517486
2026-02-18 11:00:00,36.9,35.22127968760793
2026-02-18 12:00:00,34.9,34.278851568500556
2026-02-18 13:00:00,31.7,29.47159707220601
2026-02-18 14:00:00,28.6,27.411073171217595
2026-02-18 15:00:00,23.4,24.680267846513686
2026-02-18 16:00:00,20.7,23.71707994084437
2026-02-18 17:00:00,25.5,24.544015409028873
2026-02-18 18:00:00,32.6,33.99308479281939
2026-02-18 19:00:00,37.5,41.58883449025882
2026-02-18 20:00:00,38.9,42.081375752707515
2026-02-18 21:00:00,36.7,38.80281401995262
2026-02-18 22:00:00,37.2,38.51644754068553
2026-02-18 23:00:00,42.3,42.13259260867659
2026-02-19 00:00:00,46.9,47.478861149917236
2026-02-19 01:00:00,51.0,49.917734967625734
2026-02-19 02:00:00,53.2,52.974662195991755
2026-02-19 03:00:00,54.0,53.91850635904177
2026-02-19 04:00:00,55.1,53.51184615102238
2026-02-19 05:00:00,56.9,52.12930313551385
2026-02-19 06:00:00,58.3,55.50560685310836
2026-02-19 07:00:00,55.3,54.887108618583284
2026-02-19 08:00:00,67.8,63.87976538495434
2026-02-19 09:00:00,59.2,61.06815561535001
2026-02-19 10:00:00,59.6,57.98780676889123
2026-02-19 11:00:00,58.1,54.669394544166266
2026-02-19 12:00:00,55.6,53.34596607576043
2026-02-19 13:00:00,53.2,49.47057236019958
2026-02-19 14:00:00,65.1,66.28560736041493
2026-02-19 15:00:00,73.4,69.957626462049
2026-02-19 16:00:00,45.5,47.19168663045093
2026-02-19 17:00:00,38.2,41.42529935343754
2026-02-19 18:00:00,49.1,48.5053906601006
2026-02-19 19:00:00,58.8,60.649560750892476
2026-02-19 20:00:00,64.2,65.84687745610375
2026-02-19 21:00:00,63.6,63.21452940286713
2026-02-19 22:00:00,63.4,61.89452404966329
2026-02-19 23:00:00,63.0,62.18712878908889
2026-02-20 00:00:00,61.0,59.53944483680016
2026-02-20 01:00:00,59.6,58.633255643593145
2026-02-20 02:00:00,53.3,53.66586961190859
2026-02-20 03:00:00,54.8,56.63940916350134
2026-02-20 04:00:00,47.5,46.725998877621066
2026-02-20 05:00:00,51.1,48.28432724492404
2026-02-20 06:00:00,62.4,60.69558274667554
2026-02-20 07:00:00,71.1,70.67225961624598
2026-02-20 08:00:00,67.6,65.91564727511809
2026-02-20 09:00:00,58.0,53.74509474567935
2026-02-20 10:00:00,46.8,38.66759277378287
2026-02-20 11:00:00,36.0,25.266883695823537
2026-02-20 12:00:00,27.3,18.90505633988164
2026-02-20 13:00:00,19.8,13.85163847764369
2026-02-20 14:00:00,18.5,13.343645753383669
2026-02-20 15:00:00,18.4,14.546490363796352
2026-02-20 16:00:00,43.2,46.78224549080187
2026-02-20 17:00:00,65.3,58.772302273447565
2026-02-20 18:00:00,77.3,81.69964460446965
2026-02-20 19:00:00,60.7,63.014634073962554
2026-02-20 20:00:00,46.8,51.83027287909664
2026-02-20 21:00:00,51.8,53.35729865712864
2026-02-20 22:00:00,50.4,51.27225948880704
2026-02-20 23:00:00,41.5,44.15712455130904
2026-02-21 00:00:00,41.8,44.26341422789267
2026-02-21 01:00:00,46.2,46.692156111116276
2026-02-21 02:00:00,56.8,58.89191861273201
2026-02-21 03:00:00,58.2,54.647114161120555
2026-02-21 04:00:00,65.4,62.447116444925825
2026-02-21 05:00:00,58.3,50.936840784639685
2026-02-21 06:00:00,50.2,43.47663953082525
2026-02-21 07:00:00,44.0,46.952295308446764
2026-02-21 08:00:00,38.1,38.190826673309004
2026-02-21 09:00:00,38.7,40.175177966748606
2026-02-21 10:00:00,37.9,36.91653064670362
2026-02-21 11:00:00,35.2,32.07672892660645
2026-02-21 12:00:00,32.8,28.34437239322051
2026-02-21 13:00:00,26.8,21.341491508845024
2026-02-21 14:00:00,24.5,22.153532377439774
2026-02-21 15:00:00,23.9,23.70147061212151
2026-02-21 16:00:00,16.3,17.857781559834734
2026-02-21 17:00:00,14.2,16.811382695225518
2026-02-21 18:00:00,30.2,30.525877867995064
2026-02-21 19:00:00,36.9,42.72454886303939
2026-02-21 20:00:00,39.6,40.782959288191705
2026-02-21 21:00:00,35.7,39.372560843130486
2026-02-21 22:00:00,34.5,36.92974291713887
2026-02-21 23:00:00,36.8,37.560899978954126
2026-02-22 00:00:00,37.9,38.852703691368276
2026-02-22 01:00:00,36.3,37.61272746683062
2026-02-22 02:00:00,34.7,36.30845316233251
2026-02-22 03:00:00,33.4,34.18577844133705
2026-02-22 04:00:00,31.1,32.99311375883076
2026-02-22 05:00:00,28.3,29.458874723543204
2026-02-22 06:00:00,29.3,29.553187658346644
2026-02-22 07:00:00,27.7,28.972983677553543
2026-02-22 08:00:00,27.9,29.790613776401358
2026-02-22 09:00:00,29.3,30.560273622853458
2026-02-22 10:00:00,24.7,25.50934642653982
2026-02-22 11:00:00,26.1,25.544108545567553
2026-02-22 12:00:00,30.4,27.836895388359892
2026-02-22 13:00:00,27.9,28.691715640467862
2026-02-22 14:00:00,28.4,28.663154366607216
2026-02-22 15:00:00,42.2,42.0203296002212
2026-02-22 16:00:00,54.2,54.41905665225528
2026-02-22 17:00:00,71.7,62.21591727462214
2026-02-22 18:00:00,67.4,55.18429963635833
2026-02-22 19:00:00,66.6,57.63201013610711
2026-02-22 20:00:00,63.2,60.99452301421252
2026-02-22 21:00:00,58.8,58.346416913443534
2026-02-22 22:00:00,55.9,49.221716835101404
2026-02-22 23:00:00,58.1,56.98834430908266
2026-02-23 00:00:00,67.9,68.57975399824068
2026-02-23 01:00:00,75.1,66.01665467323323
2026-02-23 02:00:00,78.6,72.09215408004758
2026-02-23 03:00:00,73.0,63.23515877728647
2026-02-23 04:00:00,68.0,64.23076774705788
2026-02-23 05:00:00,60.1,56.16301085488931
2026-02-23 06:00:00,60.8,59.461610949213025
2026-02-23 07:00:00,67.4,67.49312913698606
2026-02-23 08:00:00,66.9,69.08792559267971
2026-02-23 09:00:00,75.7,75.13930550589691
2026-02-23 10:00:00,70.0,73.04405012664881
2026-02-23 11:00:00,56.4,52.284333294125815
2026-02-23 12:00:00,50.2,42.91603615100257
2026-02-23 13:00:00,37.2,27.62259882665967
2026-02-23 14:00:00,30.0,22.013835774283507
2026-02-23 15:00:00,35.6,35.98553517246597
2026-02-23 16:00:00,43.1,46.46385131781068
2026-02-23 17:00:00,52.3,48.93864848048247
2026-02-23 18:00:00,43.6,42.6640549994097
2026-02-23 19:00:00,49.1,48.52355098295527
2026-02-23 20:00:00,58.7,59.882484765705726
2026-02-23 21:00:00,76.0,79.08795425094752
2026-02-23 22:00:00,78.5,81.56535763802412
2026-02-23 23:00:00,81.0,80.02976813225752
2026-02-24 00:00:00,78.8,76.29117695021472
2026-02-24 01:00:00,79.8,77.1393646581173
2026-02-24 02:00:00,76.7,74.93366945659528
2026-02-24 03:00:00,77.6,77.93466678329872
2026-02-24 04:00:00,77.0,76.49400173090487
2026-02-24 05:00:00,75.7,72.87364108749222
2026-02-24 06:00:00,75.7,74.75150805185763
2026-02-24 07:00:00,75.5,73.41294365445094
2026-02-24 08:00:00,74.7,72.69476380784846
2026-02-24 09:00:00,70.0,68.81216683921457
2026-02-24 10:00:00,65.8,63.28666119292717
2026-02-24 11:00:00,54.0,51.56779069526874
2026-02-24 12:00:00,39.3,32.82698511914697
2026-02-24 13:00:00,26.7,19.216444478465064
2026-02-24 14:00:00,30.9,25.902545968485924
2026-02-24 15:00:00,49.2,53.8855535329526
2026-02-24 16:00:00,64.5,67.94639564998369
2026-02-24 17:00:00,67.7,68.14028140140925
2026-02-24 18:00:00,69.8,70.45776379410279
2026-02-24 19:00:00,72.8,72.56836441429527
2026-02-24 20:00:00,72.1,72.50300702030222
2026-02-24 21:00:00,67.4,65.64076289743468
2026-02-24 22:00:00,61.0,61.25039599491083
2026-02-24 23:00:00,62.8,61.38802131060203
2026-02-25 00:00:00,64.7,65.44270970535808
2026-02-25 01:00:00,64.3,62.47055149830112
2026-02-25 02:00:00,62.0,60.55230679459743
2026-02-25 03:00:00,61.8,61.01937653993156
2026-02-25 04:00:00,61.7,59.71605964436105
2026-02-25 05:00:00,66.3,62.72001717863225
2026-02-25 06:00:00,67.4,67.31428544373148
2026-02-25 07:00:00,68.9,68.71882312427664
2026-02-25 08:00:00,64.2,64.1449475270129
2026-02-25 09:00:00,58.6,57.06348468312717
2026-02-25 10:00:00,53.2,48.02187275996971
2026-02-25 11:00:00,32.6,22.173979488191435
2026-02-25 12:00:00,20.8,16.885925038295795
2026-02-25 13:00:00,14.8,7.305414634585986
2026-02-25 14:00:00,18.1,16.061224524532804
2026-02-25 15:00:00,15.4,16.048637246795863
2026-02-25 16:00:00,15.8,20.65463433033659
2026-02-25 17:00:00,13.9,15.050684118517268
2026-02-25 18:00:00,21.2,24.38584255497443
2026-02-25 19:00:00,32.1,37.027441802201
2026-02-25 20:00:00,33.0,39.048488692989736
2026-02-25 21:00:00,35.5,38.398263585681775
2026-02-25 22:00:00,42.7,44.76913760795111
2026-02-25 23:00:00,45.1,45.69170870421544
2026-02-26 00:00:00,45.0,45.46719205889633
2026-02-26 01:00:00,45.4,44.83096899345702
2026-02-26 02:00:00,44.1,43.97620837883471
2026-02-26 03:00:00,46.7,46.74486085163892
2026-02-26 04:00:00,40.5,42.44143644350663
2026-02-26 05:00:00,32.8,31.689565333705502
2026-02-26 06:00:00,28.2,29.401103834366495
2026-02-26 07:00:00,22.5,23.296602924214767
2026-02-26 08:00:00,22.5,22.862560861660654
2026-02-26 09:00:00,26.3,24.036019642364067
2026-02-26 10:00:00,27.0,26.512146156216318
2026-02-26 11:00:00,23.7,23.314669199001457
2026-02-26 12:00:00,17.9,12.146254472315547
2026-02-26 13:00:00,6.9,2.725894653096475
2026-02-26 14:00:00,355.7,353.77163845985547
2026-02-26 15:00:00,354.8,354.9142870879104
2026-02-26 16:00:00,358.2,2.3996955780114604
2026-02-26 17:00:00,356.6,2.9049618112336475
2026-02-26 18:00:00,354.5,1.6020669510511425
2026-02-26 19:00:00,360.0,5.581191384340343
2026-02-26 20:00:00,7.0,10.572359097774438
2026-02-26 21:00:00,14.5,19.765371899026945
2026-02-26 22:00:00,24.9,25.491427577375248
2026-02-26 23:00:00,33.6,36.64813648124061
2026-02-27 00:00:00,38.8,41.475272379867306
2026-02-27 01:00:00,40.5,40.50756001937356
2026-02-27 02:00:00,38.3,32.723870520425066
2026-02-27 03:00:00,33.1,30.37458956432903
2026-02-27 04:00:00,25.8,23.502297305756542
2026-02-27 05:00:00,26.6,25.738053501137017
2026-02-27 06:00:00,30.1,27.887284364172103
2026-02-27 07:00:00,30.6,29.997937319136497
2026-02-27 08:00:00,27.8,27.111386527577906
2026-02-27 09:00:00,26.3,26.63439055422174
2026-02-27 10:00:00,19.6,16.508850302808526
2026-02-27 11:00:00,11.4,3.4029620395336337
2026-02-27 12:00:00,2.5,356.0374451706315
2026-02-27 13:00:00,354.3,348.6536199733787
2026-02-27 14:00:00,346.3,345.45357288617544
2026-02-27 15:00:00,341.9,344.25045435198456
2026-02-27 16:00:00,336.6,339.285201521541
2026-02-27 17:00:00,338.4,337.314361535605
2026-02-27 18:00:00,335.7,342.22345771318777
2026-02-27 19:00:00,319.1,326.08990514350523
2026-02-27 20:00:00,341.2,345.44460178293104
2026-02-27 21:00:00,4.4,10.310199617488195
2026-02-27 22:00:00,22.6,29.33453147503468
2026-02-27 23:00:00,31.6,35.24704171882257
2026-02-28 00:00:00,36.0,37.73906158683036
2026-02-28 01:00:00,32.6,33.88122289787765
2026-02-28 02:00:00,35.4,35.46992796818938
2026-02-28 03:00:00,46.3,44.93982097120721
2026-02-28 04:00:00,49.7,52.21505166540277
2026-02-28 05:00:00,47.4,46.02753941100627
2026-02-28 06:00:00,51.4,48.007287840358345
2026-02-28 07:00:00,49.9,48.07921817549584
2026-02-28 08:00:00,40.1,39.52746119376661
2026-02-28 09:00:00,42.8,41.90857963931796
2026-02-28 10:00:00,40.6,33.639467906477364
2026-02-28 11:00:00,34.1,26.696746077107775
2026-02-28 12:00:00,25.7,18.60794484498308
2026-02-28 13:00:00,13.9,7.272598906251517
2026-02-28 14:00:00,1.3,358.91739000544425
2026-02-28 15:00:00,3.9,359.92048368332837
2026-02-28 16:00:00,2.8,7.904742877958256
2026-02-28 17:00:00,12.4,16.48271550210029
2026-02-28 18:00:00,15.9,23.47163162812228
2026-02-28 19:00:00,20.0,24.806874240182367
2026-02-28 20:00:00,25.8,29.393381142318503
2026-02-28 21:00:00,27.4,27.78970007675082
2026-02-28 22:00:00,28.6,30.218931092918524
2026-02-28 23:00:00,31.0,32.195167214544085
2026-03-01 00:00:00,38.1,38.38470004778941
2026-03-01 01:00:00,50.3,50.91271555404853
2026-03-01 02:00:00,63.3,65.75207498434423
2026-03-01 03:00:00,63.7,61.550634432494746
2026-03-01 04:00:00,62.2,61.968811219631675
2026-03-01 05:00:00,68.8,65.73216177917402
2026-03-01 06:00:00,68.3,67.13566551418285
2026-03-01 07:00:00,81.6,82.89772996971624
2026-03-01 08:00:00,74.7,72.99360679623817
2026-03-01 09:00:00,52.4,48.18476987399225
2026-03-01 10:00:00,45.6,29.91558987593271
2026-03-01 11:00:00,4.4,341.31898241736405
2026-03-01 12:00:00,4.9,351.8800101810648
2026-03-01 13:00:00,351.9,349.64053154522816
2026-03-01 14:00:00,348.8,353.0686227521644
2026-03-01 15:00:00,345.9,348.70209767679154
2026-03-01 16:00:00,22.9,41.46588512957294
2026-03-01 17:00:00,158.1,124.57451123802855
2026-03-01 18:00:00,148.1,92.34540788018023
2026-03-01 19:00:00,157.5,70.54071301857766
2026-03-01 20:00:00,157.5,62.992678705879996
2026-03-01 21:00:00,182.7,58.5718092343302
2026-03-01 22:00:00,157.5,77.4089429920856
2026-03-01 23:00:00,164.3,126.9662075701051
2026-03-02 00:00:00,261.8,291.5075358971701
2026-03-02 01:00:00,0.0,5.8106154701443415
2026-03-02 02:00:00,47.3,64.57809663699663
2026-03-02 03:00:00,136.2,138.20619633155673
2026-03-02 04:00:00,353.5,350.14494813534105
2026-03-02 05:00:00,1.7,71.82208880303256
2026-03-02 06:00:00,258.7,218.85731955871017
2026-03-02 07:00:00,178.7,72.42132411427906
2026-03-02 08:00:00,5.2,350.7447675851848
2026-03-02 09:00:00,354.0,326.393625548945
2026-03-02 10:00:00,358.2,13.5021520143585
2026-03-02 11:00:00,358.3,332.1509098861501
2026-03-02 12:00:00,21.1,22.67810381459492
2026-03-02 13:00:00,353.0,1.9725426637915007
2026-03-02 14:00:00,354.8,359.45493202968976
2026-03-02 15:00:00,356.9,343.5328307432433
2026-03-02 16:00:00,352.3,353.93229581271817
2026-03-02 17:00:00,351.5,345.53452735605237
2026-03-02 18:00:00,356.6,335.9700330019647
2026-03-02 19:00:00,7.2,334.84521526250626
2026-03-02 20:00:00,354.6,355.4653981050564
2026-03-02 21:00:00,352.7,8.269233595896765
2026-03-02 22:00:00,44.1,44.985396357410366
2026-03-02 23:00:00,356.0,27.350873520551033
2026-03-03 00:00:00,3.3,14.798462504992642
2026-03-03 01:00:00,352.5,337.2533473848242
2026-03-03 02:00:00,341.7,335.41276296340413
2026-03-03 03:00:00,252.6,212.43848179134426
2026-03-03 04:00:00,205.8,325.18285579282514
2026-03-03 05:00:00,250.7,313.2914012177451
2026-03-03 06:00:00,342.4,17.572526302484277
2026-03-03 07:00:00,0.1,24.87686494407427
2026-03-03 08:00:00,359.1,358.63497936861864
2026-03-03 09:00:00,359.0,343.1272288758394
2026-03-03 10:00:00,9.9,19.784584504602662
2026-03-03 11:00:00,13.1,10.391441251400295
2026-03-03 12:00:00,357.9,352.50345954230517
2026-03-03 13:00:00,355.2,339.00594688940663
2026-03-03 14:00:00,356.4,347.5850668923797
2026-03-03 15:00:00,68.6,83.83966528606231
2026-03-03 16:00:00,9.9,39.85072887271804
2026-03-03 17:00:00,16.5,76.64877196413977
2026-03-03 18:00:00,17.8,21.098583393490628
2026-03-03 19:00:00,25.8,28.219440948927968
2026-03-03 20:00:00,33.7,38.073142304601674
2026-03-03 21:00:00,127.9,144.43905602769019
2026-03-03 22:00:00,30.7,34.685646220855745
2026-03-03 23:00:00,349.7,347.02541742805613
2026-03-04 00:00:00,355.6,21.241270258677957
2026-03-04 01:00:00,5.0,347.2039257615229
2026-03-04 02:00:00,2.8,349.9078849706178
2026-03-04 03:00:00,152.9,149.9116470287733
2026-03-04 04:00:00,143.1,110.77715901685269
2026-03-04 05:00:00,358.9,0.050000511921155066
2026-03-04 06:00:00,356.3,31.38690449370688
2026-03-04 07:00:00,0.1,9.833563531279026
2026-03-04 08:00:00,354.6,359.1847982707444
2026-03-04 09:00:00,352.8,8.000262698050676
2026-03-04 10:00:00,352.8,346.1329950150891
2026-03-04 11:00:00,1.0,349.65161608560317
2026-03-04 12:00:00,10.7,15.944804439292966
2026-03-04 13:00:00,8.7,14.28663891595778
2026-03-04 14:00:00,352.4,339.6942347389586
2026-03-04 15:00:00,348.0,344.22223553579295
2026-03-04 16:00:00,349.7,334.954473183558
2026-03-04 17:00:00,347.3,351.03826707154684
2026-03-04 18:00:00,349.6,356.45512287318724
2026-03-04 19:00:00,349.1,348.3992110879451
2026-03-04 20:00:00,346.1,352.8893817576525
2026-03-04 21:00:00,348.4,351.3165994124841
2026-03-04 22:00:00,347.0,346.4903801734346
2026-03-04 23:00:00,348.7,344.00295372320295
2026-03-05 00:00:00,348.8,347.7891597634288
2026-03-05 01:00:00,350.2,1.1480064872757225
2026-03-05 02:00:00,328.4,319.76429627739356
2026-03-05 03:00:00,206.6,187.7484819033444
2026-03-05 04:00:00,345.4,348.9871091512408
2026-03-05 05:00:00,348.8,314.9774291513446
2026-03-05 06:00:00,347.8,354.871153378715
2026-03-05 07:00:00,350.9,4.893644170870289
2026-03-05 08:00:00,346.3,327.2173264174221
2026-03-05 09:00:00,353.9,347.577441676478
2026-03-05 10:00:00,353.8,345.0785380795075
2026-03-05 11:00:00,353.2,339.6990554904414
2026-03-05 12:00:00,350.0,340.2068864651084
2026-03-05 13:00:00,0.7,350.10736356630196
2026-03-05 14:00:00,12.2,355.86658409984693
2026-03-05 15:00:00,44.1,103.64376344534764
2026-03-05 16:00:00,18.5,39.53412943333103
2026-03-05 17:00:00,91.2,118.56026838068954
2026-03-05 18:00:00,132.1,107.7364157125985
2026-03-05 19:00:00,150.2,123.3023034155928
2026-03-05 20:00:00,135.2,122.25067793094257
2026-03-05 21:00:00,147.7,104.06593493445405
2026-03-05 22:00:00,145.9,123.81490921230227
2026-03-05 23:00:00,345.3,352.95996323906076
2026-03-06 00:00:00,357.3,31.027769243263037
2026-03-06 01:00:00,11.5,19.15732320554588
2026-03-06 02:00:00,9.3,18.251638765539724
2026-03-06 03:00:00,339.2,341.5924687517705
2026-03-06 04:00:00,18.2,42.071068164597136
2026-03-06 05:00:00,157.5,154.87532787053283
2026-03-06 06:00:00,157.5,53.85368793078618
2026-03-06 07:00:00,157.5,40.74935763775227
2026-03-06 08:00:00,26.9,25.556100569649686
2026-03-06 09:00:00,344.0,358.5160459672431
2026-03-06 10:00:00,8.1,55.28344725926644
2026-03-06 11:00:00,24.3,41.5891823495827
2026-03-06 12:00:00,20.1,40.84027695596916
2026-03-06 13:00:00,3.8,1.461016730967799
2026-03-06 14:00:00,38.1,40.97008648152587
2026-03-06 15:00:00,29.2,34.74977355295334
2026-03-06 16:00:00,6.4,4.358116272924519
2026-03-06 17:00:00,348.2,17.322850270894207
2026-03-06 18:00:00,352.5,56.54521371968974
2026-03-06 19:00:00,359.1,37.38237242849209
2026-03-06 20:00:00,352.9,355.39438314829675
2026-03-06 21:00:00,349.8,334.86618868351206
2026-03-06 22:00:00,349.5,348.0162860671123
2026-03-06 23:00:00,347.8,337.4479283935797
2026-03-07 00:00:00,6.4,19.453697605041384
2026-03-07 01:00:00,180.2,160.90400904152864
2026-03-07 02:00:00,343.9,350.3357621445195
2026-03-07 03:00:00,346.5,272.390159809867
2026-03-07 04:00:00,349.9,7.653999766597622
2026-03-07 05:00:00,351.5,358.53645176305156
2026-03-07 06:00:00,354.4,351.92642811679536
2026-03-07 07:00:00,353.3,345.9958852733847
2026-03-07 08:00:00,352.1,343.5456852078328
2026-03-07 09:00:00,353.6,346.262020972333
2026-03-07 10:00:00,353.5,348.6528017715405
2026-03-07 11:00:00,17.6,28.651398296109335
2026-03-07 12:00:00,4.7,4.62144607569445
2026-03-07 13:00:00,353.1,0.22202553117324442
2026-03-07 14:00:00,348.8,353.3805087867676
2026-03-07 15:00:00,352.1,352.4417699905513
2026-03-07 16:00:00,334.5,324.70480408350755
2026-03-07 17:00:00,320.9,326.99063294129803
2026-03-07 18:00:00,318.5,328.498500709
2026-03-07 19:00:00,322.3,312.75284506191167
2026-03-07 20:00:00,317.6,302.9296949181917
2026-03-07 21:00:00,319.3,326.1024161489438
2026-03-07 22:00:00,320.2,327.89404553655004
2026-03-07 23:00:00,319.0,317.3568759168328
2026-03-08 00:00:00,320.3,304.92395460811633
2026-03-08 01:00:00,320.3,303.94621007245
2026-03-08 02:00:00,320.5,300.293058540109
2026-03-08 03:00:00,316.7,293.4990576575736
2026-03-08 04:00:00,314.6,294.55374901817197
2026-03-08 05:00:00,328.9,332.45795286517506
2026-03-08 06:00:00,318.3,288.2557089487224
2026-03-08 07:00:00,321.4,313.30792750957755
2026-03-08 08:00:00,321.5,303.2615219161269
2026-03-08 09:00:00,20.4,10.837015011951223
2026-03-08 10:00:00,102.2,108.79504478451645
2026-03-08 11:00:00,108.5,99.31435668462746
2026-03-08 12:00:00,21.2,4.551534815641389
2026-03-08 13:00:00,29.2,24.31408403044719
2026-03-08 14:00:00,25.8,21.27555818144333
2026-03-08 15:00:00,15.1,15.495794087596607
2026-03-08 16:00:00,7.1,9.209940728408924
2026-03-08 17:00:00,12.4,15.888324642529028
2026-03-08 18:00:00,19.0,25.824417615571065
2026-03-08 19:00:00,23.8,27.831196930228316
2026-03-08 20:00:00,12.0,17.023677868796653
2026-03-08 21:00:00,15.8,21.522467789666905
2026-03-08 22:00:00,15.6,15.106929346783659
2026-03-08 23:00:00,19.2,23.131186180717975
2026-03-09 00:00:00,9.1,5.367256393278694
2026-03-09 01:00:00,19.0,21.96051241306907
2026-03-09 02:00:00,19.0,21.602982106784566
2026-03-09 03:00:00,19.3,20.31819088495621
2026-03-09 04:00:00,7.8,3.1513871204482484
2026-03-09 05:00:00,21.2,22.438505992486796
2026-03-09 06:00:00,24.1,28.49482268873254
2026-03-09 07:00:00,357.4,354.3673443416493
2026-03-09 08:00:00,10.9,6.91426901384574
2026-03-09 09:00:00,22.6,27.53624103325285
2026-03-09 10:00:00,19.1,24.344863034924458
2026-03-09 11:00:00,30.2,29.939564422100148
2026-03-09 12:00:00,26.8,29.650332624633393
2026-03-09 13:00:00,80.5,82.09357294998824
2026-03-09 14:00:00,82.2,78.941063281715
2026-03-09 15:00:00,27.2,13.728706760529747
2026-03-09 16:00:00,22.5,27.00267904341632
2026-03-09 17:00:00,7.1,4.52987158149449
2026-03-09 18:00:00,63.5,73.9001069430958
2026-03-09 19:00:00,38.0,40.015589639931704
2026-03-09 20:00:00,41.0,37.58648001457402
2026-03-09 21:00:00,40.4,41.01453431566949
2026-03-09 22:00:00,39.8,39.97197570255173
2026-03-09 23:00:00,39.2,39.21549799103218
2026-03-10 00:00:00,39.1,40.39259936930404
2026-03-10 01:00:00,38.9,41.06748756433308
2026-03-10 02:00:00,38.8,40.4869435005769
2026-03-10 03:00:00,38.1,37.55653775847668
2026-03-10 04:00:00,37.4,36.7539428765549
2026-03-10 05:00:00,36.7,34.266795352443864
2026-03-10 06:00:00,37.3,38.397336130820406
2026-03-10 07:00:00,0.2,336.63095041525804
2026-03-10 08:00:00,358.8,347.67897276185954
2026-03-10 09:00:00,360.0,351.4650452385204
2026-03-10 10:00:00,354.4,6.303802943748565
2026-03-10 11:00:00,355.7,0.9997556217159627
2026-03-10 12:00:00,356.4,354.424226674189
2026-03-10 13:00:00,355.6,356.0531440220516
2026-03-10 14:00:00,358.1,356.63035301612973
2026-03-10 15:00:00,1.7,2.0952725763223725
2026-03-10 16:00:00,359.3,4.471813157155623
2026-03-10 17:00:00,357.0,6.697901632167429
2026-03-10 18:00:00,358.0,20.57578433742958
2026-03-10 19:00:00,3.9,6.697865023620466
2026-03-10 20:00:00,359.0,359.18996490706445
2026-03-10 21:00:00,359.3,358.76221295364695
2026-03-10 22:00:00,359.7,2.39402272620913
2026-03-10 23:00:00,357.1,3.0708646871121346
2026-03-11 00:00:00,1.9,6.47239188716668
2026-03-11 01:00:00,358.5,355.373682475919
2026-03-11 02:00:00,358.4,351.77112830063544
2026-03-11 03:00:00,32.1,29.68913605389929
2026-03-11 04:00:00,29.8,30.858256969087392
2026-03-11 05:00:00,27.4,28.659767953484447
2026-03-11 06:00:00,26.4,28.269068191045506
2026-03-11 07:00:00,25.5,25.11085906572424
2026-03-11 08:00:00,24.5,24.112084506423287
2026-03-11 09:00:00,23.6,20.316851445338727
2026-03-11 10:00:00,22.6,19.91425356968415
2026-03-11 11:00:00,21.7,16.152479507757334
2026-03-11 12:00:00,14.9,12.610032601730609
2026-03-11 13:00:00,8.2,6.76161234225566
2026-03-11 14:00:00,1.4,356.8631419495739
2026-03-11 15:00:00,5.0,0.9444718006486141
2026-03-11 16:00:00,8.5,11.599556038515402
2026-03-11 17:00:00,12.1,13.513001148577132
2026-03-11 18:00:00,18.0,22.813342706312937
2026-03-11 19:00:00,23.9,26.610772303415956
2026-03-11 20:00:00,29.8,30.919179959478925
2026-03-11 21:00:00,34.0,35.31548628847031
2026-03-11 22:00:00,38.2,37.92037299728895
2026-03-11 23:00:00,42.4,41.46438212708006
2026-03-12 00:00:00,39.7,39.87771921694741
2026-03-12 01:00:00,37.1,36.20481014038688
2026-03-12 02:00:00,34.4,34.26604610148024
2026-03-12 03:00:00,31.8,31.983246077916817
2026-03-12 04:00:00,29.3,30.965066903420052
2026-03-12 05:00:00,26.7,25.253353533361235
2026-03-12 06:00:00,24.2,24.32051196657511
2026-03-12 07:00:00,21.7,20.56632755619438
2026-03-12 08:00:00,19.2,18.29544182817955
2026-03-12 09:00:00,19.7,18.885477144262893
2026-03-12 10:00:00,20.1,16.997082673904913
2026-03-12 11:00:00,20.6,18.440430771544357
2026-03-12 12:00:00,14.3,11.90729756256826
2026-03-12 13:00:00,8.0,3.6337432587970966
2026-03-12 14:00:00,1.7,356.75515159304484
2026-03-12 15:00:00,2.2,358.99425650985984
2026-03-12 16:00:00,2.6,6.609873344472817
2026-03-12 17:00:00,3.1,7.1500654611319305
2026-03-12 18:00:00,7.8,11.979412191965025
2026-03-12 19:00:00,12.5,17.387536779468633
2026-03-12 20:00:00,17.2,23.045026477356316
2026-03-12 21:00:00,21.1,22.931167607660996
2026-03-12 22:00:00,25.1,25.836048981818408
2026-03-12 23:00:00,29.0,29.256840912920268
2026-03-13 00:00:00,58.06290322580645,60.59621385734209
2026-03-13 01:00:00,59.14354838709678,62.36018420294562
2026-03-13 02:00:00,60.023387096774194,59.25329332022238
2026-03-13 03:00:00,60.26370967741936,60.572209114160046
2026-03-13 04:00:00,60.689516129032256,58.75878052928647
2026-03-13 05:00:00,61.428225806451614,56.56498572559144
2026-03-13 06:00:00,56.18709677419355,54.6590167891149
2026-03-13 07:00:00,56.65887096774193,57.069535563074055
2026-03-13 08:00:00,56.19677419354839,56.6266707092027
2026-03-13 09:00:00,56.48467741935484,56.679739090680926
2026-03-13 10:00:00,56.295967741935485,55.62094359114411
2026-03-13 11:00:00,53.916935483870965,50.519404900329846
2026-03-13 12:00:00,49.50241935483872,45.24216164122117
2026-03-13 13:00:00,42.928225806451614,37.976629960435844
2026-03-13 14:00:00,65.40645161290323,58.89575554256339
2026-03-13 15:00:00,79.12016129032257,80.57680823793976
2026-03-13 16:00:00,93.21290322580644,94.11815143767944
2026-03-13 17:00:00,84.62983870967743,84.94705154636483
2026-03-13 18:00:00,84.43387096774192,81.51776946205803
2026-03-13 19:00:00,66.8016129032258,64.5607861417052
2026-03-13 20:00:00,47.95,53.137825515197505
2026-03-13 21:00:00,48.2008064516129,51.107377125456594
2026-03-13 22:00:00,53.17258064516129,54.87243730050329
2026-03-13 23:00:00,56.88467741935484,58.60084458068701
2026-03-14 00:00:00,58.06290322580645,59.018945639056085
2026-03-14 01:00:00,59.14354838709678,60.16132039408603
2026-03-14 02:00:00,60.023387096774194,59.66123814215848
2026-03-14 03:00:00,60.26370967741936,61.88455313414022
2026-03-14 04:00:00,60.689516129032256,60.55969948685788
2026-03-14 05:00:00,61.428225806451614,57.94433353630063
2026-03-14 06:00:00,56.18709677419355,55.06548914666217
2026-03-14 07:00:00,56.65887096774193,57.45919802085649
2026-03-14 08:00:00,56.19677419354839,56.92601615840198
2026-03-14 09:00:00,56.48467741935484,57.006404537159256
2026-03-14 10:00:00,56.295967741935485,55.90584090873938
2026-03-14 11:00:00,53.916935483870965,50.68949429226387
2026-03-14 12:00:00,49.50241935483872,45.24216164122117
2026-03-14 13:00:00,42.928225806451614,37.976629960435844
2026-03-14 14:00:00,65.40645161290323,58.89575554256339
2026-03-14 15:00:00,79.12016129032257,80.57680823793976
2026-03-14 16:00:00,93.21290322580644,94.11815143767944
2026-03-14 17:00:00,84.62983870967743,84.94705154636483
2026-03-14 18:00:00,84.43387096774192,81.51776946205803
2026-03-14 19:00:00,66.8016129032258,64.5607861417052
2026-03-14 20:00:00,47.95,53.137825515197505
2026-03-14 21:00:00,48.2008064516129,51.107377125456594
2026-03-14 22:00:00,53.17258064516129,54.87243730050329
2026-03-14 23:00:00,56.88467741935484,58.60084458068701
2026-03-15 00:00:00,58.06290322580645,59.018945639056085
2026-03-15 01:00:00,59.14354838709678,60.16132039408603
2026-03-15 02:00:00,60.023387096774194,59.66123814215848
2026-03-15 03:00:00,60.26370967741936,61.88455313414022
2026-03-15 04:00:00,60.689516129032256,60.55969948685788
2026-03-15 05:00:00,61.428225806451614,57.94433353630063
2026-03-15 06:00:00,56.18709677419355,55.06548914666217
2026-03-15 07:00:00,56.65887096774193,57.45919802085649
2026-03-15 08:00:00,56.19677419354839,56.92601615840198
2026-03-15 09:00:00,56.48467741935484,57.006404537159256
2026-03-15 10:00:00,56.295967741935485,55.90584090873938
2026-03-15 11:00:00,53.916935483870965,50.68949429226387
2026-03-15 12:00:00,49.50241935483872,45.24216164122117
2026-03-15 13:00:00,42.928225806451614,37.976629960435844
2026-03-15 14:00:00,65.40645161290323,58.89575554256339
2026-03-15 15:00:00,79.12016129032257,80.57680823793976
2026-03-15 16:00:00,93.21290322580644,94.11815143767944
2026-03-15 17:00:00,84.62983870967743,84.94705154636483
2026-03-15 18:00:00,84.43387096774192,81.51776946205803
2026-03-15 19:00:00,66.8016129032258,64.5607861417052
2026-03-15 20:00:00,47.95,53.137825515197505
2026-03-15 21:00:00,48.2008064516129,51.107377125456594
2026-03-15 22:00:00,53.17258064516129,54.87243730050329
2026-03-15 23:00:00,56.88467741935484,58.60084458068701
2026-03-16 00:00:00,58.06290322580645,59.018945639056085
2026-03-16 01:00:00,59.14354838709678,60.16132039408603
2026-03-16 02:00:00,60.023387096774194,59.66123814215848
2026-03-16 03:00:00,60.26370967741936,61.88455313414022
2026-03-16 04:00:00,60.689516129032256,60.55969948685788
2026-03-16 05:00:00,61.428225806451614,57.94433353630063
2026-03-16 06:00:00,56.18709677419355,55.06548914666217
2026-03-16 07:00:00,56.65887096774193,57.45919802085649
2026-03-16 08:00:00,56.19677419354839,56.92601615840198
2026-03-16 09:00:00,56.48467741935484,57.006404537159256
2026-03-16 10:00:00,56.295967741935485,55.90584090873938
2026-03-16 11:00:00,53.916935483870965,50.68949429226387
2026-03-16 12:00:00,49.50241935483872,45.24216164122117
2026-03-16 13:00:00,42.928225806451614,37.976629960435844
2026-03-16 14:00:00,65.40645161290323,58.89575554256339
2026-03-16 15:00:00,79.12016129032257,80.57680823793976
2026-03-16 16:00:00,93.21290322580644,94.11815143767944
2026-03-16 17:00:00,84.62983870967743,84.94705154636483
2026-03-16 18:00:00,84.43387096774192,81.51776946205803
2026-03-16 19:00:00,66.8016129032258,64.5607861417052
2026-03-16 20:00:00,47.95,53.137825515197505
2026-03-16 21:00:00,48.2008064516129,51.107377125456594
2026-03-16 22:00:00,53.17258064516129,54.87243730050329
2026-03-16 23:00:00,56.88467741935484,58.60084458068701
2026-03-17 00:00:00,58.06290322580645,59.018945639056085
2026-03-17 01:00:00,59.14354838709678,60.16132039408603
2026-03-17 02:00:00,60.023387096774194,59.66123814215848
2026-03-17 03:00:00,60.26370967741936,61.88455313414022
2026-03-17 04:00:00,60.689516129032256,60.55969948685788
2026-03-17 05:00:00,61.428225806451614,57.94433353630063
2026-03-17 06:00:00,56.18709677419355,55.06548914666217
2026-03-17 07:00:00,56.65887096774193,57.45919802085649
2026-03-17 08:00:00,56.19677419354839,56.92601615840198
2026-03-17 09:00:00,56.48467741935484,57.006404537159256
2026-03-17 10:00:00,56.295967741935485,55.90584090873938
2026-03-17 11:00:00,53.916935483870965,50.68949429226387
2026-03-17 12:00:00,49.50241935483872,45.24216164122117
2026-03-17 13:00:00,42.928225806451614,37.976629960435844
2026-03-17 14:00:00,65.40645161290323,58.89575554256339
2026-03-17 15:00:00,79.12016129032257,80.57680823793976
2026-03-17 16:00:00,93.21290322580644,94.11815143767944
2026-03-17 17:00:00,84.62983870967743,84.94705154636483
2026-03-17 18:00:00,84.43387096774192,81.51776946205803
2026-03-17 19:00:00,66.8016129032258,64.5607861417052
2026-03-17 20:00:00,47.95,53.137825515197505
2026-03-17 21:00:00,48.2008064516129,51.107377125456594
2026-03-17 22:00:00,53.17258064516129,54.87243730050329
2026-03-17 23:00:00,56.88467741935484,58.60084458068701
2026-03-18 00:00:00,58.06290322580645,59.018945639056085
2026-03-18 01:00:00,59.14354838709678,60.16132039408603
2026-03-18 02:00:00,60.023387096774194,59.66123814215848
2026-03-18 03:00:00,60.26370967741936,61.88455313414022
2026-03-18 04:00:00,60.689516129032256,60.55969948685788
2026-03-18 05:00:00,61.428225806451614,57.94433353630063
2026-03-18 06:00:00,56.18709677419355,55.06548914666217
2026-03-18 07:00:00,56.65887096774193,57.45919802085649
2026-03-18 08:00:00,56.19677419354839,56.92601615840198
2026-03-18 09:00:00,56.48467741935484,57.006404537159256
2026-03-18 10:00:00,56.295967741935485,55.90584090873938
2026-03-18 11:00:00,53.916935483870965,50.68949429226387
2026-03-18 12:00:00,49.50241935483872,45.24216164122117
2026-03-18 13:00:00,42.928225806451614,37.976629960435844
2026-03-18 14:00:00,65.40645161290323,58.89575554256339
2026-03-18 15:00:00,79.12016129032257,80.57680823793976
2026-03-18 16:00:00,93.21290322580644,94.11815143767944
2026-03-18 17:00:00,84.62983870967743,84.94705154636483
2026-03-18 18:00:00,84.43387096774192,81.51776946205803
2026-03-18 19:00:00,66.8016129032258,64.5607861417052
2026-03-18 20:00:00,47.95,53.137825515197505
2026-03-18 21:00:00,48.2008064516129,51.107377125456594
2026-03-18 22:00:00,53.17258064516129,54.87243730050329
2026-03-18 23:00:00,56.88467741935484,58.60084458068701
2026-03-19 00:00:00,58.06290322580645,59.018945639056085
2026-03-19 01:00:00,59.14354838709678,60.16132039408603
2026-03-19 02:00:00,60.023387096774194,59.66123814215848
2026-03-19 03:00:00,60.26370967741936,61.88455313414022
2026-03-19 04:00:00,60.689516129032256,60.55969948685788
2026-03-19 05:00:00,61.428225806451614,57.94433353630063
2026-03-19 06:00:00,56.18709677419355,55.06548914666217
2026-03-19 07:00:00,56.65887096774193,57.45919802085649
2026-03-19 08:00:00,56.19677419354839,56.92601615840198
2026-03-19 09:00:00,56.48467741935484,57.006404537159256
2026-03-19 10:00:00,56.295967741935485,55.90584090873938
2026-03-19 11:00:00,53.916935483870965,50.68949429226387
2026-03-19 12:00:00,49.50241935483872,45.24216164122117
2026-03-19 13:00:00,42.928225806451614,37.976629960435844
2026-03-19 14:00:00,65.40645161290323,58.89575554256339
2026-03-19 15:00:00,79.12016129032257,80.57680823793976
2026-03-19 16:00:00,93.21290322580644,94.11815143767944
2026-03-19 17:00:00,84.62983870967743,84.94705154636483
2026-03-19 18:00:00,84.43387096774192,81.51776946205803
2026-03-19 19:00:00,66.8016129032258,64.5607861417052
2026-03-19 20:00:00,47.95,53.137825515197505
2026-03-19 21:00:00,48.2008064516129,51.107377125456594
2026-03-19 22:00:00,53.17258064516129,54.87243730050329
2026-03-19 23:00:00,56.88467741935484,58.60084458068701
2026-03-20 00:00:00,58.06290322580645,59.018945639056085
2026-03-20 01:00:00,59.14354838709678,60.16132039408603
2026-03-20 02:00:00,60.023387096774194,59.66123814215848
2026-03-20 03:00:00,60.26370967741936,61.88455313414022
2026-03-20 04:00:00,60.689516129032256,60.55969948685788
2026-03-20 05:00:00,61.428225806451614,57.94433353630063
2026-03-20 06:00:00,56.18709677419355,55.06548914666217
2026-03-20 07:00:00,56.65887096774193,57.45919802085649
2026-03-20 08:00:00,56.19677419354839,56.92601615840198
2026-03-20 09:00:00,56.48467741935484,57.006404537159256
2026-03-20 10:00:00,56.295967741935485,55.90584090873938
2026-03-20 11:00:00,53.916935483870965,50.68949429226387
2026-03-20 12:00:00,49.50241935483872,45.24216164122117
2026-03-20 13:00:00,42.928225806451614,37.976629960435844
2026-03-20 14:00:00,65.40645161290323,58.89575554256339
2026-03-20 15:00:00,79.12016129032257,80.57680823793976
2026-03-20 16:00:00,93.21290322580644,94.11815143767944
2026-03-20 17:00:00,84.62983870967743,84.94705154636483
2026-03-20 18:00:00,84.43387096774192,81.51776946205803
2026-03-20 19:00:00,66.8016129032258,64.5607861417052
2026-03-20 20:00:00,47.95,53.137825515197505
2026-03-20 21:00:00,48.2008064516129,51.107377125456594
2026-03-20 22:00:00,53.17258064516129,54.87243730050329
2026-03-20 23:00:00,56.88467741935484,58.60084458068701
2026-03-21 00:00:00,58.06290322580645,59.018945639056085
2026-03-21 01:00:00,59.14354838709678,60.16132039408603
2026-03-21 02:00:00,60.023387096774194,59.66123814215848
2026-03-21 03:00:00,60.26370967741936,61.88455313414022
2026-03-21 04:00:00,60.689516129032256,60.55969948685788
2026-03-21 05:00:00,61.428225806451614,57.94433353630063
2026-03-21 06:00:00,56.18709677419355,55.06548914666217
2026-03-21 07:00:00,56.65887096774193,57.45919802085649
2026-03-21 08:00:00,56.19677419354839,56.92601615840198
2026-03-21 09:00:00,56.48467741935484,57.006404537159256
2026-03-21 10:00:00,56.295967741935485,55.90584090873938
2026-03-21 11:00:00,53.916935483870965,50.68949429226387
2026-03-21 12:00:00,49.50241935483872,45.24216164122117
2026-03-21 13:00:00,42.928225806451614,37.976629960435844
2026-03-21 14:00:00,65.40645161290323,58.89575554256339
2026-03-21 15:00:00,79.12016129032257,80.57680823793976
2026-03-21 16:00:00,93.21290322580644,94.11815143767944
2026-03-21 17:00:00,84.62983870967743,84.94705154636483
2026-03-21 18:00:00,84.43387096774192,81.51776946205803
2026-03-21 19:00:00,66.8016129032258,64.5607861417052
2026-03-21 20:00:00,47.95,53.137825515197505
2026-03-21 21:00:00,48.2008064516129,51.107377125456594
2026-03-21 22:00:00,53.17258064516129,54.87243730050329
2026-03-21 23:00:00,56.88467741935484,58.60084458068701
2026-03-22 00:00:00,58.06290322580645,59.018945639056085
2026-03-22 01:00:00,59.14354838709678,60.16132039408603
2026-03-22 02:00:00,60.023387096774194,59.66123814215848
2026-03-22 03:00:00,60.26370967741936,61.88455313414022
2026-03-22 04:00:00,60.689516129032256,60.55969948685788
2026-03-22 05:00:00,61.428225806451614,57.94433353630063
2026-03-22 06:00:00,56.18709677419355,55.06548914666217
2026-03-22 07:00:00,56.65887096774193,57.45919802085649
2026-03-22 08:00:00,56.19677419354839,56.92601615840198
2026-03-22 09:00:00,56.48467741935484,57.006404537159256
2026-03-22 10:00:00,56.295967741935485,55.90584090873938
2026-03-22 11:00:00,53.916935483870965,50.68949429226387
2026-03-22 12:00:00,49.50241935483872,45.24216164122117
2026-03-22 13:00:00,42.928225806451614,37.976629960435844
2026-03-22 14:00:00,65.40645161290323,58.89575554256339
2026-03-22 15:00:00,79.12016129032257,80.57680823793976
2026-03-22 16:00:00,93.21290322580644,94.11815143767944
2026-03-22 17:00:00,84.62983870967743,84.94705154636483
2026-03-22 18:00:00,84.43387096774192,81.51776946205803
2026-03-22 19:00:00,66.8016129032258,64.5607861417052
2026-03-22 20:00:00,47.95,53.137825515197505
2026-03-22 21:00:00,48.2008064516129,51.107377125456594
2026-03-22 22:00:00,53.17258064516129,54.87243730050329
2026-03-22 23:00:00,56.88467741935484,58.60084458068701
2026-03-23 00:00:00,58.06290322580645,59.018945639056085
2026-03-23 01:00:00,59.14354838709678,60.16132039408603
2026-03-23 02:00:00,60.023387096774194,59.66123814215848
2026-03-23 03:00:00,60.26370967741936,61.88455313414022
2026-03-23 04:00:00,60.689516129032256,60.55969948685788
2026-03-23 05:00:00,61.428225806451614,57.94433353630063
2026-03-23 06:00:00,56.18709677419355,55.06548914666217
2026-03-23 07:00:00,56.65887096774193,57.45919802085649
2026-03-23 08:00:00,56.19677419354839,56.92601615840198
2026-03-23 09:00:00,56.48467741935484,57.006404537159256
2026-03-23 10:00:00,56.295967741935485,55.90584090873938
2026-03-23 11:00:00,53.916935483870965,50.68949429226387
2026-03-23 12:00:00,49.50241935483872,45.24216164122117
2026-03-23 13:00:00,42.928225806451614,37.976629960435844
2026-03-23 14:00:00,65.40645161290323,58.89575554256339
2026-03-23 15:00:00,79.12016129032257,80.57680823793976
2026-03-23 16:00:00,93.21290322580644,94.11815143767944
2026-03-23 17:00:00,84.62983870967743,84.94705154636483
2026-03-23 18:00:00,84.43387096774192,81.51776946205803
2026-03-23 19:00:00,66.8016129032258,64.5607861417052
2026-03-23 20:00:00,47.95,53.137825515197505
2026-03-23 21:00:00,48.2008064516129,51.107377125456594
2026-03-23 22:00:00,53.17258064516129,54.87243730050329
2026-03-23 23:00:00,56.88467741935484,58.60084458068701
2026-03-24 00:00:00,58.06290322580645,59.018945639056085
2026-03-24 01:00:00,59.14354838709678,60.16132039408603
2026-03-24 02:00:00,60.023387096774194,59.66123814215848
2026-03-24 03:00:00,60.26370967741936,61.88455313414022
2026-03-24 04:00:00,60.689516129032256,60.55969948685788
2026-03-24 05:00:00,61.428225806451614,57.94433353630063
2026-03-24 06:00:00,56.18709677419355,55.06548914666217
2026-03-24 07:00:00,56.65887096774193,57.45919802085649
2026-03-24 08:00:00,56.19677419354839,56.92601615840198
2026-03-24 09:00:00,56.48467741935484,57.006404537159256
2026-03-24 10:00:00,56.295967741935485,55.90584090873938
2026-03-24 11:00:00,53.916935483870965,50.68949429226387
2026-03-24 12:00:00,49.50241935483872,45.24216164122117
2026-03-24 13:00:00,42.928225806451614,37.976629960435844
2026-03-24 14:00:00,65.40645161290323,58.89575554256339
2026-03-24 15:00:00,79.12016129032257,80.57680823793976
2026-03-24 16:00:00,93.21290322580644,94.11815143767944
2026-03-24 17:00:00,84.62983870967743,84.94705154636483
2026-03-24 18:00:00,84.43387096774192,81.51776946205803
2026-03-24 19:00:00,66.8016129032258,64.5607861417052
2026-03-24 20:00:00,47.95,53.137825515197505
2026-03-24 21:00:00,48.2008064516129,51.107377125456594
2026-03-24 22:00:00,53.17258064516129,54.87243730050329
2026-03-24 23:00:00,56.88467741935484,58.60084458068701
2026-03-25 00:00:00,58.06290322580645,59.018945639056085
2026-03-25 01:00:00,59.14354838709678,60.16132039408603
2026-03-25 02:00:00,60.023387096774194,59.66123814215848
2026-03-25 03:00:00,60.26370967741936,61.88455313414022
2026-03-25 04:00:00,60.689516129032256,60.55969948685788
2026-03-25 05:00:00,61.428225806451614,57.94433353630063
2026-03-25 06:00:00,56.18709677419355,55.06548914666217
2026-03-25 07:00:00,56.65887096774193,57.45919802085649
2026-03-25 08:00:00,56.19677419354839,56.92601615840198
2026-03-25 09:00:00,56.48467741935484,57.006404537159256
2026-03-25 10:00:00,56.295967741935485,55.90584090873938
2026-03-25 11:00:00,53.916935483870965,50.68949429226387
2026-03-25 12:00:00,49.50241935483872,45.24216164122117
2026-03-25 13:00:00,42.928225806451614,37.976629960435844
2026-03-25 14:00:00,65.40645161290323,58.89575554256339
2026-03-25 15:00:00,79.12016129032257,80.57680823793976
2026-03-25 16:00:00,93.21290322580644,94.11815143767944
2026-03-25 17:00:00,84.62983870967743,84.94705154636483
2026-03-25 18:00:00,84.43387096774192,81.51776946205803
2026-03-25 19:00:00,66.8016129032258,64.5607861417052
2026-03-25 20:00:00,47.95,53.137825515197505
2026-03-25 21:00:00,48.2008064516129,51.107377125456594
2026-03-25 22:00:00,53.17258064516129,54.87243730050329
2026-03-25 23:00:00,56.88467741935484,58.60084458068701
2026-03-26 00:00:00,58.06290322580645,59.018945639056085
2026-03-26 01:00:00,59.14354838709678,60.16132039408603
2026-03-26 02:00:00,60.023387096774194,59.66123814215848
2026-03-26 03:00:00,60.26370967741936,61.88455313414022
2026-03-26 04:00:00,60.689516129032256,60.55969948685788
2026-03-26 05:00:00,61.428225806451614,57.94433353630063
2026-03-26 06:00:00,56.18709677419355,55.06548914666217
2026-03-26 07:00:00,56.65887096774193,57.45919802085649
2026-03-26 08:00:00,56.19677419354839,56.92601615840198
2026-03-26 09:00:00,56.48467741935484,57.006404537159256
2026-03-26 10:00:00,56.295967741935485,55.90584090873938
2026-03-26 11:00:00,53.916935483870965,50.68949429226387
2026-03-26 12:00:00,49.50241935483872,45.24216164122117
2026-03-26 13:00:00,42.928225806451614,37.976629960435844
2026-03-26 14:00:00,65.40645161290323,58.89575554256339
2026-03-26 15:00:00,79.12016129032257,80.57680823793976
2026-03-26 16:00:00,93.21290322580644,94.11815143767944
2026-03-26 17:00:00,84.62983870967743,84.94705154636483
2026-03-26 18:00:00,84.43387096774192,81.51776946205803
2026-03-26 19:00:00,66.8016129032258,64.5607861417052
2026-03-26 20:00:00,47.95,53.137825515197505
2026-03-26 21:00:00,48.2008064516129,51.107377125456594
2026-03-26 22:00:00,53.17258064516129,54.87243730050329
2026-03-26 23:00:00,56.88467741935484,58.60084458068701
2026-03-27 00:00:00,58.06290322580645,59.018945639056085
2026-03-27 01:00:00,59.14354838709678,60.16132039408603
2026-03-27 02:00:00,60.023387096774194,59.66123814215848
2026-03-27 03:00:00,60.26370967741936,61.88455313414022
2026-03-27 04:00:00,60.689516129032256,60.55969948685788
2026-03-27 05:00:00,61.428225806451614,57.94433353630063
2026-03-27 06:00:00,56.18709677419355,55.06548914666217
2026-03-27 07:00:00,56.65887096774193,57.45919802085649
2026-03-27 08:00:00,56.19677419354839,56.92601615840198
2026-03-27 09:00:00,56.48467741935484,57.006404537159256
2026-03-27 10:00:00,56.295967741935485,55.90584090873938
2026-03-27 11:00:00,53.916935483870965,50.68949429226387
2026-03-27 12:00:00,49.50241935483872,45.24216164122117
2026-03-27 13:00:00,42.928225806451614,37.976629960435844
2026-03-27 14:00:00,65.40645161290323,58.89575554256339
2026-03-27 15:00:00,79.12016129032257,80.57680823793976
2026-03-27 16:00:00,93.21290322580644,94.11815143767944
2026-03-27 17:00:00,84.62983870967743,84.94705154636483
2026-03-27 18:00:00,84.43387096774192,81.51776946205803
2026-03-27 19:00:00,66.8016129032258,64.5607861417052
2026-03-27 20:00:00,47.95,53.137825515197505
2026-03-27 21:00:00,48.2008064516129,51.107377125456594
2026-03-27 22:00:00,53.17258064516129,54.87243730050329
2026-03-27 23:00:00,56.88467741935484,58.60084458068701
2026-03-28 00:00:00,58.06290322580645,59.018945639056085
2026-03-28 01:00:00,59.14354838709678,60.16132039408603
2026-03-28 02:00:00,60.023387096774194,59.66123814215848
2026-03-28 03:00:00,60.26370967741936,61.88455313414022
2026-03-28 04:00:00,60.689516129032256,60.55969948685788
2026-03-28 05:00:00,61.428225806451614,57.94433353630063
2026-03-28 06:00:00,56.18709677419355,55.06548914666217
2026-03-28 07:00:00,56.65887096774193,57.45919802085649
2026-03-28 08:00:00,56.19677419354839,56.92601615840198
2026-03-28 09:00:00,56.48467741935484,57.006404537159256
2026-03-28 10:00:00,56.295967741935485,55.90584090873938
2026-03-28 11:00:00,53.916935483870965,50.68949429226387
2026-03-28 12:00:00,49.50241935483872,45.24216164122117
2026-03-28 13:00:00,42.928225806451614,37.976629960435844
2026-03-28 14:00:00,65.40645161290323,58.89575554256339
2026-03-28 15:00:00,79.12016129032257,80.57680823793976
2026-03-28 16:00:00,93.21290322580644,94.11815143767944
2026-03-28 17:00:00,84.62983870967743,84.94705154636483
2026-03-28 18:00:00,84.43387096774192,81.51776946205803
2026-03-28 19:00:00,66.8016129032258,64.5607861417052
2026-03-28 20:00:00,47.95,53.137825515197505
2026-03-28 21:00:00,48.2008064516129,51.107377125456594
2026-03-28 22:00:00,53.17258064516129,54.87243730050329
2026-03-28 23:00:00,56.88467741935484,58.60084458068701
2026-03-29 00:00:00,58.06290322580645,59.018945639056085
2026-03-29 01:00:00,59.14354838709678,60.16132039408603
2026-03-29 02:00:00,60.023387096774194,59.66123814215848
2026-03-29 03:00:00,60.26370967741936,61.88455313414022
2026-03-29 04:00:00,60.689516129032256,60.55969948685788
2026-03-29 05:00:00,61.428225806451614,57.94433353630063
2026-03-29 06:00:00,56.18709677419355,55.06548914666217
2026-03-29 07:00:00,56.65887096774193,57.45919802085649
2026-03-29 08:00:00,56.19677419354839,56.92601615840198
2026-03-29 09:00:00,56.48467741935484,57.006404537159256
2026-03-29 10:00:00,56.295967741935485,55.90584090873938
2026-03-29 11:00:00,53.916935483870965,50.68949429226387
2026-03-29 12:00:00,49.50241935483872,45.24216164122117
2026-03-29 13:00:00,42.928225806451614,37.976629960435844
2026-03-29 14:00:00,65.40645161290323,58.89575554256339
2026-03-29 15:00:00,79.12016129032257,80.57680823793976
2026-03-29 16:00:00,93.21290322580644,94.11815143767944
2026-03-29 17:00:00,84.62983870967743,84.94705154636483
2026-03-29 18:00:00,84.43387096774192,81.51776946205803
2026-03-29 19:00:00,66.8016129032258,64.5607861417052
2026-03-29 20:00:00,47.95,53.137825515197505
2026-03-29 21:00:00,48.2008064516129,51.107377125456594
2026-03-29 22:00:00,53.17258064516129,54.87243730050329
2026-03-29 23:00:00,56.88467741935484,58.60084458068701
2026-03-30 00:00:00,58.06290322580645,59.018945639056085
2026-03-30 01:00:00,59.14354838709678,60.16132039408603
2026-03-30 02:00:00,60.023387096774194,59.66123814215848
2026-03-30 03:00:00,60.26370967741936,61.88455313414022
2026-03-30 04:00:00,60.689516129032256,60.55969948685788
2026-03-30 05:00:00,61.428225806451614,57.94433353630063
2026-03-30 06:00:00,56.18709677419355,55.06548914666217
2026-03-30 07:00:00,56.65887096774193,57.45919802085649
2026-03-30 08:00:00,56.19677419354839,56.92601615840198
2026-03-30 09:00:00,56.48467741935484,57.006404537159256
2026-03-30 10:00:00,56.295967741935485,55.90584090873938
2026-03-30 11:00:00,53.916935483870965,50.68949429226387
2026-03-30 12:00:00,49.50241935483872,45.24216164122117
2026-03-30 13:00:00,42.928225806451614,37.976629960435844
2026-03-30 14:00:00,65.40645161290323,58.89575554256339
2026-03-30 15:00:00,79.12016129032257,80.57680823793976
2026-03-30 16:00:00,93.21290322580644,94.11815143767944
2026-03-30 17:00:00,84.62983870967743,84.94705154636483
2026-03-30 18:00:00,84.43387096774192,81.51776946205803
2026-03-30 19:00:00,66.8016129032258,64.5607861417052
2026-03-30 20:00:00,47.95,53.137825515197505
2026-03-30 21:00:00,48.2008064516129,51.107377125456594
2026-03-30 22:00:00,53.17258064516129,54.87243730050329
2026-03-30 23:00:00,56.88467741935484,58.60084458068701
2026-03-31 00:00:00,58.06290322580645,59.018945639056085
2026-03-31 01:00:00,59.14354838709678,60.16132039408603
2026-03-31 02:00:00,60.023387096774194,59.66123814215848
2026-03-31 03:00:00,60.26370967741936,61.88455313414022
2026-03-31 04:00:00,60.689516129032256,60.55969948685788
2026-03-31 05:00:00,61.428225806451614,57.94433353630063
2026-03-31 06:00:00,56.18709677419355,55.06548914666217
2026-03-31 07:00:00,56.65887096774193,57.45919802085649
2026-03-31 08:00:00,56.19677419354839,56.92601615840198
2026-03-31 09:00:00,56.48467741935484,57.006404537159256
2026-03-31 10:00:00,56.295967741935485,55.90584090873938
2026-03-31 11:00:00,53.916935483870965,50.68949429226387
2026-03-31 12:00:00,49.50241935483872,45.24216164122117
2026-03-31 13:00:00,42.928225806451614,37.976629960435844
2026-03-31 14:00:00,65.40645161290323,58.89575554256339
2026-03-31 15:00:00,79.12016129032257,80.57680823793976
2026-03-31 16:00:00,93.21290322580644,94.11815143767944
2026-03-31 17:00:00,84.62983870967743,84.94705154636483
2026-03-31 18:00:00,84.43387096774192,81.51776946205803
2026-03-31 19:00:00,66.8016129032258,64.5607861417052
2026-03-31 20:00:00,47.95,53.137825515197505
2026-03-31 21:00:00,48.2008064516129,51.107377125456594
2026-03-31 22:00:00,53.17258064516129,54.87243730050329
2026-03-31 23:00:00,56.88467741935484,58.60084458068701
2026-04-01 00:00:00,86.93833333333333,86.46877964335414
2026-04-01 01:00:00,86.37833333333333,84.89417307837442
2026-04-01 02:00:00,88.88166666666666,89.14500065062072
2026-04-01 03:00:00,89.9375,88.56175344185084
2026-04-01 04:00:00,87.93416666666667,87.49727517005067
2026-04-01 05:00:00,88.43083333333334,87.15830765303832
2026-04-01 06:00:00,82.87916666666666,81.62459670620149
2026-04-01 07:00:00,85.33083333333335,83.11821775032234
2026-04-01 08:00:00,85.32916666666667,85.39673626618378
2026-04-01 09:00:00,85.71333333333334,86.76335099051016
2026-04-01 10:00:00,83.21416666666667,81.76148913164724
2026-04-01 11:00:00,80.55166666666668,78.12774627053011
2026-04-01 12:00:00,75.39833333333333,72.95110801901654
2026-04-01 13:00:00,66.75416666666666,61.760798223582924
2026-04-01 14:00:00,78.59666666666666,74.34262549384249
2026-04-01 15:00:00,97.75166666666668,101.17250567774408
2026-04-01 16:00:00,119.52416666666666,121.83913126178851
2026-04-01 17:00:00,103.9925,108.76194164326182
2026-04-01 18:00:00,100.49333333333334,98.57038888800741
2026-04-01 19:00:00,84.9525,90.47995356632174
2026-04-01 20:00:00,70.655,76.74776338713025
2026-04-01 21:00:00,70.66499999999999,70.08072087552273
2026-04-01 22:00:00,75.45416666666667,77.10808044996793
2026-04-01 23:00:00,84.97083333333333,85.16058507108534
2026-04-02 00:00:00,86.93833333333333,89.66961914741637
2026-04-02 01:00:00,86.37833333333333,85.7126850418856
2026-04-02 02:00:00,88.88166666666666,88.48863627850176
2026-04-02 03:00:00,89.9375,89.36658405206867
2026-04-02 04:00:00,87.93416666666667,88.79189941116181
2026-04-02 05:00:00,88.43083333333334,88.53157066778124
2026-04-02 06:00:00,82.87916666666666,82.94683504549937
2026-04-02 07:00:00,85.33083333333335,83.0799100680585
2026-04-02 08:00:00,85.32916666666667,85.62897533795456
2026-04-02 09:00:00,85.71333333333334,86.99520510442301
2026-04-02 10:00:00,83.21416666666667,82.19301535729466
2026-04-02 11:00:00,80.55166666666668,78.24651081307366
2026-04-02 12:00:00,75.39833333333333,72.95110801901654
2026-04-02 13:00:00,66.75416666666666,61.760798223582924
2026-04-02 14:00:00,78.59666666666666,74.34262549384249
2026-04-02 15:00:00,97.75166666666668,101.17250567774408
2026-04-02 16:00:00,119.52416666666666,121.83913126178851
2026-04-02 17:00:00,103.9925,108.76194164326182
2026-04-02 18:00:00,100.49333333333334,98.57038888800741
2026-04-02 19:00:00,84.9525,90.47995356632174
2026-04-02 20:00:00,70.655,76.74776338713025
2026-04-02 21:00:00,70.66499999999999,70.08072087552273
2026-04-02 22:00:00,75.45416666666667,77.10808044996793
2026-04-02 23:00:00,84.97083333333333,85.16058507108534
2026-04-03 00:00:00,86.93833333333333,89.66961914741637
2026-04-03 01:00:00,86.37833333333333,85.7126850418856
2026-04-03 02:00:00,88.88166666666666,88.48863627850176
2026-04-03 03:00:00,89.9375,89.36658405206867
2026-04-03 04:00:00,87.93416666666667,88.79189941116181
2026-04-03 05:00:00,88.43083333333334,88.53157066778124
2026-04-03 06:00:00,82.87916666666666,82.94683504549937
2026-04-03 07:00:00,85.33083333333335,83.0799100680585
2026-04-03 08:00:00,85.32916666666667,85.62897533795456
2026-04-03 09:00:00,85.71333333333334,86.99520510442301
2026-04-03 10:00:00,83.21416666666667,82.19301535729466
2026-04-03 11:00:00,80.55166666666668,78.24651081307366
2026-04-03 12:00:00,75.39833333333333,72.95110801901654
2026-04-03 13:00:00,66.75416666666666,61.760798223582924
2026-04-03 14:00:00,78.59666666666666,74.34262549384249
2026-04-03 15:00:00,97.75166666666668,101.17250567774408
2026-04-03 16:00:00,119.52416666666666,121.83913126178851
2026-04-03 17:00:00,103.9925,108.76194164326182
2026-04-03 18:00:00,100.49333333333334,98.57038888800741
2026-04-03 19:00:00,84.9525,90.47995356632174
2026-04-03 20:00:00,70.655,76.74776338713025
2026-04-03 21:00:00,70.66499999999999,70.08072087552273
2026-04-03 22:00:00,75.45416666666667,77.10808044996793
2026-04-03 23:00:00,84.97083333333333,85.16058507108534
2026-04-04 00:00:00,86.93833333333333,89.66961914741637
2026-04-04 01:00:00,86.37833333333333,85.7126850418856
2026-04-04 02:00:00,88.88166666666666,88.48863627850176
2026-04-04 03:00:00,89.9375,89.36658405206867
2026-04-04 04:00:00,87.93416666666667,88.79189941116181
2026-04-04 05:00:00,88.43083333333334,88.53157066778124
2026-04-04 06:00:00,82.87916666666666,82.94683504549937
2026-04-04 07:00:00,85.33083333333335,83.0799100680585
2026-04-04 08:00:00,85.32916666666667,85.62897533795456
2026-04-04 09:00:00,85.71333333333334,86.99520510442301
2026-04-04 10:00:00,83.21416666666667,82.19301535729466
2026-04-04 11:00:00,80.55166666666668,78.24651081307366
2026-04-04 12:00:00,75.39833333333333,72.95110801901654
2026-04-04 13:00:00,66.75416666666666,61.760798223582924
2026-04-04 14:00:00,78.59666666666666,74.34262549384249
2026-04-04 15:00:00,97.75166666666668,101.17250567774408
2026-04-04 16:00:00,119.52416666666666,121.83913126178851
2026-04-04 17:00:00,103.9925,108.76194164326182
2026-04-04 18:00:00,100.49333333333334,98.57038888800741
2026-04-04 19:00:00,84.9525,90.47995356632174
2026-04-04 20:00:00,70.655,76.74776338713025
2026-04-04 21:00:00,70.66499999999999,70.08072087552273
2026-04-04 22:00:00,75.45416666666667,77.10808044996793
2026-04-04 23:00:00,84.97083333333333,85.16058507108534
2026-04-05 00:00:00,86.93833333333333,89.66961914741637
2026-04-05 01:00:00,86.37833333333333,85.7126850418856
2026-04-05 02:00:00,88.88166666666666,88.48863627850176
2026-04-05 03:00:00,89.9375,89.36658405206867
2026-04-05 04:00:00,87.93416666666667,88.79189941116181
2026-04-05 05:00:00,88.43083333333334,88.53157066778124
2026-04-05 06:00:00,82.87916666666666,82.94683504549937
2026-04-05 07:00:00,85.33083333333335,83.0799100680585
2026-04-05 08:00:00,85.32916666666667,85.62897533795456
2026-04-05 09:00:00,85.71333333333334,86.99520510442301
2026-04-05 10:00:00,83.21416666666667,82.19301535729466
2026-04-05 11:00:00,80.55166666666668,78.24651081307366
2026-04-05 12:00:00,75.39833333333333,72.95110801901654
2026-04-05 13:00:00,66.75416666666666,61.760798223582924
2026-04-05 14:00:00,78.59666666666666,74.34262549384249
2026-04-05 15:00:00,97.75166666666668,101.17250567774408
2026-04-05 16:00:00,119.52416666666666,121.83913126178851
2026-04-05 17:00:00,103.9925,108.76194164326182
2026-04-05 18:00:00,100.49333333333334,98.57038888800741
2026-04-05 19:00:00,84.9525,90.47995356632174
2026-04-05 20:00:00,70.655,76.74776338713025
2026-04-05 21:00:00,70.66499999999999,70.08072087552273
2026-04-05 22:00:00,75.45416666666667,77.10808044996793
2026-04-05 23:00:00,84.97083333333333,85.16058507108534
2026-04-06 00:00:00,86.93833333333333,89.66961914741637
2026-04-06 01:00:00,86.37833333333333,85.7126850418856
2026-04-06 02:00:00,88.88166666666666,88.48863627850176
2026-04-06 03:00:00,89.9375,89.36658405206867
2026-04-06 04:00:00,87.93416666666667,88.79189941116181
2026-04-06 05:00:00,88.43083333333334,88.53157066778124
2026-04-06 06:00:00,82.87916666666666,82.94683504549937
2026-04-06 07:00:00,85.33083333333335,83.0799100680585
2026-04-06 08:00:00,85.32916666666667,85.62897533795456
2026-04-06 09:00:00,85.71333333333334,86.99520510442301
2026-04-06 10:00:00,83.21416666666667,82.19301535729466
2026-04-06 11:00:00,80.55166666666668,78.24651081307366
2026-04-06 12:00:00,75.39833333333333,72.95110801901654
2026-04-06 13:00:00,66.75416666666666,61.760798223582924
2026-04-06 14:00:00,78.59666666666666,74.34262549384249
2026-04-06 15:00:00,97.75166666666668,101.17250567774408
2026-04-06 16:00:00,119.52416666666666,121.83913126178851
2026-04-06 17:00:00,103.9925,108.76194164326182
2026-04-06 18:00:00,100.49333333333334,98.57038888800741
2026-04-06 19:00:00,84.9525,90.47995356632174
2026-04-06 20:00:00,70.655,76.74776338713025
2026-04-06 21:00:00,70.66499999999999,70.08072087552273
2026-04-06 22:00:00,75.45416666666667,77.10808044996793
2026-04-06 23:00:00,84.97083333333333,85.16058507108534
2026-04-07 00:00:00,86.93833333333333,89.66961914741637
2026-04-07 01:00:00,86.37833333333333,85.7126850418856
2026-04-07 02:00:00,88.88166666666666,88.48863627850176
2026-04-07 03:00:00,89.9375,89.36658405206867
2026-04-07 04:00:00,87.93416666666667,88.79189941116181
2026-04-07 05:00:00,88.43083333333334,88.53157066778124
2026-04-07 06:00:00,82.87916666666666,82.94683504549937
2026-04-07 07:00:00,85.33083333333335,83.0799100680585
2026-04-07 08:00:00,85.32916666666667,85.62897533795456
2026-04-07 09:00:00,85.71333333333334,86.99520510442301
2026-04-07 10:00:00,83.21416666666667,82.19301535729466
2026-04-07 11:00:00,80.55166666666668,78.24651081307366
2026-04-07 12:00:00,75.39833333333333,72.95110801901654
2026-04-07 13:00:00,66.75416666666666,61.760798223582924
2026-04-07 14:00:00,78.59666666666666,74.34262549384249
2026-04-07 15:00:00,97.75166666666668,101.17250567774408
2026-04-07 16:00:00,119.52416666666666,121.83913126178851
2026-04-07 17:00:00,103.9925,108.76194164326182
2026-04-07 18:00:00,100.49333333333334,98.57038888800741
2026-04-07 19:00:00,84.9525,90.47995356632174
2026-04-07 20:00:00,70.655,76.74776338713025
2026-04-07 21:00:00,70.66499999999999,70.08072087552273
2026-04-07 22:00:00,75.45416666666667,77.10808044996793
2026-04-07 23:00:00,84.97083333333333,85.16058507108534
2026-04-08 00:00:00,86.93833333333333,89.66961914741637
2026-04-08 01:00:00,86.37833333333333,85.7126850418856
2026-04-08 02:00:00,88.88166666666666,88.48863627850176
2026-04-08 03:00:00,89.9375,89.36658405206867
2026-04-08 04:00:00,87.93416666666667,88.79189941116181
2026-04-08 05:00:00,88.43083333333334,88.53157066778124
2026-04-08 06:00:00,82.87916666666666,82.94683504549937
2026-04-08 07:00:00,85.33083333333335,83.0799100680585
2026-04-08 08:00:00,85.32916666666667,85.62897533795456
2026-04-08 09:00:00,85.71333333333334,86.99520510442301
2026-04-08 10:00:00,83.21416666666667,82.19301535729466
2026-04-08 11:00:00,80.55166666666668,78.24651081307366
2026-04-08 12:00:00,75.39833333333333,72.95110801901654
2026-04-08 13:00:00,66.75416666666666,61.760798223582924
2026-04-08 14:00:00,78.59666666666666,74.34262549384249
2026-04-08 15:00:00,97.75166666666668,101.17250567774408
2026-04-08 16:00:00,119.52416666666666,121.83913126178851
2026-04-08 17:00:00,103.9925,108.76194164326182
2026-04-08 18:00:00,100.49333333333334,98.57038888800741
2026-04-08 19:00:00,84.9525,90.47995356632174
2026-04-08 20:00:00,70.655,76.74776338713025
2026-04-08 21:00:00,70.66499999999999,70.08072087552273
2026-04-08 22:00:00,75.45416666666667,77.10808044996793
2026-04-08 23:00:00,84.97083333333333,85.16058507108534
2026-04-09 00:00:00,86.93833333333333,89.66961914741637
2026-04-09 01:00:00,86.37833333333333,85.7126850418856
2026-04-09 02:00:00,88.88166666666666,88.48863627850176
2026-04-09 03:00:00,89.9375,89.36658405206867
2026-04-09 04:00:00,87.93416666666667,88.79189941116181
2026-04-09 05:00:00,88.43083333333334,88.53157066778124
2026-04-09 06:00:00,82.87916666666666,82.94683504549937
2026-04-09 07:00:00,85.33083333333335,83.0799100680585
2026-04-09 08:00:00,85.32916666666667,85.62897533795456
2026-04-09 09:00:00,85.71333333333334,86.99520510442301
2026-04-09 10:00:00,83.21416666666667,82.19301535729466
2026-04-09 11:00:00,80.55166666666668,78.24651081307366
2026-04-09 12:00:00,75.39833333333333,72.95110801901654
2026-04-09 13:00:00,66.75416666666666,61.760798223582924
2026-04-09 14:00:00,78.59666666666666,74.34262549384249
2026-04-09 15:00:00,97.75166666666668,101.17250567774408
2026-04-09 16:00:00,119.52416666666666,121.83913126178851
2026-04-09 17:00:00,103.9925,108.76194164326182
2026-04-09 18:00:00,100.49333333333334,98.57038888800741
2026-04-09 19:00:00,84.9525,90.47995356632174
2026-04-09 20:00:00,70.655,76.74776338713025
2026-04-09 21:00:00,70.66499999999999,70.08072087552273
2026-04-09 22:00:00,75.45416666666667,77.10808044996793
2026-04-09 23:00:00,84.97083333333333,85.16058507108534
2026-04-10 00:00:00,86.93833333333333,89.66961914741637
2026-04-10 01:00:00,86.37833333333333,85.7126850418856
2026-04-10 02:00:00,88.88166666666666,88.48863627850176
2026-04-10 03:00:00,89.9375,89.36658405206867
2026-04-10 04:00:00,87.93416666666667,88.79189941116181
2026-04-10 05:00:00,88.43083333333334,88.53157066778124
2026-04-10 06:00:00,82.87916666666666,82.94683504549937
2026-04-10 07:00:00,85.33083333333335,83.0799100680585
2026-04-10 08:00:00,85.32916666666667,85.62897533795456
2026-04-10 09:00:00,85.71333333333334,86.99520510442301
2026-04-10 10:00:00,83.21416666666667,82.19301535729466
2026-04-10 11:00:00,80.55166666666668,78.24651081307366
2026-04-10 12:00:00,75.39833333333333,72.95110801901654
2026-04-10 13:00:00,66.75416666666666,61.760798223582924
2026-04-10 14:00:00,78.59666666666666,74.34262549384249
2026-04-10 15:00:00,97.75166666666668,101.17250567774408
2026-04-10 16:00:00,119.52416666666666,121.83913126178851
2026-04-10 17:00:00,103.9925,108.76194164326182
2026-04-10 18:00:00,100.49333333333334,98.57038888800741
2026-04-10 19:00:00,84.9525,90.47995356632174
2026-04-10 20:00:00,70.655,76.74776338713025
2026-04-10 21:00:00,70.66499999999999,70.08072087552273
2026-04-10 22:00:00,75.45416666666667,77.10808044996793
2026-04-10 23:00:00,84.97083333333333,85.16058507108534
2026-04-11 00:00:00,86.93833333333333,89.66961914741637
2026-04-11 01:00:00,86.37833333333333,85.7126850418856
2026-04-11 02:00:00,88.88166666666666,88.48863627850176
2026-04-11 03:00:00,89.9375,89.36658405206867
2026-04-11 04:00:00,87.93416666666667,88.79189941116181
2026-04-11 05:00:00,88.43083333333334,88.53157066778124
2026-04-11 06:00:00,82.87916666666666,82.94683504549937
2026-04-11 07:00:00,85.33083333333335,83.0799100680585
2026-04-11 08:00:00,85.32916666666667,85.62897533795456
2026-04-11 09:00:00,85.71333333333334,86.99520510442301
2026-04-11 10:00:00,83.21416666666667,82.19301535729466
2026-04-11 11:00:00,80.55166666666668,78.24651081307366
2026-04-11 12:00:00,75.39833333333333,72.95110801901654
2026-04-11 13:00:00,66.75416666666666,61.760798223582924
2026-04-11 14:00:00,78.59666666666666,74.34262549384249
2026-04-11 15:00:00,97.75166666666668,101.17250567774408
2026-04-11 16:00:00,119.52416666666666,121.83913126178851
2026-04-11 17:00:00,103.9925,108.76194164326182
2026-04-11 18:00:00,100.49333333333334,98.57038888800741
2026-04-11 19:00:00,84.9525,90.47995356632174
2026-04-11 20:00:00,70.655,76.74776338713025
2026-04-11 21:00:00,70.66499999999999,70.08072087552273
2026-04-11 22:00:00,75.45416666666667,77.10808044996793
2026-04-11 23:00:00,84.97083333333333,85.16058507108534
2026-04-12 00:00:00,86.93833333333333,89.66961914741637
2026-04-12 01:00:00,86.37833333333333,85.7126850418856
2026-04-12 02:00:00,88.88166666666666,88.48863627850176
2026-04-12 03:00:00,89.9375,89.36658405206867
2026-04-12 04:00:00,87.93416666666667,88.79189941116181
2026-04-12 05:00:00,88.43083333333334,88.53157066778124
2026-04-12 06:00:00,82.87916666666666,82.94683504549937
2026-04-12 07:00:00,85.33083333333335,83.0799100680585
2026-04-12 08:00:00,85.32916666666667,85.62897533795456
2026-04-12 09:00:00,85.71333333333334,86.99520510442301
2026-04-12 10:00:00,83.21416666666667,82.19301535729466
2026-04-12 11:00:00,80.55166666666668,78.24651081307366
2026-04-12 12:00:00,75.39833333333333,72.95110801901654
2026-04-12 13:00:00,66.75416666666666,61.760798223582924
2026-04-12 14:00:00,78.59666666666666,74.34262549384249
2026-04-12 15:00:00,97.75166666666668,101.17250567774408
2026-04-12 16:00:00,119.52416666666666,121.83913126178851
2026-04-12 17:00:00,103.9925,108.76194164326182
2026-04-12 18:00:00,100.49333333333334,98.57038888800741
2026-04-12 19:00:00,84.9525,90.47995356632174
2026-04-12 20:00:00,70.655,76.74776338713025
2026-04-12 21:00:00,70.66499999999999,70.08072087552273
2026-04-12 22:00:00,75.45416666666667,77.10808044996793
2026-04-12 23:00:00,84.97083333333333,85.16058507108534
2026-04-13 00:00:00,86.93833333333333,89.66961914741637
2026-04-13 01:00:00,86.37833333333333,85.7126850418856
2026-04-13 02:00:00,88.88166666666666,88.48863627850176
2026-04-13 03:00:00,89.9375,89.36658405206867
2026-04-13 04:00:00,87.93416666666667,88.79189941116181
2026-04-13 05:00:00,88.43083333333334,88.53157066778124
2026-04-13 06:00:00,82.87916666666666,82.94683504549937
2026-04-13 07:00:00,85.33083333333335,83.0799100680585
2026-04-13 08:00:00,85.32916666666667,85.62897533795456
2026-04-13 09:00:00,85.71333333333334,86.99520510442301
2026-04-13 10:00:00,83.21416666666667,82.19301535729466
2026-04-13 11:00:00,80.55166666666668,78.24651081307366
2026-04-13 12:00:00,75.39833333333333,72.95110801901654
2026-04-13 13:00:00,66.75416666666666,61.760798223582924
2026-04-13 14:00:00,78.59666666666666,74.34262549384249
2026-04-13 15:00:00,97.75166666666668,101.17250567774408
2026-04-13 16:00:00,119.52416666666666,121.83913126178851
2026-04-13 17:00:00,103.9925,108.76194164326182
2026-04-13 18:00:00,100.49333333333334,98.57038888800741
2026-04-13 19:00:00,84.9525,90.47995356632174
2026-04-13 20:00:00,70.655,76.74776338713025
2026-04-13 21:00:00,70.66499999999999,70.08072087552273
2026-04-13 22:00:00,75.45416666666667,77.10808044996793
2026-04-13 23:00:00,84.97083333333333,85.16058507108534
2026-04-14 00:00:00,86.93833333333333,89.66961914741637
2026-04-14 01:00:00,86.37833333333333,85.7126850418856
2026-04-14 02:00:00,88.88166666666666,88.48863627850176
2026-04-14 03:00:00,89.9375,89.36658405206867
2026-04-14 04:00:00,87.93416666666667,88.79189941116181
2026-04-14 05:00:00,88.43083333333334,88.53157066778124
2026-04-14 06:00:00,82.87916666666666,82.94683504549937
2026-04-14 07:00:00,85.33083333333335,83.0799100680585
2026-04-14 08:00:00,85.32916666666667,85.62897533795456
2026-04-14 09:00:00,85.71333333333334,86.99520510442301
2026-04-14 10:00:00,83.21416666666667,82.19301535729466
2026-04-14 11:00:00,80.55166666666668,78.24651081307366
2026-04-14 12:00:00,75.39833333333333,72.95110801901654
2026-04-14 13:00:00,66.75416666666666,61.760798223582924
2026-04-14 14:00:00,78.59666666666666,74.34262549384249
2026-04-14 15:00:00,97.75166666666668,101.17250567774408
2026-04-14 16:00:00,119.52416666666666,121.83913126178851
2026-04-14 17:00:00,103.9925,108.76194164326182
2026-04-14 18:00:00,100.49333333333334,98.57038888800741
2026-04-14 19:00:00,84.9525,90.47995356632174
2026-04-14 20:00:00,70.655,76.74776338713025
2026-04-14 21:00:00,70.66499999999999,70.08072087552273
2026-04-14 22:00:00,75.45416666666667,77.10808044996793
2026-04-14 23:00:00,84.97083333333333,85.16058507108534
2026-04-15 00:00:00,86.93833333333333,89.66961914741637
2026-04-15 01:00:00,86.37833333333333,85.7126850418856
2026-04-15 02:00:00,88.88166666666666,88.48863627850176
2026-04-15 03:00:00,89.9375,89.36658405206867
2026-04-15 04:00:00,87.93416666666667,88.79189941116181
2026-04-15 05:00:00,88.43083333333334,88.53157066778124
2026-04-15 06:00:00,82.87916666666666,82.94683504549937
2026-04-15 07:00:00,85.33083333333335,83.0799100680585
2026-04-15 08:00:00,85.32916666666667,85.62897533795456
2026-04-15 09:00:00,85.71333333333334,86.99520510442301
2026-04-15 10:00:00,83.21416666666667,82.19301535729466
2026-04-15 11:00:00,80.55166666666668,78.24651081307366
2026-04-15 12:00:00,75.39833333333333,72.95110801901654
2026-04-15 13:00:00,66.75416666666666,61.760798223582924
2026-04-15 14:00:00,78.59666666666666,74.34262549384249
2026-04-15 15:00:00,97.75166666666668,101.17250567774408
2026-04-15 16:00:00,119.52416666666666,121.83913126178851
2026-04-15 17:00:00,103.9925,108.76194164326182
2026-04-15 18:00:00,100.49333333333334,98.57038888800741
2026-04-15 19:00:00,84.9525,90.47995356632174
2026-04-15 20:00:00,70.655,76.74776338713025
2026-04-15 21:00:00,70.66499999999999,70.08072087552273
2026-04-15 22:00:00,75.45416666666667,77.10808044996793
2026-04-15 23:00:00,84.97083333333333,85.16058507108534
2026-04-16 00:00:00,86.93833333333333,89.66961914741637
2026-04-16 01:00:00,86.37833333333333,85.7126850418856
2026-04-16 02:00:00,88.88166666666666,88.48863627850176
2026-04-16 03:00:00,89.9375,89.36658405206867
2026-04-16 04:00:00,87.93416666666667,88.79189941116181
2026-04-16 05:00:00,88.43083333333334,88.53157066778124
2026-04-16 06:00:00,82.87916666666666,82.94683504549937
2026-04-16 07:00:00,85.33083333333335,83.0799100680585
2026-04-16 08:00:00,85.32916666666667,85.62897533795456
2026-04-16 09:00:00,85.71333333333334,86.99520510442301
2026-04-16 10:00:00,83.21416666666667,82.19301535729466
2026-04-16 11:00:00,80.55166666666668,78.24651081307366
2026-04-16 12:00:00,75.39833333333333,72.95110801901654
2026-04-16 13:00:00,66.75416666666666,61.760798223582924
2026-04-16 14:00:00,78.59666666666666,74.34262549384249
2026-04-16 15:00:00,97.75166666666668,101.17250567774408
2026-04-16 16:00:00,119.52416666666666,121.83913126178851
2026-04-16 17:00:00,103.9925,108.76194164326182
2026-04-16 18:00:00,100.49333333333334,98.57038888800741
2026-04-16 19:00:00,84.9525,90.47995356632174
2026-04-16 20:00:00,70.655,76.74776338713025
2026-04-16 21:00:00,70.66499999999999,70.08072087552273
2026-04-16 22:00:00,75.45416666666667,77.10808044996793
2026-04-16 23:00:00,84.97083333333333,85.16058507108534
2026-04-17 00:00:00,86.93833333333333,89.66961914741637
2026-04-17 01:00:00,86.37833333333333,85.7126850418856
2026-04-17 02:00:00,88.88166666666666,88.48863627850176
2026-04-17 03:00:00,89.9375,89.36658405206867
2026-04-17 04:00:00,87.93416666666667,88.79189941116181
2026-04-17 05:00:00,88.43083333333334,88.53157066778124
2026-04-17 06:00:00,82.87916666666666,82.94683504549937
2026-04-17 07:00:00,85.33083333333335,83.0799100680585
2026-04-17 08:00:00,85.32916666666667,85.62897533795456
2026-04-17 09:00:00,85.71333333333334,86.99520510442301
2026-04-17 10:00:00,83.21416666666667,82.19301535729466
2026-04-17 11:00:00,80.55166666666668,78.24651081307366
2026-04-17 12:00:00,75.39833333333333,72.95110801901654
2026-04-17 13:00:00,66.75416666666666,61.760798223582924
2026-04-17 14:00:00,78.59666666666666,74.34262549384249
2026-04-17 15:00:00,97.75166666666668,101.17250567774408
2026-04-17 16:00:00,119.52416666666666,121.83913126178851
2026-04-17 17:00:00,103.9925,108.76194164326182
2026-04-17 18:00:00,100.49333333333334,98.57038888800741
2026-04-17 19:00:00,84.9525,90.47995356632174
2026-04-17 20:00:00,70.655,76.74776338713025
2026-04-17 21:00:00,70.66499999999999,70.08072087552273
2026-04-17 22:00:00,75.45416666666667,77.10808044996793
2026-04-17 23:00:00,84.97083333333333,85.16058507108534
2026-04-18 00:00:00,86.93833333333333,89.66961914741637
2026-04-18 01:00:00,86.37833333333333,85.7126850418856
2026-04-18 02:00:00,88.88166666666666,88.48863627850176
2026-04-18 03:00:00,89.9375,89.36658405206867
2026-04-18 04:00:00,87.93416666666667,88.79189941116181
2026-04-18 05:00:00,88.43083333333334,88.53157066778124
2026-04-18 06:00:00,82.87916666666666,82.94683504549937
2026-04-18 07:00:00,85.33083333333335,83.0799100680585
2026-04-18 08:00:00,85.32916666666667,85.62897533795456
2026-04-18 09:00:00,85.71333333333334,86.99520510442301
2026-04-18 10:00:00,83.21416666666667,82.19301535729466
2026-04-18 11:00:00,80.55166666666668,78.24651081307366
2026-04-18 12:00:00,75.39833333333333,72.95110801901654
2026-04-18 13:00:00,66.75416666666666,61.760798223582924
2026-04-18 14:00:00,78.59666666666666,74.34262549384249
2026-04-18 15:00:00,97.75166666666668,101.17250567774408
2026-04-18 16:00:00,119.52416666666666,121.83913126178851
2026-04-18 17:00:00,103.9925,108.76194164326182
2026-04-18 18:00:00,100.49333333333334,98.57038888800741
2026-04-18 19:00:00,84.9525,90.47995356632174
2026-04-18 20:00:00,70.655,76.74776338713025
2026-04-18 21:00:00,70.66499999999999,70.08072087552273
2026-04-18 22:00:00,75.45416666666667,77.10808044996793
2026-04-18 23:00:00,84.97083333333333,85.16058507108534
2026-04-19 00:00:00,86.93833333333333,89.66961914741637
2026-04-19 01:00:00,86.37833333333333,85.7126850418856
2026-04-19 02:00:00,88.88166666666666,88.48863627850176
2026-04-19 03:00:00,89.9375,89.36658405206867
2026-04-19 04:00:00,87.93416666666667,88.79189941116181
2026-04-19 05:00:00,88.43083333333334,88.53157066778124
2026-04-19 06:00:00,82.87916666666666,82.94683504549937
2026-04-19 07:00:00,85.33083333333335,83.0799100680585
2026-04-19 08:00:00,85.32916666666667,85.62897533795456
2026-04-19 09:00:00,85.71333333333334,86.99520510442301
2026-04-19 10:00:00,83.21416666666667,82.19301535729466
2026-04-19 11:00:00,80.55166666666668,78.24651081307366
2026-04-19 12:00:00,75.39833333333333,72.95110801901654
2026-04-19 13:00:00,66.75416666666666,61.760798223582924
2026-04-19 14:00:00,78.59666666666666,74.34262549384249
2026-04-19 15:00:00,97.75166666666668,101.17250567774408
2026-04-19 16:00:00,119.52416666666666,121.83913126178851
2026-04-19 17:00:00,103.9925,108.76194164326182
2026-04-19 18:00:00,100.49333333333334,98.57038888800741
2026-04-19 19:00:00,84.9525,90.47995356632174
2026-04-19 20:00:00,70.655,76.74776338713025
2026-04-19 21:00:00,70.66499999999999,70.08072087552273
2026-04-19 22:00:00,75.45416666666667,77.10808044996793
2026-04-19 23:00:00,84.97083333333333,85.16058507108534
2026-04-20 00:00:00,86.93833333333333,89.66961914741637
2026-04-20 01:00:00,86.37833333333333,85.7126850418856
2026-04-20 02:00:00,88.88166666666666,88.48863627850176
2026-04-20 03:00:00,89.9375,89.36658405206867
2026-04-20 04:00:00,87.93416666666667,88.79189941116181
2026-04-20 05:00:00,88.43083333333334,88.53157066778124
2026-04-20 06:00:00,82.87916666666666,82.94683504549937
2026-04-20 07:00:00,85.33083333333335,83.0799100680585
2026-04-20 08:00:00,85.32916666666667,85.62897533795456
2026-04-20 09:00:00,85.71333333333334,86.99520510442301
2026-04-20 10:00:00,83.21416666666667,82.19301535729466
2026-04-20 11:00:00,80.55166666666668,78.24651081307366
2026-04-20 12:00:00,75.39833333333333,72.95110801901654
2026-04-20 13:00:00,66.75416666666666,61.760798223582924
2026-04-20 14:00:00,78.59666666666666,74.34262549384249
2026-04-20 15:00:00,97.75166666666668,101.17250567774408
2026-04-20 16:00:00,119.52416666666666,121.83913126178851
2026-04-20 17:00:00,103.9925,108.76194164326182
2026-04-20 18:00:00,100.49333333333334,98.57038888800741
2026-04-20 19:00:00,84.9525,90.47995356632174
2026-04-20 20:00:00,70.655,76.74776338713025
2026-04-20 21:00:00,70.66499999999999,70.08072087552273
2026-04-20 22:00:00,75.45416666666667,77.10808044996793
2026-04-20 23:00:00,84.97083333333333,85.16058507108534
2026-04-21 00:00:00,86.93833333333333,89.66961914741637
2026-04-21 01:00:00,86.37833333333333,85.7126850418856
2026-04-21 02:00:00,88.88166666666666,88.48863627850176
2026-04-21 03:00:00,89.9375,89.36658405206867
2026-04-21 04:00:00,87.93416666666667,88.79189941116181
2026-04-21 05:00:00,88.43083333333334,88.53157066778124
2026-04-21 06:00:00,82.87916666666666,82.94683504549937
2026-04-21 07:00:00,85.33083333333335,83.0799100680585
2026-04-21 08:00:00,85.32916666666667,85.62897533795456
2026-04-21 09:00:00,85.71333333333334,86.99520510442301
2026-04-21 10:00:00,83.21416666666667,82.19301535729466
2026-04-21 11:00:00,80.55166666666668,78.24651081307366
2026-04-21 12:00:00,75.39833333333333,72.95110801901654
2026-04-21 13:00:00,66.75416666666666,61.760798223582924
2026-04-21 14:00:00,78.59666666666666,74.34262549384249
2026-04-21 15:00:00,97.75166666666668,101.17250567774408
2026-04-21 16:00:00,119.52416666666666,121.83913126178851
2026-04-21 17:00:00,103.9925,108.76194164326182
2026-04-21 18:00:00,100.49333333333334,98.57038888800741
2026-04-21 19:00:00,84.9525,90.47995356632174
2026-04-21 20:00:00,70.655,76.74776338713025
2026-04-21 21:00:00,70.66499999999999,70.08072087552273
2026-04-21 22:00:00,75.45416666666667,77.10808044996793
2026-04-21 23:00:00,84.97083333333333,85.16058507108534
2026-04-22 00:00:00,86.93833333333333,89.66961914741637
2026-04-22 01:00:00,86.37833333333333,85.7126850418856
2026-04-22 02:00:00,88.88166666666666,88.48863627850176
2026-04-22 03:00:00,89.9375,89.36658405206867
2026-04-22 04:00:00,87.93416666666667,88.79189941116181
2026-04-22 05:00:00,88.43083333333334,88.53157066778124
2026-04-22 06:00:00,82.87916666666666,82.94683504549937
2026-04-22 07:00:00,85.33083333333335,83.0799100680585
2026-04-22 08:00:00,85.32916666666667,85.62897533795456
2026-04-22 09:00:00,85.71333333333334,86.99520510442301
2026-04-22 10:00:00,83.21416666666667,82.19301535729466
2026-04-22 11:00:00,80.55166666666668,78.24651081307366
2026-04-22 12:00:00,75.39833333333333,72.95110801901654
2026-04-22 13:00:00,66.75416666666666,61.760798223582924
2026-04-22 14:00:00,78.59666666666666,74.34262549384249
2026-04-22 15:00:00,97.75166666666668,101.17250567774408
2026-04-22 16:00:00,119.52416666666666,121.83913126178851
2026-04-22 17:00:00,103.9925,108.76194164326182
2026-04-22 18:00:00,100.49333333333334,98.57038888800741
2026-04-22 19:00:00,84.9525,90.47995356632174
2026-04-22 20:00:00,70.655,76.74776338713025
2026-04-22 21:00:00,70.66499999999999,70.08072087552273
2026-04-22 22:00:00,75.45416666666667,77.10808044996793
2026-04-22 23:00:00,84.97083333333333,85.16058507108534
2026-04-23 00:00:00,86.93833333333333,89.66961914741637
2026-04-23 01:00:00,86.37833333333333,85.7126850418856
2026-04-23 02:00:00,88.88166666666666,88.48863627850176
2026-04-23 03:00:00,89.9375,89.36658405206867
2026-04-23 04:00:00,87.93416666666667,88.79189941116181
2026-04-23 05:00:00,88.43083333333334,88.53157066778124
2026-04-23 06:00:00,82.87916666666666,82.94683504549937
2026-04-23 07:00:00,85.33083333333335,83.0799100680585
2026-04-23 08:00:00,85.32916666666667,85.62897533795456
2026-04-23 09:00:00,85.71333333333334,86.99520510442301
2026-04-23 10:00:00,83.21416666666667,82.19301535729466
2026-04-23 11:00:00,80.55166666666668,78.24651081307366
2026-04-23 12:00:00,75.39833333333333,72.95110801901654
2026-04-23 13:00:00,66.75416666666666,61.760798223582924
2026-04-23 14:00:00,78.59666666666666,74.34262549384249
2026-04-23 15:00:00,97.75166666666668,101.17250567774408
2026-04-23 16:00:00,119.52416666666666,121.83913126178851
2026-04-23 17:00:00,103.9925,108.76194164326182
2026-04-23 18:00:00,100.49333333333334,98.57038888800741
2026-04-23 19:00:00,84.9525,90.47995356632174
2026-04-23 20:00:00,70.655,76.74776338713025
2026-04-23 21:00:00,70.66499999999999,70.08072087552273
2026-04-23 22:00:00,75.45416666666667,77.10808044996793
2026-04-23 23:00:00,84.97083333333333,85.16058507108534
2026-04-24 00:00:00,86.93833333333333,89.66961914741637
2026-04-24 01:00:00,86.37833333333333,85.7126850418856
2026-04-24 02:00:00,88.88166666666666,88.48863627850176
2026-04-24 03:00:00,89.9375,89.36658405206867
2026-04-24 04:00:00,87.93416666666667,88.79189941116181
2026-04-24 05:00:00,88.43083333333334,88.53157066778124
2026-04-24 06:00:00,82.87916666666666,82.94683504549937
2026-04-24 07:00:00,85.33083333333335,83.0799100680585
2026-04-24 08:00:00,85.32916666666667,85.62897533795456
2026-04-24 09:00:00,85.71333333333334,86.99520510442301
2026-04-24 10:00:00,83.21416666666667,82.19301535729466
2026-04-24 11:00:00,80.55166666666668,78.24651081307366
2026-04-24 12:00:00,75.39833333333333,72.95110801901654
2026-04-24 13:00:00,66.75416666666666,61.760798223582924
2026-04-24 14:00:00,78.59666666666666,74.34262549384249
2026-04-24 15:00:00,97.75166666666668,101.17250567774408
2026-04-24 16:00:00,119.52416666666666,121.83913126178851
2026-04-24 17:00:00,103.9925,108.76194164326182
2026-04-24 18:00:00,100.49333333333334,98.57038888800741
2026-04-24 19:00:00,84.9525,90.47995356632174
2026-04-24 20:00:00,70.655,76.74776338713025
2026-04-24 21:00:00,70.66499999999999,70.08072087552273
2026-04-24 22:00:00,75.45416666666667,77.10808044996793
2026-04-24 23:00:00,84.97083333333333,85.16058507108534
2026-04-25 00:00:00,86.93833333333333,89.66961914741637
2026-04-25 01:00:00,86.37833333333333,85.7126850418856
2026-04-25 02:00:00,88.88166666666666,88.48863627850176
2026-04-25 03:00:00,89.9375,89.36658405206867
2026-04-25 04:00:00,87.93416666666667,88.79189941116181
2026-04-25 05:00:00,88.43083333333334,88.53157066778124
2026-04-25 06:00:00,82.87916666666666,82.94683504549937
2026-04-25 07:00:00,85.33083333333335,83.0799100680585
2026-04-25 08:00:00,85.32916666666667,85.62897533795456
2026-04-25 09:00:00,85.71333333333334,86.99520510442301
2026-04-25 10:00:00,83.21416666666667,82.19301535729466
2026-04-25 11:00:00,80.55166666666668,78.24651081307366
2026-04-25 12:00:00,75.39833333333333,72.95110801901654
2026-04-25 13:00:00,66.75416666666666,61.760798223582924
2026-04-25 14:00:00,78.59666666666666,74.34262549384249
2026-04-25 15:00:00,97.75166666666668,101.17250567774408
2026-04-25 16:00:00,119.52416666666666,121.83913126178851
2026-04-25 17:00:00,103.9925,108.76194164326182
2026-04-25 18:00:00,100.49333333333334,98.57038888800741
2026-04-25 19:00:00,84.9525,90.47995356632174
2026-04-25 20:00:00,70.655,76.74776338713025
2026-04-25 21:00:00,70.66499999999999,70.08072087552273
2026-04-25 22:00:00,75.45416666666667,77.10808044996793
2026-04-25 23:00:00,84.97083333333333,85.16058507108534
2026-04-26 00:00:00,86.93833333333333,89.66961914741637
2026-04-26 01:00:00,86.37833333333333,85.7126850418856
2026-04-26 02:00:00,88.88166666666666,88.48863627850176
2026-04-26 03:00:00,89.9375,89.36658405206867
2026-04-26 04:00:00,87.93416666666667,88.79189941116181
2026-04-26 05:00:00,88.43083333333334,88.53157066778124
2026-04-26 06:00:00,82.87916666666666,82.94683504549937
2026-04-26 07:00:00,85.33083333333335,83.0799100680585
2026-04-26 08:00:00,85.32916666666667,85.62897533795456
2026-04-26 09:00:00,85.71333333333334,86.99520510442301
2026-04-26 10:00:00,83.21416666666667,82.19301535729466
2026-04-26 11:00:00,80.55166666666668,78.24651081307366
2026-04-26 12:00:00,75.39833333333333,72.95110801901654
2026-04-26 13:00:00,66.75416666666666,61.760798223582924
2026-04-26 14:00:00,78.59666666666666,74.34262549384249
2026-04-26 15:00:00,97.75166666666668,101.17250567774408
2026-04-26 16:00:00,119.52416666666666,121.83913126178851
2026-04-26 17:00:00,103.9925,108.76194164326182
2026-04-26 18:00:00,100.49333333333334,98.57038888800741
2026-04-26 19:00:00,84.9525,90.47995356632174
2026-04-26 20:00:00,70.655,76.74776338713025
2026-04-26 21:00:00,70.66499999999999,70.08072087552273
2026-04-26 22:00:00,75.45416666666667,77.10808044996793
2026-04-26 23:00:00,84.97083333333333,85.16058507108534
2026-04-27 00:00:00,86.93833333333333,89.66961914741637
2026-04-27 01:00:00,86.37833333333333,85.7126850418856
2026-04-27 02:00:00,88.88166666666666,88.48863627850176
2026-04-27 03:00:00,89.9375,89.36658405206867
2026-04-27 04:00:00,87.93416666666667,88.79189941116181
2026-04-27 05:00:00,88.43083333333334,88.53157066778124
2026-04-27 06:00:00,82.87916666666666,82.94683504549937
2026-04-27 07:00:00,85.33083333333335,83.0799100680585
2026-04-27 08:00:00,85.32916666666667,85.62897533795456
2026-04-27 09:00:00,85.71333333333334,86.99520510442301
2026-04-27 10:00:00,83.21416666666667,82.19301535729466
2026-04-27 11:00:00,80.55166666666668,78.24651081307366
2026-04-27 12:00:00,75.39833333333333,72.95110801901654
2026-04-27 13:00:00,66.75416666666666,61.760798223582924
2026-04-27 14:00:00,78.59666666666666,74.34262549384249
2026-04-27 15:00:00,97.75166666666668,101.17250567774408
2026-04-27 16:00:00,119.52416666666666,121.83913126178851
2026-04-27 17:00:00,103.9925,108.76194164326182
2026-04-27 18:00:00,100.49333333333334,98.57038888800741
2026-04-27 19:00:00,84.9525,90.47995356632174
2026-04-27 20:00:00,70.655,76.74776338713025
2026-04-27 21:00:00,70.66499999999999,70.08072087552273
2026-04-27 22:00:00,75.45416666666667,77.10808044996793
2026-04-27 23:00:00,84.97083333333333,85.16058507108534
2026-04-28 00:00:00,86.93833333333333,89.66961914741637
2026-04-28 01:00:00,86.37833333333333,85.7126850418856
2026-04-28 02:00:00,88.88166666666666,88.48863627850176
2026-04-28 03:00:00,89.9375,89.36658405206867
2026-04-28 04:00:00,87.93416666666667,88.79189941116181
2026-04-28 05:00:00,88.43083333333334,88.53157066778124
2026-04-28 06:00:00,82.87916666666666,82.94683504549937
2026-04-28 07:00:00,85.33083333333335,83.0799100680585
2026-04-28 08:00:00,85.32916666666667,85.62897533795456
2026-04-28 09:00:00,85.71333333333334,86.99520510442301
2026-04-28 10:00:00,83.21416666666667,82.19301535729466
2026-04-28 11:00:00,80.55166666666668,78.24651081307366
2026-04-28 12:00:00,75.39833333333333,72.95110801901654
2026-04-28 13:00:00,66.75416666666666,61.760798223582924
2026-04-28 14:00:00,78.59666666666666,74.34262549384249
2026-04-28 15:00:00,97.75166666666668,101.17250567774408
2026-04-28 16:00:00,119.52416666666666,121.83913126178851
2026-04-28 17:00:00,103.9925,108.76194164326182
2026-04-28 18:00:00,100.49333333333334,98.57038888800741
2026-04-28 19:00:00,84.9525,90.47995356632174
2026-04-28 20:00:00,70.655,76.74776338713025
2026-04-28 21:00:00,70.66499999999999,70.08072087552273
2026-04-28 22:00:00,75.45416666666667,77.10808044996793
2026-04-28 23:00:00,84.97083333333333,85.16058507108534
2026-04-29 00:00:00,86.93833333333333,89.66961914741637
2026-04-29 01:00:00,86.37833333333333,85.7126850418856
2026-04-29 02:00:00,88.88166666666666,88.48863627850176
2026-04-29 03:00:00,89.9375,89.36658405206867
2026-04-29 04:00:00,87.93416666666667,88.79189941116181
2026-04-29 05:00:00,88.43083333333334,88.53157066778124
2026-04-29 06:00:00,82.87916666666666,82.94683504549937
2026-04-29 07:00:00,85.33083333333335,83.0799100680585
2026-04-29 08:00:00,85.32916666666667,85.62897533795456
2026-04-29 09:00:00,85.71333333333334,86.99520510442301
2026-04-29 10:00:00,83.21416666666667,82.19301535729466
2026-04-29 11:00:00,80.55166666666668,78.24651081307366
2026-04-29 12:00:00,75.39833333333333,72.95110801901654
2026-04-29 13:00:00,66.75416666666666,61.760798223582924
2026-04-29 14:00:00,78.59666666666666,74.34262549384249
2026-04-29 15:00:00,97.75166666666668,101.17250567774408
2026-04-29 16:00:00,119.52416666666666,121.83913126178851
2026-04-29 17:00:00,103.9925,108.76194164326182
2026-04-29 18:00:00,100.49333333333334,98.57038888800741
2026-04-29 19:00:00,84.9525,90.47995356632174
2026-04-29 20:00:00,70.655,76.74776338713025
2026-04-29 21:00:00,70.66499999999999,70.08072087552273
2026-04-29 22:00:00,75.45416666666667,77.10808044996793
2026-04-29 23:00:00,84.97083333333333,85.16058507108534
2026-04-30 00:00:00,86.93833333333333,89.66961914741637
2026-04-30 01:00:00,86.37833333333333,85.7126850418856
2026-04-30 02:00:00,88.88166666666666,88.48863627850176
2026-04-30 03:00:00,89.9375,89.36658405206867
2026-04-30 04:00:00,87.93416666666667,88.79189941116181
2026-04-30 05:00:00,88.43083333333334,88.53157066778124
2026-04-30 06:00:00,82.87916666666666,82.94683504549937
2026-04-30 07:00:00,85.33083333333335,83.0799100680585
2026-04-30 08:00:00,85.32916666666667,85.62897533795456
2026-04-30 09:00:00,85.71333333333334,86.99520510442301
2026-04-30 10:00:00,83.21416666666667,82.19301535729466
2026-04-30 11:00:00,80.55166666666668,78.24651081307366
2026-04-30 12:00:00,75.39833333333333,72.95110801901654
2026-04-30 13:00:00,66.75416666666666,61.760798223582924
2026-04-30 14:00:00,78.59666666666666,74.34262549384249
2026-04-30 15:00:00,97.75166666666668,101.17250567774408
2026-04-30 16:00:00,119.52416666666666,121.83913126178851
2026-04-30 17:00:00,103.9925,108.76194164326182
2026-04-30 18:00:00,100.49333333333334,98.57038888800741
2026-04-30 19:00:00,84.9525,90.47995356632174
2026-04-30 20:00:00,70.655,76.74776338713025
2026-04-30 21:00:00,70.66499999999999,70.08072087552273
2026-04-30 22:00:00,75.45416666666667,77.10808044996793
2026-04-30 23:00:00,84.97083333333333,85.16058507108534
2026-05-01 00:00:00,117.53709677419356,124.49091398450366
2026-05-01 01:00:00,120.87016129032256,125.27782616696754
2026-05-01 02:00:00,124.5701612903226,125.89985077375792
2026-05-01 03:00:00,122.2032258064516,121.59069289670708
2026-05-01 04:00:00,125.7766129032258,126.7178422127887
2026-05-01 05:00:00,125.48709677419356,126.54098553217017
2026-05-01 06:00:00,127.63387096774194,130.440253551968
2026-05-01 07:00:00,123.3959677419355,126.4681346132437
2026-05-01 08:00:00,120.18870967741935,120.4491905763241
2026-05-01 09:00:00,124.47096774193548,122.72048576157692
2026-05-01 10:00:00,123.20967741935485,122.5107859400681
2026-05-01 11:00:00,126.58870967741936,129.66117584690858
2026-05-01 12:00:00,128.16209677419354,130.08596098719954
2026-05-01 13:00:00,131.3556451612903,134.30630719352575
2026-05-01 14:00:00,143.2274193548387,141.03950518186866
2026-05-01 15:00:00,155.71451612903226,156.3060024860539
2026-05-01 16:00:00,159.73145161290324,156.46777647299587
2026-05-01 17:00:00,149.06451612903226,145.1256815854976
2026-05-01 18:00:00,129.28225806451613,127.91211494722916
2026-05-01 19:00:00,113.775,111.8640008227672
2026-05-01 20:00:00,116.56612903225808,113.37796522769958
2026-05-01 21:00:00,127.13870967741936,132.0483966193878
2026-05-01 22:00:00,121.84677419354838,125.77979350132978
2026-05-01 23:00:00,120.8516129032258,123.62382999612049
2026-05-02 00:00:00,117.53709677419356,118.19287332699099
2026-05-02 01:00:00,120.87016129032256,124.60338642376769
2026-05-02 02:00:00,124.5701612903226,127.14089910471898
2026-05-02 03:00:00,122.2032258064516,123.73990445384311
2026-05-02 04:00:00,125.7766129032258,128.81353335029837
2026-05-02 05:00:00,125.48709677419356,128.85100157185286
2026-05-02 06:00:00,127.63387096774194,131.24606609249759
2026-05-02 07:00:00,123.3959677419355,127.28274760330748
2026-05-02 08:00:00,120.18870967741935,122.00597137733638
2026-05-02 09:00:00,124.47096774193548,123.57937633576063
2026-05-02 10:00:00,123.20967741935485,123.04682141914554
2026-05-02 11:00:00,126.58870967741936,129.83369927854562
2026-05-02 12:00:00,128.16209677419354,130.08596098719954
2026-05-02 13:00:00,131.3556451612903,134.30630719352575
2026-05-02 14:00:00,143.2274193548387,141.03950518186866
2026-05-02 15:00:00,155.71451612903226,156.3060024860539
2026-05-02 16:00:00,159.73145161290324,156.46777647299587
2026-05-02 17:00:00,149.06451612903226,145.1256815854976
2026-05-02 18:00:00,129.28225806451613,127.91211494722916
2026-05-02 19:00:00,113.775,111.8640008227672
2026-05-02 20:00:00,116.56612903225808,113.37796522769958
2026-05-02 21:00:00,127.13870967741936,132.0483966193878
2026-05-02 22:00:00,121.84677419354838,125.77979350132978
2026-05-02 23:00:00,120.8516129032258,123.62382999612049
2026-05-03 00:00:00,117.53709677419356,118.19287332699099
2026-05-03 01:00:00,120.87016129032256,124.60338642376769
2026-05-03 02:00:00,124.5701612903226,127.14089910471898
2026-05-03 03:00:00,122.2032258064516,123.73990445384311
2026-05-03 04:00:00,125.7766129032258,128.81353335029837
2026-05-03 05:00:00,125.48709677419356,128.85100157185286
2026-05-03 06:00:00,127.63387096774194,131.24606609249759
2026-05-03 07:00:00,123.3959677419355,127.28274760330748
2026-05-03 08:00:00,120.18870967741935,122.00597137733638
2026-05-03 09:00:00,124.47096774193548,123.57937633576063
2026-05-03 10:00:00,123.20967741935485,123.04682141914554
2026-05-03 11:00:00,126.58870967741936,129.83369927854562
2026-05-03 12:00:00,128.16209677419354,130.08596098719954
2026-05-03 13:00:00,131.3556451612903,134.30630719352575
2026-05-03 14:00:00,143.2274193548387,141.03950518186866
2026-05-03 15:00:00,155.71451612903226,156.3060024860539
2026-05-03 16:00:00,159.73145161290324,156.46777647299587
2026-05-03 17:00:00,149.06451612903226,145.1256815854976
2026-05-03 18:00:00,129.28225806451613,127.91211494722916
2026-05-03 19:00:00,113.775,111.8640008227672
2026-05-03 20:00:00,116.56612903225808,113.37796522769958
2026-05-03 21:00:00,127.13870967741936,132.0483966193878
2026-05-03 22:00:00,121.84677419354838,125.77979350132978
2026-05-03 23:00:00,120.8516129032258,123.62382999612049
2026-05-04 00:00:00,117.53709677419356,118.19287332699099
2026-05-04 01:00:00,120.87016129032256,124.60338642376769
2026-05-04 02:00:00,124.5701612903226,127.14089910471898
2026-05-04 03:00:00,122.2032258064516,123.73990445384311
2026-05-04 04:00:00,125.7766129032258,128.81353335029837
2026-05-04 05:00:00,125.48709677419356,128.85100157185286
2026-05-04 06:00:00,127.63387096774194,131.24606609249759
2026-05-04 07:00:00,123.3959677419355,127.28274760330748
2026-05-04 08:00:00,120.18870967741935,122.00597137733638
2026-05-04 09:00:00,124.47096774193548,123.57937633576063
2026-05-04 10:00:00,123.20967741935485,123.04682141914554
2026-05-04 11:00:00,126.58870967741936,129.83369927854562
2026-05-04 12:00:00,128.16209677419354,130.08596098719954
2026-05-04 13:00:00,131.3556451612903,134.30630719352575
2026-05-04 14:00:00,143.2274193548387,141.03950518186866
2026-05-04 15:00:00,155.71451612903226,156.3060024860539
2026-05-04 16:00:00,159.73145161290324,156.46777647299587
2026-05-04 17:00:00,149.06451612903226,145.1256815854976
2026-05-04 18:00:00,129.28225806451613,127.91211494722916
2026-05-04 19:00:00,113.775,111.8640008227672
2026-05-04 20:00:00,116.56612903225808,113.37796522769958
2026-05-04 21:00:00,127.13870967741936,132.0483966193878
2026-05-04 22:00:00,121.84677419354838,125.77979350132978
2026-05-04 23:00:00,120.8516129032258,123.62382999612049
2026-05-05 00:00:00,117.53709677419356,118.19287332699099
2026-05-05 01:00:00,120.87016129032256,124.60338642376769
2026-05-05 02:00:00,124.5701612903226,127.14089910471898
2026-05-05 03:00:00,122.2032258064516,123.73990445384311
2026-05-05 04:00:00,125.7766129032258,128.81353335029837
2026-05-05 05:00:00,125.48709677419356,128.85100157185286
2026-05-05 06:00:00,127.63387096774194,131.24606609249759
2026-05-05 07:00:00,123.3959677419355,127.28274760330748
2026-05-05 08:00:00,120.18870967741935,122.00597137733638
2026-05-05 09:00:00,124.47096774193548,123.57937633576063
2026-05-05 10:00:00,123.20967741935485,123.04682141914554
2026-05-05 11:00:00,126.58870967741936,129.83369927854562
2026-05-05 12:00:00,128.16209677419354,130.08596098719954
2026-05-05 13:00:00,131.3556451612903,134.30630719352575
2026-05-05 14:00:00,143.2274193548387,141.03950518186866
2026-05-05 15:00:00,155.71451612903226,156.3060024860539
2026-05-05 16:00:00,159.73145161290324,156.46777647299587
2026-05-05 17:00:00,149.06451612903226,145.1256815854976
2026-05-05 18:00:00,129.28225806451613,127.91211494722916
2026-05-05 19:00:00,113.775,111.8640008227672
2026-05-05 20:00:00,116.56612903225808,113.37796522769958
2026-05-05 21:00:00,127.13870967741936,132.0483966193878
2026-05-05 22:00:00,121.84677419354838,125.77979350132978
2026-05-05 23:00:00,120.8516129032258,123.62382999612049
2026-05-06 00:00:00,117.53709677419356,118.19287332699099
2026-05-06 01:00:00,120.87016129032256,124.60338642376769
2026-05-06 02:00:00,124.5701612903226,127.14089910471898
2026-05-06 03:00:00,122.2032258064516,123.73990445384311
2026-05-06 04:00:00,125.7766129032258,128.81353335029837
2026-05-06 05:00:00,125.48709677419356,128.85100157185286
2026-05-06 06:00:00,127.63387096774194,131.24606609249759
2026-05-06 07:00:00,123.3959677419355,127.28274760330748
2026-05-06 08:00:00,120.18870967741935,122.00597137733638
2026-05-06 09:00:00,124.47096774193548,123.57937633576063
2026-05-06 10:00:00,123.20967741935485,123.04682141914554
2026-05-06 11:00:00,126.58870967741936,129.83369927854562
2026-05-06 12:00:00,128.16209677419354,130.08596098719954
2026-05-06 13:00:00,131.3556451612903,134.30630719352575
2026-05-06 14:00:00,143.2274193548387,141.03950518186866
2026-05-06 15:00:00,155.71451612903226,156.3060024860539
2026-05-06 16:00:00,159.73145161290324,156.46777647299587
2026-05-06 17:00:00,149.06451612903226,145.1256815854976
2026-05-06 18:00:00,129.28225806451613,127.91211494722916
2026-05-06 19:00:00,113.775,111.8640008227672
2026-05-06 20:00:00,116.56612903225808,113.37796522769958
2026-05-06 21:00:00,127.13870967741936,132.0483966193878
2026-05-06 22:00:00,121.84677419354838,125.77979350132978
2026-05-06 23:00:00,120.8516129032258,123.62382999612049
2026-05-07 00:00:00,117.53709677419356,118.19287332699099
2026-05-07 01:00:00,120.87016129032256,124.60338642376769
2026-05-07 02:00:00,124.5701612903226,127.14089910471898
2026-05-07 03:00:00,122.2032258064516,123.73990445384311
2026-05-07 04:00:00,125.7766129032258,128.81353335029837
2026-05-07 05:00:00,125.48709677419356,128.85100157185286
2026-05-07 06:00:00,127.63387096774194,131.24606609249759
2026-05-07 07:00:00,123.3959677419355,127.28274760330748
2026-05-07 08:00:00,120.18870967741935,122.00597137733638
2026-05-07 09:00:00,124.47096774193548,123.57937633576063
2026-05-07 10:00:00,123.20967741935485,123.04682141914554
2026-05-07 11:00:00,126.58870967741936,129.83369927854562
2026-05-07 12:00:00,128.16209677419354,130.08596098719954
2026-05-07 13:00:00,131.3556451612903,134.30630719352575
2026-05-07 14:00:00,143.2274193548387,141.03950518186866
2026-05-07 15:00:00,155.71451612903226,156.3060024860539
2026-05-07 16:00:00,159.73145161290324,156.46777647299587
2026-05-07 17:00:00,149.06451612903226,145.1256815854976
2026-05-07 18:00:00,129.28225806451613,127.91211494722916
2026-05-07 19:00:00,113.775,111.8640008227672
2026-05-07 20:00:00,116.56612903225808,113.37796522769958
2026-05-07 21:00:00,127.13870967741936,132.0483966193878
2026-05-07 22:00:00,121.84677419354838,125.77979350132978
2026-05-07 23:00:00,120.8516129032258,123.62382999612049
2026-05-08 00:00:00,117.53709677419356,118.19287332699099
2026-05-08 01:00:00,120.87016129032256,124.60338642376769
2026-05-08 02:00:00,124.5701612903226,127.14089910471898
2026-05-08 03:00:00,122.2032258064516,123.73990445384311
2026-05-08 04:00:00,125.7766129032258,128.81353335029837
2026-05-08 05:00:00,125.48709677419356,128.85100157185286
2026-05-08 06:00:00,127.63387096774194,131.24606609249759
2026-05-08 07:00:00,123.3959677419355,127.28274760330748
2026-05-08 08:00:00,120.18870967741935,122.00597137733638
2026-05-08 09:00:00,124.47096774193548,123.57937633576063
2026-05-08 10:00:00,123.20967741935485,123.04682141914554
2026-05-08 11:00:00,126.58870967741936,129.83369927854562
2026-05-08 12:00:00,128.16209677419354,130.08596098719954
2026-05-08 13:00:00,131.3556451612903,134.30630719352575
2026-05-08 14:00:00,143.2274193548387,141.03950518186866
2026-05-08 15:00:00,155.71451612903226,156.3060024860539
2026-05-08 16:00:00,159.73145161290324,156.46777647299587
2026-05-08 17:00:00,149.06451612903226,145.1256815854976
2026-05-08 18:00:00,129.28225806451613,127.91211494722916
2026-05-08 19:00:00,113.775,111.8640008227672
2026-05-08 20:00:00,116.56612903225808,113.37796522769958
2026-05-08 21:00:00,127.13870967741936,132.0483966193878
2026-05-08 22:00:00,121.84677419354838,125.77979350132978
2026-05-08 23:00:00,120.8516129032258,123.62382999612049
2026-05-09 00:00:00,117.53709677419356,118.19287332699099
2026-05-09 01:00:00,120.87016129032256,124.60338642376769
2026-05-09 02:00:00,124.5701612903226,127.14089910471898
2026-05-09 03:00:00,122.2032258064516,123.73990445384311
2026-05-09 04:00:00,125.7766129032258,128.81353335029837
2026-05-09 05:00:00,125.48709677419356,128.85100157185286
2026-05-09 06:00:00,127.63387096774194,131.24606609249759
2026-05-09 07:00:00,123.3959677419355,127.28274760330748
2026-05-09 08:00:00,120.18870967741935,122.00597137733638
2026-05-09 09:00:00,124.47096774193548,123.57937633576063
2026-05-09 10:00:00,123.20967741935485,123.04682141914554
2026-05-09 11:00:00,126.58870967741936,129.83369927854562
2026-05-09 12:00:00,128.16209677419354,130.08596098719954
2026-05-09 13:00:00,131.3556451612903,134.30630719352575
2026-05-09 14:00:00,143.2274193548387,141.03950518186866
2026-05-09 15:00:00,155.71451612903226,156.3060024860539
2026-05-09 16:00:00,159.73145161290324,156.46777647299587
2026-05-09 17:00:00,149.06451612903226,145.1256815854976
2026-05-09 18:00:00,129.28225806451613,127.91211494722916
2026-05-09 19:00:00,113.775,111.8640008227672
2026-05-09 20:00:00,116.56612903225808,113.37796522769958
2026-05-09 21:00:00,127.13870967741936,132.0483966193878
2026-05-09 22:00:00,121.84677419354838,125.77979350132978
2026-05-09 23:00:00,120.8516129032258,123.62382999612049
2026-05-10 00:00:00,117.53709677419356,118.19287332699099
2026-05-10 01:00:00,120.87016129032256,124.60338642376769
2026-05-10 02:00:00,124.5701612903226,127.14089910471898
2026-05-10 03:00:00,122.2032258064516,123.73990445384311
2026-05-10 04:00:00,125.7766129032258,128.81353335029837
2026-05-10 05:00:00,125.48709677419356,128.85100157185286
2026-05-10 06:00:00,127.63387096774194,131.24606609249759
2026-05-10 07:00:00,123.3959677419355,127.28274760330748
2026-05-10 08:00:00,120.18870967741935,122.00597137733638
2026-05-10 09:00:00,124.47096774193548,123.57937633576063
2026-05-10 10:00:00,123.20967741935485,123.04682141914554
2026-05-10 11:00:00,126.58870967741936,129.83369927854562
2026-05-10 12:00:00,128.16209677419354,130.08596098719954
2026-05-10 13:00:00,131.3556451612903,134.30630719352575
2026-05-10 14:00:00,143.2274193548387,141.03950518186866
2026-05-10 15:00:00,155.71451612903226,156.3060024860539
2026-05-10 16:00:00,159.73145161290324,156.46777647299587
2026-05-10 17:00:00,149.06451612903226,145.1256815854976
2026-05-10 18:00:00,129.28225806451613,127.91211494722916
2026-05-10 19:00:00,113.775,111.8640008227672
2026-05-10 20:00:00,116.56612903225808,113.37796522769958
2026-05-10 21:00:00,127.13870967741936,132.0483966193878
2026-05-10 22:00:00,121.84677419354838,125.77979350132978
2026-05-10 23:00:00,120.8516129032258,123.62382999612049
2026-05-11 00:00:00,117.53709677419356,118.19287332699099
2026-05-11 01:00:00,120.87016129032256,124.60338642376769
2026-05-11 02:00:00,124.5701612903226,127.14089910471898
2026-05-11 03:00:00,122.2032258064516,123.73990445384311
2026-05-11 04:00:00,125.7766129032258,128.81353335029837
2026-05-11 05:00:00,125.48709677419356,128.85100157185286
2026-05-11 06:00:00,127.63387096774194,131.24606609249759
2026-05-11 07:00:00,123.3959677419355,127.28274760330748
2026-05-11 08:00:00,120.18870967741935,122.00597137733638
2026-05-11 09:00:00,124.47096774193548,123.57937633576063
2026-05-11 10:00:00,123.20967741935485,123.04682141914554
2026-05-11 11:00:00,126.58870967741936,129.83369927854562
2026-05-11 12:00:00,128.16209677419354,130.08596098719954
2026-05-11 13:00:00,131.3556451612903,134.30630719352575
2026-05-11 14:00:00,143.2274193548387,141.03950518186866
2026-05-11 15:00:00,155.71451612903226,156.3060024860539
2026-05-11 16:00:00,159.73145161290324,156.46777647299587
2026-05-11 17:00:00,149.06451612903226,145.1256815854976
2026-05-11 18:00:00,129.28225806451613,127.91211494722916
2026-05-11 19:00:00,113.775,111.8640008227672
2026-05-11 20:00:00,116.56612903225808,113.37796522769958
2026-05-11 21:00:00,127.13870967741936,132.0483966193878
2026-05-11 22:00:00,121.84677419354838,125.77979350132978
2026-05-11 23:00:00,120.8516129032258,123.62382999612049
2026-05-12 00:00:00,117.53709677419356,118.19287332699099
2026-05-12 01:00:00,120.87016129032256,124.60338642376769
2026-05-12 02:00:00,124.5701612903226,127.14089910471898
2026-05-12 03:00:00,122.2032258064516,123.73990445384311
2026-05-12 04:00:00,125.7766129032258,128.81353335029837
2026-05-12 05:00:00,125.48709677419356,128.85100157185286
2026-05-12 06:00:00,127.63387096774194,131.24606609249759
2026-05-12 07:00:00,123.3959677419355,127.28274760330748
2026-05-12 08:00:00,120.18870967741935,122.00597137733638
2026-05-12 09:00:00,124.47096774193548,123.57937633576063
2026-05-12 10:00:00,123.20967741935485,123.04682141914554
2026-05-12 11:00:00,126.58870967741936,129.83369927854562
2026-05-12 12:00:00,128.16209677419354,130.08596098719954
2026-05-12 13:00:00,131.3556451612903,134.30630719352575
2026-05-12 14:00:00,143.2274193548387,141.03950518186866
2026-05-12 15:00:00,155.71451612903226,156.3060024860539
2026-05-12 16:00:00,159.73145161290324,156.46777647299587
2026-05-12 17:00:00,149.06451612903226,145.1256815854976
2026-05-12 18:00:00,129.28225806451613,127.91211494722916
2026-05-12 19:00:00,113.775,111.8640008227672
2026-05-12 20:00:00,116.56612903225808,113.37796522769958
2026-05-12 21:00:00,127.13870967741936,132.0483966193878
2026-05-12 22:00:00,121.84677419354838,125.77979350132978
2026-05-12 23:00:00,120.8516129032258,123.62382999612049
2026-05-13 00:00:00,117.53709677419356,118.19287332699099
2026-05-13 01:00:00,120.87016129032256,124.60338642376769
2026-05-13 02:00:00,124.5701612903226,127.14089910471898
2026-05-13 03:00:00,122.2032258064516,123.73990445384311
2026-05-13 04:00:00,125.7766129032258,128.81353335029837
2026-05-13 05:00:00,125.48709677419356,128.85100157185286
2026-05-13 06:00:00,127.63387096774194,131.24606609249759
2026-05-13 07:00:00,123.3959677419355,127.28274760330748
2026-05-13 08:00:00,120.18870967741935,122.00597137733638
2026-05-13 09:00:00,124.47096774193548,123.57937633576063
2026-05-13 10:00:00,123.20967741935485,123.04682141914554
2026-05-13 11:00:00,126.58870967741936,129.83369927854562
2026-05-13 12:00:00,128.16209677419354,130.08596098719954
2026-05-13 13:00:00,131.3556451612903,134.30630719352575
2026-05-13 14:00:00,143.2274193548387,141.03950518186866
2026-05-13 15:00:00,155.71451612903226,156.3060024860539
2026-05-13 16:00:00,159.73145161290324,156.46777647299587
2026-05-13 17:00:00,149.06451612903226,145.1256815854976
2026-05-13 18:00:00,129.28225806451613,127.91211494722916
2026-05-13 19:00:00,113.775,111.8640008227672
2026-05-13 20:00:00,116.56612903225808,113.37796522769958
2026-05-13 21:00:00,127.13870967741936,132.0483966193878
2026-05-13 22:00:00,121.84677419354838,125.77979350132978
2026-05-13 23:00:00,120.8516129032258,123.62382999612049
2026-05-14 00:00:00,117.53709677419356,118.19287332699099
2026-05-14 01:00:00,120.87016129032256,124.60338642376769
2026-05-14 02:00:00,124.5701612903226,127.14089910471898
2026-05-14 03:00:00,122.2032258064516,123.73990445384311
2026-05-14 04:00:00,125.7766129032258,128.81353335029837
2026-05-14 05:00:00,125.48709677419356,128.85100157185286
2026-05-14 06:00:00,127.63387096774194,131.24606609249759
2026-05-14 07:00:00,123.3959677419355,127.28274760330748
2026-05-14 08:00:00,120.18870967741935,122.00597137733638
2026-05-14 09:00:00,124.47096774193548,123.57937633576063
2026-05-14 10:00:00,123.20967741935485,123.04682141914554
2026-05-14 11:00:00,126.58870967741936,129.83369927854562
2026-05-14 12:00:00,128.16209677419354,130.08596098719954
2026-05-14 13:00:00,131.3556451612903,134.30630719352575
2026-05-14 14:00:00,143.2274193548387,141.03950518186866
2026-05-14 15:00:00,155.71451612903226,156.3060024860539
2026-05-14 16:00:00,159.73145161290324,156.46777647299587
2026-05-14 17:00:00,149.06451612903226,145.1256815854976
2026-05-14 18:00:00,129.28225806451613,127.91211494722916
2026-05-14 19:00:00,113.775,111.8640008227672
2026-05-14 20:00:00,116.56612903225808,113.37796522769958
2026-05-14 21:00:00,127.13870967741936,132.0483966193878
2026-05-14 22:00:00,121.84677419354838,125.77979350132978
2026-05-14 23:00:00,120.8516129032258,123.62382999612049
2026-05-15 00:00:00,117.53709677419356,118.19287332699099
2026-05-15 01:00:00,120.87016129032256,124.60338642376769
2026-05-15 02:00:00,124.5701612903226,127.14089910471898
2026-05-15 03:00:00,122.2032258064516,123.73990445384311
2026-05-15 04:00:00,125.7766129032258,128.81353335029837
2026-05-15 05:00:00,125.48709677419356,128.85100157185286
2026-05-15 06:00:00,127.63387096774194,131.24606609249759
2026-05-15 07:00:00,123.3959677419355,127.28274760330748
2026-05-15 08:00:00,120.18870967741935,122.00597137733638
2026-05-15 09:00:00,124.47096774193548,123.57937633576063
2026-05-15 10:00:00,123.20967741935485,123.04682141914554
2026-05-15 11:00:00,126.58870967741936,129.83369927854562
2026-05-15 12:00:00,128.16209677419354,130.08596098719954
2026-05-15 13:00:00,131.3556451612903,134.30630719352575
2026-05-15 14:00:00,143.2274193548387,141.03950518186866
2026-05-15 15:00:00,155.71451612903226,156.3060024860539
2026-05-15 16:00:00,159.73145161290324,156.46777647299587
2026-05-15 17:00:00,149.06451612903226,145.1256815854976
2026-05-15 18:00:00,129.28225806451613,127.91211494722916
2026-05-15 19:00:00,113.775,111.8640008227672
2026-05-15 20:00:00,116.56612903225808,113.37796522769958
2026-05-15 21:00:00,127.13870967741936,132.0483966193878
2026-05-15 22:00:00,121.84677419354838,125.77979350132978
2026-05-15 23:00:00,120.8516129032258,123.62382999612049
2026-05-16 00:00:00,117.53709677419356,118.19287332699099
2026-05-16 01:00:00,120.87016129032256,124.60338642376769
2026-05-16 02:00:00,124.5701612903226,127.14089910471898
2026-05-16 03:00:00,122.2032258064516,123.73990445384311
2026-05-16 04:00:00,125.7766129032258,128.81353335029837
2026-05-16 05:00:00,125.48709677419356,128.85100157185286
2026-05-16 06:00:00,127.63387096774194,131.24606609249759
2026-05-16 07:00:00,123.3959677419355,127.28274760330748
2026-05-16 08:00:00,120.18870967741935,122.00597137733638
2026-05-16 09:00:00,124.47096774193548,123.57937633576063
2026-05-16 10:00:00,123.20967741935485,123.04682141914554
2026-05-16 11:00:00,126.58870967741936,129.83369927854562
2026-05-16 12:00:00,128.16209677419354,130.08596098719954
2026-05-16 13:00:00,131.3556451612903,134.30630719352575
2026-05-16 14:00:00,143.2274193548387,141.03950518186866
2026-05-16 15:00:00,155.71451612903226,156.3060024860539
2026-05-16 16:00:00,159.73145161290324,156.46777647299587
2026-05-16 17:00:00,149.06451612903226,145.1256815854976
2026-05-16 18:00:00,129.28225806451613,127.91211494722916
2026-05-16 19:00:00,113.775,111.8640008227672
2026-05-16 20:00:00,116.56612903225808,113.37796522769958
2026-05-16 21:00:00,127.13870967741936,132.0483966193878
2026-05-16 22:00:00,121.84677419354838,125.77979350132978
2026-05-16 23:00:00,120.8516129032258,123.62382999612049
2026-05-17 00:00:00,117.53709677419356,118.19287332699099
2026-05-17 01:00:00,120.87016129032256,124.60338642376769
2026-05-17 02:00:00,124.5701612903226,127.14089910471898
2026-05-17 03:00:00,122.2032258064516,123.73990445384311
2026-05-17 04:00:00,125.7766129032258,128.81353335029837
2026-05-17 05:00:00,125.48709677419356,128.85100157185286
2026-05-17 06:00:00,127.63387096774194,131.24606609249759
2026-05-17 07:00:00,123.3959677419355,127.28274760330748
2026-05-17 08:00:00,120.18870967741935,122.00597137733638
2026-05-17 09:00:00,124.47096774193548,123.57937633576063
2026-05-17 10:00:00,123.20967741935485,123.04682141914554
2026-05-17 11:00:00,126.58870967741936,129.83369927854562
2026-05-17 12:00:00,128.16209677419354,130.08596098719954
2026-05-17 13:00:00,131.3556451612903,134.30630719352575
2026-05-17 14:00:00,143.2274193548387,141.03950518186866
2026-05-17 15:00:00,155.71451612903226,156.3060024860539
2026-05-17 16:00:00,159.73145161290324,156.46777647299587
2026-05-17 17:00:00,149.06451612903226,145.1256815854976
2026-05-17 18:00:00,129.28225806451613,127.91211494722916
2026-05-17 19:00:00,113.775,111.8640008227672
2026-05-17 20:00:00,116.56612903225808,113.37796522769958
2026-05-17 21:00:00,127.13870967741936,132.0483966193878
2026-05-17 22:00:00,121.84677419354838,125.77979350132978
2026-05-17 23:00:00,120.8516129032258,123.62382999612049
2026-05-18 00:00:00,117.53709677419356,118.19287332699099
2026-05-18 01:00:00,120.87016129032256,124.60338642376769
2026-05-18 02:00:00,124.5701612903226,127.14089910471898
2026-05-18 03:00:00,122.2032258064516,123.73990445384311
2026-05-18 04:00:00,125.7766129032258,128.81353335029837
2026-05-18 05:00:00,125.48709677419356,128.85100157185286
2026-05-18 06:00:00,127.63387096774194,131.24606609249759
2026-05-18 07:00:00,123.3959677419355,127.28274760330748
2026-05-18 08:00:00,120.18870967741935,122.00597137733638
2026-05-18 09:00:00,124.47096774193548,123.57937633576063
2026-05-18 10:00:00,123.20967741935485,123.04682141914554
2026-05-18 11:00:00,126.58870967741936,129.83369927854562
2026-05-18 12:00:00,128.16209677419354,130.08596098719954
2026-05-18 13:00:00,131.3556451612903,134.30630719352575
2026-05-18 14:00:00,143.2274193548387,141.03950518186866
2026-05-18 15:00:00,155.71451612903226,156.3060024860539
2026-05-18 16:00:00,159.73145161290324,156.46777647299587
2026-05-18 17:00:00,149.06451612903226,145.1256815854976
2026-05-18 18:00:00,129.28225806451613,127.91211494722916
2026-05-18 19:00:00,113.775,111.8640008227672
2026-05-18 20:00:00,116.56612903225808,113.37796522769958
2026-05-18 21:00:00,127.13870967741936,132.0483966193878
2026-05-18 22:00:00,121.84677419354838,125.77979350132978
2026-05-18 23:00:00,120.8516129032258,123.62382999612049
2026-05-19 00:00:00,117.53709677419356,118.19287332699099
2026-05-19 01:00:00,120.87016129032256,124.60338642376769
2026-05-19 02:00:00,124.5701612903226,127.14089910471898
2026-05-19 03:00:00,122.2032258064516,123.73990445384311
2026-05-19 04:00:00,125.7766129032258,128.81353335029837
2026-05-19 05:00:00,125.48709677419356,128.85100157185286
2026-05-19 06:00:00,127.63387096774194,131.24606609249759
2026-05-19 07:00:00,123.3959677419355,127.28274760330748
2026-05-19 08:00:00,120.18870967741935,122.00597137733638
2026-05-19 09:00:00,124.47096774193548,123.57937633576063
2026-05-19 10:00:00,123.20967741935485,123.04682141914554
2026-05-19 11:00:00,126.58870967741936,129.83369927854562
2026-05-19 12:00:00,128.16209677419354,130.08596098719954
2026-05-19 13:00:00,131.3556451612903,134.30630719352575
2026-05-19 14:00:00,143.2274193548387,141.03950518186866
2026-05-19 15:00:00,155.71451612903226,156.3060024860539
2026-05-19 16:00:00,159.73145161290324,156.46777647299587
2026-05-19 17:00:00,149.06451612903226,145.1256815854976
2026-05-19 18:00:00,129.28225806451613,127.91211494722916
2026-05-19 19:00:00,113.775,111.8640008227672
2026-05-19 20:00:00,116.56612903225808,113.37796522769958
2026-05-19 21:00:00,127.13870967741936,132.0483966193878
2026-05-19 22:00:00,121.84677419354838,125.77979350132978
2026-05-19 23:00:00,120.8516129032258,123.62382999612049
2026-05-20 00:00:00,117.53709677419356,118.19287332699099
2026-05-20 01:00:00,120.87016129032256,124.60338642376769
2026-05-20 02:00:00,124.5701612903226,127.14089910471898
2026-05-20 03:00:00,122.2032258064516,123.73990445384311
2026-05-20 04:00:00,125.7766129032258,128.81353335029837
2026-05-20 05:00:00,125.48709677419356,128.85100157185286
2026-05-20 06:00:00,127.63387096774194,131.24606609249759
2026-05-20 07:00:00,123.3959677419355,127.28274760330748
2026-05-20 08:00:00,120.18870967741935,122.00597137733638
2026-05-20 09:00:00,124.47096774193548,123.57937633576063
2026-05-20 10:00:00,123.20967741935485,123.04682141914554
2026-05-20 11:00:00,126.58870967741936,129.83369927854562
2026-05-20 12:00:00,128.16209677419354,130.08596098719954
2026-05-20 13:00:00,131.3556451612903,134.30630719352575
2026-05-20 14:00:00,143.2274193548387,141.03950518186866
2026-05-20 15:00:00,155.71451612903226,156.3060024860539
2026-05-20 16:00:00,159.73145161290324,156.46777647299587
2026-05-20 17:00:00,149.06451612903226,145.1256815854976
2026-05-20 18:00:00,129.28225806451613,127.91211494722916
2026-05-20 19:00:00,113.775,111.8640008227672
2026-05-20 20:00:00,116.56612903225808,113.37796522769958
2026-05-20 21:00:00,127.13870967741936,132.0483966193878
2026-05-20 22:00:00,121.84677419354838,125.77979350132978
2026-05-20 23:00:00,120.8516129032258,123.62382999612049
2026-05-21 00:00:00,117.53709677419356,118.19287332699099
2026-05-21 01:00:00,120.87016129032256,124.60338642376769
2026-05-21 02:00:00,124.5701612903226,127.14089910471898
2026-05-21 03:00:00,122.2032258064516,123.73990445384311
2026-05-21 04:00:00,125.7766129032258,128.81353335029837
2026-05-21 05:00:00,125.48709677419356,128.85100157185286
2026-05-21 06:00:00,127.63387096774194,131.24606609249759
2026-05-21 07:00:00,123.3959677419355,127.28274760330748
2026-05-21 08:00:00,120.18870967741935,122.00597137733638
2026-05-21 09:00:00,124.47096774193548,123.57937633576063
2026-05-21 10:00:00,123.20967741935485,123.04682141914554
2026-05-21 11:00:00,126.58870967741936,129.83369927854562
2026-05-21 12:00:00,128.16209677419354,130.08596098719954
2026-05-21 13:00:00,131.3556451612903,134.30630719352575
2026-05-21 14:00:00,143.2274193548387,141.03950518186866
2026-05-21 15:00:00,155.71451612903226,156.3060024860539
2026-05-21 16:00:00,159.73145161290324,156.46777647299587
2026-05-21 17:00:00,149.06451612903226,145.1256815854976
2026-05-21 18:00:00,129.28225806451613,127.91211494722916
2026-05-21 19:00:00,113.775,111.8640008227672
2026-05-21 20:00:00,116.56612903225808,113.37796522769958
2026-05-21 21:00:00,127.13870967741936,132.0483966193878
2026-05-21 22:00:00,121.84677419354838,125.77979350132978
2026-05-21 23:00:00,120.8516129032258,123.62382999612049
2026-05-22 00:00:00,117.53709677419356,118.19287332699099
2026-05-22 01:00:00,120.87016129032256,124.60338642376769
2026-05-22 02:00:00,124.5701612903226,127.14089910471898
2026-05-22 03:00:00,122.2032258064516,123.73990445384311
2026-05-22 04:00:00,125.7766129032258,128.81353335029837
2026-05-22 05:00:00,125.48709677419356,128.85100157185286
2026-05-22 06:00:00,127.63387096774194,131.24606609249759
2026-05-22 07:00:00,123.3959677419355,127.28274760330748
2026-05-22 08:00:00,120.18870967741935,122.00597137733638
2026-05-22 09:00:00,124.47096774193548,123.57937633576063
2026-05-22 10:00:00,123.20967741935485,123.04682141914554
2026-05-22 11:00:00,126.58870967741936,129.83369927854562
2026-05-22 12:00:00,128.16209677419354,130.08596098719954
2026-05-22 13:00:00,131.3556451612903,134.30630719352575
2026-05-22 14:00:00,143.2274193548387,141.03950518186866
2026-05-22 15:00:00,155.71451612903226,156.3060024860539
2026-05-22 16:00:00,159.73145161290324,156.46777647299587
2026-05-22 17:00:00,149.06451612903226,145.1256815854976
2026-05-22 18:00:00,129.28225806451613,127.91211494722916
2026-05-22 19:00:00,113.775,111.8640008227672
2026-05-22 20:00:00,116.56612903225808,113.37796522769958
2026-05-22 21:00:00,127.13870967741936,132.0483966193878
2026-05-22 22:00:00,121.84677419354838,125.77979350132978
2026-05-22 23:00:00,120.8516129032258,123.62382999612049
2026-05-23 00:00:00,117.53709677419356,118.19287332699099
2026-05-23 01:00:00,120.87016129032256,124.60338642376769
2026-05-23 02:00:00,124.5701612903226,127.14089910471898
2026-05-23 03:00:00,122.2032258064516,123.73990445384311
2026-05-23 04:00:00,125.7766129032258,128.81353335029837
2026-05-23 05:00:00,125.48709677419356,128.85100157185286
2026-05-23 06:00:00,127.63387096774194,131.24606609249759
2026-05-23 07:00:00,123.3959677419355,127.28274760330748
2026-05-23 08:00:00,120.18870967741935,122.00597137733638
2026-05-23 09:00:00,124.47096774193548,123.57937633576063
2026-05-23 10:00:00,123.20967741935485,123.04682141914554
2026-05-23 11:00:00,126.58870967741936,129.83369927854562
2026-05-23 12:00:00,128.16209677419354,130.08596098719954
2026-05-23 13:00:00,131.3556451612903,134.30630719352575
2026-05-23 14:00:00,143.2274193548387,141.03950518186866
2026-05-23 15:00:00,155.71451612903226,156.3060024860539
2026-05-23 16:00:00,159.73145161290324,156.46777647299587
2026-05-23 17:00:00,149.06451612903226,145.1256815854976
2026-05-23 18:00:00,129.28225806451613,127.91211494722916
2026-05-23 19:00:00,113.775,111.8640008227672
2026-05-23 20:00:00,116.56612903225808,113.37796522769958
2026-05-23 21:00:00,127.13870967741936,132.0483966193878
2026-05-23 22:00:00,121.84677419354838,125.77979350132978
2026-05-23 23:00:00,120.8516129032258,123.62382999612049
2026-05-24 00:00:00,117.53709677419356,118.19287332699099
2026-05-24 01:00:00,120.87016129032256,124.60338642376769
2026-05-24 02:00:00,124.5701612903226,127.14089910471898
2026-05-24 03:00:00,122.2032258064516,123.73990445384311
2026-05-24 04:00:00,125.7766129032258,128.81353335029837
2026-05-24 05:00:00,125.48709677419356,128.85100157185286
2026-05-24 06:00:00,127.63387096774194,131.24606609249759
2026-05-24 07:00:00,123.3959677419355,127.28274760330748
2026-05-24 08:00:00,120.18870967741935,122.00597137733638
2026-05-24 09:00:00,124.47096774193548,123.57937633576063
2026-05-24 10:00:00,123.20967741935485,123.04682141914554
2026-05-24 11:00:00,126.58870967741936,129.83369927854562
2026-05-24 12:00:00,128.16209677419354,130.08596098719954
2026-05-24 13:00:00,131.3556451612903,134.30630719352575
2026-05-24 14:00:00,143.2274193548387,141.03950518186866
2026-05-24 15:00:00,155.71451612903226,156.3060024860539
2026-05-24 16:00:00,159.73145161290324,156.46777647299587
2026-05-24 17:00:00,149.06451612903226,145.1256815854976
2026-05-24 18:00:00,129.28225806451613,127.91211494722916
2026-05-24 19:00:00,113.775,111.8640008227672
2026-05-24 20:00:00,116.56612903225808,113.37796522769958
2026-05-24 21:00:00,127.13870967741936,132.0483966193878
2026-05-24 22:00:00,121.84677419354838,125.77979350132978
2026-05-24 23:00:00,120.8516129032258,123.62382999612049
2026-05-25 00:00:00,117.53709677419356,118.19287332699099
2026-05-25 01:00:00,120.87016129032256,124.60338642376769
2026-05-25 02:00:00,124.5701612903226,127.14089910471898
2026-05-25 03:00:00,122.2032258064516,123.73990445384311
2026-05-25 04:00:00,125.7766129032258,128.81353335029837
2026-05-25 05:00:00,125.48709677419356,128.85100157185286
2026-05-25 06:00:00,127.63387096774194,131.24606609249759
2026-05-25 07:00:00,123.3959677419355,127.28274760330748
2026-05-25 08:00:00,120.18870967741935,122.00597137733638
2026-05-25 09:00:00,124.47096774193548,123.57937633576063
2026-05-25 10:00:00,123.20967741935485,123.04682141914554
2026-05-25 11:00:00,126.58870967741936,129.83369927854562
2026-05-25 12:00:00,128.16209677419354,130.08596098719954
2026-05-25 13:00:00,131.3556451612903,134.30630719352575
2026-05-25 14:00:00,143.2274193548387,141.03950518186866
2026-05-25 15:00:00,155.71451612903226,156.3060024860539
2026-05-25 16:00:00,159.73145161290324,156.46777647299587
2026-05-25 17:00:00,149.06451612903226,145.1256815854976
2026-05-25 18:00:00,129.28225806451613,127.91211494722916
2026-05-25 19:00:00,113.775,111.8640008227672
2026-05-25 20:00:00,116.56612903225808,113.37796522769958
2026-05-25 21:00:00,127.13870967741936,132.0483966193878
2026-05-25 22:00:00,121.84677419354838,125.77979350132978
2026-05-25 23:00:00,120.8516129032258,123.62382999612049
2026-05-26 00:00:00,117.53709677419356,118.19287332699099
2026-05-26 01:00:00,120.87016129032256,124.60338642376769
2026-05-26 02:00:00,124.5701612903226,127.14089910471898
2026-05-26 03:00:00,122.2032258064516,123.73990445384311
2026-05-26 04:00:00,125.7766129032258,128.81353335029837
2026-05-26 05:00:00,125.48709677419356,128.85100157185286
2026-05-26 06:00:00,127.63387096774194,131.24606609249759
2026-05-26 07:00:00,123.3959677419355,127.28274760330748
2026-05-26 08:00:00,120.18870967741935,122.00597137733638
2026-05-26 09:00:00,124.47096774193548,123.57937633576063
2026-05-26 10:00:00,123.20967741935485,123.04682141914554
2026-05-26 11:00:00,126.58870967741936,129.83369927854562
2026-05-26 12:00:00,128.16209677419354,130.08596098719954
2026-05-26 13:00:00,131.3556451612903,134.30630719352575
2026-05-26 14:00:00,143.2274193548387,141.03950518186866
2026-05-26 15:00:00,155.71451612903226,156.3060024860539
2026-05-26 16:00:00,159.73145161290324,156.46777647299587
2026-05-26 17:00:00,149.06451612903226,145.1256815854976
2026-05-26 18:00:00,129.28225806451613,127.91211494722916
2026-05-26 19:00:00,113.775,111.8640008227672
2026-05-26 20:00:00,116.56612903225808,113.37796522769958
2026-05-26 21:00:00,127.13870967741936,132.0483966193878
2026-05-26 22:00:00,121.84677419354838,125.77979350132978
2026-05-26 23:00:00,120.8516129032258,123.62382999612049
2026-05-27 00:00:00,117.53709677419356,118.19287332699099
2026-05-27 01:00:00,120.87016129032256,124.60338642376769
2026-05-27 02:00:00,124.5701612903226,127.14089910471898
2026-05-27 03:00:00,122.2032258064516,123.73990445384311
2026-05-27 04:00:00,125.7766129032258,128.81353335029837
2026-05-27 05:00:00,125.48709677419356,128.85100157185286
2026-05-27 06:00:00,127.63387096774194,131.24606609249759
2026-05-27 07:00:00,123.3959677419355,127.28274760330748
2026-05-27 08:00:00,120.18870967741935,122.00597137733638
2026-05-27 09:00:00,124.47096774193548,123.57937633576063
2026-05-27 10:00:00,123.20967741935485,123.04682141914554
2026-05-27 11:00:00,126.58870967741936,129.83369927854562
2026-05-27 12:00:00,128.16209677419354,130.08596098719954
2026-05-27 13:00:00,131.3556451612903,134.30630719352575
2026-05-27 14:00:00,143.2274193548387,141.03950518186866
2026-05-27 15:00:00,155.71451612903226,156.3060024860539
2026-05-27 16:00:00,159.73145161290324,156.46777647299587
2026-05-27 17:00:00,149.06451612903226,145.1256815854976
2026-05-27 18:00:00,129.28225806451613,127.91211494722916
2026-05-27 19:00:00,113.775,111.8640008227672
2026-05-27 20:00:00,116.56612903225808,113.37796522769958
2026-05-27 21:00:00,127.13870967741936,132.0483966193878
2026-05-27 22:00:00,121.84677419354838,125.77979350132978
2026-05-27 23:00:00,120.8516129032258,123.62382999612049
2026-05-28 00:00:00,117.53709677419356,118.19287332699099
2026-05-28 01:00:00,120.87016129032256,124.60338642376769
2026-05-28 02:00:00,124.5701612903226,127.14089910471898
2026-05-28 03:00:00,122.2032258064516,123.73990445384311
2026-05-28 04:00:00,125.7766129032258,128.81353335029837
2026-05-28 05:00:00,125.48709677419356,128.85100157185286
2026-05-28 06:00:00,127.63387096774194,131.24606609249759
2026-05-28 07:00:00,123.3959677419355,127.28274760330748
2026-05-28 08:00:00,120.18870967741935,122.00597137733638
2026-05-28 09:00:00,124.47096774193548,123.57937633576063
2026-05-28 10:00:00,123.20967741935485,123.04682141914554
2026-05-28 11:00:00,126.58870967741936,129.83369927854562
2026-05-28 12:00:00,128.16209677419354,130.08596098719954
2026-05-28 13:00:00,131.3556451612903,134.30630719352575
2026-05-28 14:00:00,143.2274193548387,141.03950518186866
2026-05-28 15:00:00,155.71451612903226,156.3060024860539
2026-05-28 16:00:00,159.73145161290324,156.46777647299587
2026-05-28 17:00:00,149.06451612903226,145.1256815854976
2026-05-28 18:00:00,129.28225806451613,127.91211494722916
2026-05-28 19:00:00,113.775,111.8640008227672
2026-05-28 20:00:00,116.56612903225808,113.37796522769958
2026-05-28 21:00:00,127.13870967741936,132.0483966193878
2026-05-28 22:00:00,121.84677419354838,125.77979350132978
2026-05-28 23:00:00,120.8516129032258,123.62382999612049
2026-05-29 00:00:00,117.53709677419356,118.19287332699099
2026-05-29 01:00:00,120.87016129032256,124.60338642376769
2026-05-29 02:00:00,124.5701612903226,127.14089910471898
2026-05-29 03:00:00,122.2032258064516,123.73990445384311
2026-05-29 04:00:00,125.7766129032258,128.81353335029837
2026-05-29 05:00:00,125.48709677419356,128.85100157185286
2026-05-29 06:00:00,127.63387096774194,131.24606609249759
2026-05-29 07:00:00,123.3959677419355,127.28274760330748
2026-05-29 08:00:00,120.18870967741935,122.00597137733638
2026-05-29 09:00:00,124.47096774193548,123.57937633576063
2026-05-29 10:00:00,123.20967741935485,123.04682141914554
2026-05-29 11:00:00,126.58870967741936,129.83369927854562
2026-05-29 12:00:00,128.16209677419354,130.08596098719954
2026-05-29 13:00:00,131.3556451612903,134.30630719352575
2026-05-29 14:00:00,143.2274193548387,141.03950518186866
2026-05-29 15:00:00,155.71451612903226,156.3060024860539
2026-05-29 16:00:00,159.73145161290324,156.46777647299587
2026-05-29 17:00:00,149.06451612903226,145.1256815854976
2026-05-29 18:00:00,129.28225806451613,127.91211494722916
2026-05-29 19:00:00,113.775,111.8640008227672
2026-05-29 20:00:00,116.56612903225808,113.37796522769958
2026-05-29 21:00:00,127.13870967741936,132.0483966193878
2026-05-29 22:00:00,121.84677419354838,125.77979350132978
2026-05-29 23:00:00,120.8516129032258,123.62382999612049
2026-05-30 00:00:00,117.53709677419356,118.19287332699099
2026-05-30 01:00:00,120.87016129032256,124.60338642376769
2026-05-30 02:00:00,124.5701612903226,127.14089910471898
2026-05-30 03:00:00,122.2032258064516,123.73990445384311
2026-05-30 04:00:00,125.7766129032258,128.81353335029837
2026-05-30 05:00:00,125.48709677419356,128.85100157185286
2026-05-30 06:00:00,127.63387096774194,131.24606609249759
2026-05-30 07:00:00,123.3959677419355,127.28274760330748
2026-05-30 08:00:00,120.18870967741935,122.00597137733638
2026-05-30 09:00:00,124.47096774193548,123.57937633576063
2026-05-30 10:00:00,123.20967741935485,123.04682141914554
2026-05-30 11:00:00,126.58870967741936,129.83369927854562
2026-05-30 12:00:00,128.16209677419354,130.08596098719954
2026-05-30 13:00:00,131.3556451612903,134.30630719352575
2026-05-30 14:00:00,143.2274193548387,141.03950518186866
2026-05-30 15:00:00,155.71451612903226,156.3060024860539
2026-05-30 16:00:00,159.73145161290324,156.46777647299587
2026-05-30 17:00:00,149.06451612903226,145.1256815854976
2026-05-30 18:00:00,129.28225806451613,127.91211494722916
2026-05-30 19:00:00,113.775,111.8640008227672
2026-05-30 20:00:00,116.56612903225808,113.37796522769958
2026-05-30 21:00:00,127.13870967741936,132.0483966193878
2026-05-30 22:00:00,121.84677419354838,125.77979350132978
2026-05-30 23:00:00,120.8516129032258,123.62382999612049
2026-05-31 00:00:00,117.53709677419356,118.19287332699099
2026-05-31 01:00:00,120.87016129032256,124.60338642376769
2026-05-31 02:00:00,124.5701612903226,127.14089910471898
2026-05-31 03:00:00,122.2032258064516,123.73990445384311
2026-05-31 04:00:00,125.7766129032258,128.81353335029837
2026-05-31 05:00:00,125.48709677419356,128.85100157185286
2026-05-31 06:00:00,127.63387096774194,131.24606609249759
2026-05-31 07:00:00,123.3959677419355,127.28274760330748
2026-05-31 08:00:00,120.18870967741935,122.00597137733638
2026-05-31 09:00:00,124.47096774193548,123.57937633576063
2026-05-31 10:00:00,123.20967741935485,123.04682141914554
2026-05-31 11:00:00,126.58870967741936,129.83369927854562
2026-05-31 12:00:00,128.16209677419354,130.08596098719954
2026-05-31 13:00:00,131.3556451612903,134.30630719352575
2026-05-31 14:00:00,143.2274193548387,141.03950518186866
2026-05-31 15:00:00,155.71451612903226,156.3060024860539
2026-05-31 16:00:00,159.73145161290324,156.46777647299587
2026-05-31 17:00:00,149.06451612903226,145.1256815854976
2026-05-31 18:00:00,129.28225806451613,127.91211494722916
2026-05-31 19:00:00,113.775,111.8640008227672
2026-05-31 20:00:00,116.56612903225808,113.37796522769958
2026-05-31 21:00:00,127.13870967741936,132.0483966193878
2026-05-31 22:00:00,121.84677419354838,125.77979350132978
2026-05-31 23:00:00,120.8516129032258,123.62382999612049
2026-06-01 00:00:00,151.23416666666665,150.3563772228896
2026-06-01 01:00:00,162.91083333333333,161.87095519719196
2026-06-01 02:00:00,160.6858333333333,164.94064812924057
2026-06-01 03:00:00,156.70333333333335,160.7280413200715
2026-06-01 04:00:00,161.37916666666666,161.39519777893042
2026-06-01 05:00:00,161.34333333333333,163.03309423610358
2026-06-01 06:00:00,158.38500000000002,162.14766509008552
2026-06-01 07:00:00,152.65916666666666,153.55908388882108
2026-06-01 08:00:00,158.25750000000002,164.13239403138346
2026-06-01 09:00:00,157.48250000000002,157.22308706209287
2026-06-01 10:00:00,164.79333333333335,164.93921792505682
2026-06-01 11:00:00,163.11416666666668,163.7984690337397
2026-06-01 12:00:00,165.86916666666667,168.06093566540483
2026-06-01 13:00:00,168.075,169.7445576059854
2026-06-01 14:00:00,166.53166666666667,168.95723845550185
2026-06-01 15:00:00,169.1,168.48251840124442
2026-06-01 16:00:00,154.88250000000002,153.44248934455618
2026-06-01 17:00:00,148.42000000000002,145.2554641106584
2026-06-01 18:00:00,141.09,144.29506952179963
2026-06-01 19:00:00,137.18083333333334,139.2293908289504
2026-06-01 20:00:00,139.47916666666666,142.37170401453398
2026-06-01 21:00:00,140.53833333333333,145.32165055309065
2026-06-01 22:00:00,149.21,153.5135225108021
2026-06-01 23:00:00,149.31833333333333,150.87327395647384
2026-06-02 00:00:00,151.23416666666665,155.05583142720695
2026-06-02 01:00:00,162.91083333333333,165.83571438615604
2026-06-02 02:00:00,160.6858333333333,163.348846848383
2026-06-02 03:00:00,156.70333333333335,160.5187289952621
2026-06-02 04:00:00,161.37916666666666,161.8064511095356
2026-06-02 05:00:00,161.34333333333333,163.63403624143143
2026-06-02 06:00:00,158.38500000000002,162.47541074854348
2026-06-02 07:00:00,152.65916666666666,154.13893106289402
2026-06-02 08:00:00,158.25750000000002,164.53175485457643
2026-06-02 09:00:00,157.48250000000002,157.62808640471837
2026-06-02 10:00:00,164.79333333333335,165.47897020989228
2026-06-02 11:00:00,163.11416666666668,164.0373835072245
2026-06-02 12:00:00,165.86916666666667,168.06093566540483
2026-06-02 13:00:00,168.075,169.7445576059854
2026-06-02 14:00:00,166.53166666666667,168.95723845550185
2026-06-02 15:00:00,169.1,168.48251840124442
2026-06-02 16:00:00,154.88250000000002,153.44248934455618
2026-06-02 17:00:00,148.42000000000002,145.2554641106584
2026-06-02 18:00:00,141.09,144.29506952179963
2026-06-02 19:00:00,137.18083333333334,139.2293908289504
2026-06-02 20:00:00,139.47916666666666,142.37170401453398
2026-06-02 21:00:00,140.53833333333333,145.32165055309065
2026-06-02 22:00:00,149.21,153.5135225108021
2026-06-02 23:00:00,149.31833333333333,150.87327395647384
2026-06-03 00:00:00,151.23416666666665,155.05583142720695
2026-06-03 01:00:00,162.91083333333333,165.83571438615604
2026-06-03 02:00:00,160.6858333333333,163.348846848383
2026-06-03 03:00:00,156.70333333333335,160.5187289952621
2026-06-03 04:00:00,161.37916666666666,161.8064511095356
2026-06-03 05:00:00,161.34333333333333,163.63403624143143
2026-06-03 06:00:00,158.38500000000002,162.47541074854348
2026-06-03 07:00:00,152.65916666666666,154.13893106289402
2026-06-03 08:00:00,158.25750000000002,164.53175485457643
2026-06-03 09:00:00,157.48250000000002,157.62808640471837
2026-06-03 10:00:00,164.79333333333335,165.47897020989228
2026-06-03 11:00:00,163.11416666666668,164.0373835072245
2026-06-03 12:00:00,165.86916666666667,168.06093566540483
2026-06-03 13:00:00,168.075,169.7445576059854
2026-06-03 14:00:00,166.53166666666667,168.95723845550185
2026-06-03 15:00:00,169.1,168.48251840124442
2026-06-03 16:00:00,154.88250000000002,153.44248934455618
2026-06-03 17:00:00,148.42000000000002,145.2554641106584
2026-06-03 18:00:00,141.09,144.29506952179963
2026-06-03 19:00:00,137.18083333333334,139.2293908289504
2026-06-03 20:00:00,139.47916666666666,142.37170401453398
2026-06-03 21:00:00,140.53833333333333,145.32165055309065
2026-06-03 22:00:00,149.21,153.5135225108021
2026-06-03 23:00:00,149.31833333333333,150.87327395647384
2026-06-04 00:00:00,151.23416666666665,155.05583142720695
2026-06-04 01:00:00,162.91083333333333,165.83571438615604
2026-06-04 02:00:00,160.6858333333333,163.348846848383
2026-06-04 03:00:00,156.70333333333335,160.5187289952621
2026-06-04 04:00:00,161.37916666666666,161.8064511095356
2026-06-04 05:00:00,161.34333333333333,163.63403624143143
2026-06-04 06:00:00,158.38500000000002,162.47541074854348
2026-06-04 07:00:00,152.65916666666666,154.13893106289402
2026-06-04 08:00:00,158.25750000000002,164.53175485457643
2026-06-04 09:00:00,157.48250000000002,157.62808640471837
2026-06-04 10:00:00,164.79333333333335,165.47897020989228
2026-06-04 11:00:00,163.11416666666668,164.0373835072245
2026-06-04 12:00:00,165.86916666666667,168.06093566540483
2026-06-04 13:00:00,168.075,169.7445576059854
2026-06-04 14:00:00,166.53166666666667,168.95723845550185
2026-06-04 15:00:00,169.1,168.48251840124442
2026-06-04 16:00:00,154.88250000000002,153.44248934455618
2026-06-04 17:00:00,148.42000000000002,145.2554641106584
2026-06-04 18:00:00,141.09,144.29506952179963
2026-06-04 19:00:00,137.18083333333334,139.2293908289504
2026-06-04 20:00:00,139.47916666666666,142.37170401453398
2026-06-04 21:00:00,140.53833333333333,145.32165055309065
2026-06-04 22:00:00,149.21,153.5135225108021
2026-06-04 23:00:00,149.31833333333333,150.87327395647384
2026-06-05 00:00:00,151.23416666666665,155.05583142720695
2026-06-05 01:00:00,162.91083333333333,165.83571438615604
2026-06-05 02:00:00,160.6858333333333,163.348846848383
2026-06-05 03:00:00,156.70333333333335,160.5187289952621
2026-06-05 04:00:00,161.37916666666666,161.8064511095356
2026-06-05 05:00:00,161.34333333333333,163.63403624143143
2026-06-05 06:00:00,158.38500000000002,162.47541074854348
2026-06-05 07:00:00,152.65916666666666,154.13893106289402
2026-06-05 08:00:00,158.25750000000002,164.53175485457643
2026-06-05 09:00:00,157.48250000000002,157.62808640471837
2026-06-05 10:00:00,164.79333333333335,165.47897020989228
2026-06-05 11:00:00,163.11416666666668,164.0373835072245
2026-06-05 12:00:00,165.86916666666667,168.06093566540483
2026-06-05 13:00:00,168.075,169.7445576059854
2026-06-05 14:00:00,166.53166666666667,168.95723845550185
2026-06-05 15:00:00,169.1,168.48251840124442
2026-06-05 16:00:00,154.88250000000002,153.44248934455618
2026-06-05 17:00:00,148.42000000000002,145.2554641106584
2026-06-05 18:00:00,141.09,144.29506952179963
2026-06-05 19:00:00,137.18083333333334,139.2293908289504
2026-06-05 20:00:00,139.47916666666666,142.37170401453398
2026-06-05 21:00:00,140.53833333333333,145.32165055309065
2026-06-05 22:00:00,149.21,153.5135225108021
2026-06-05 23:00:00,149.31833333333333,150.87327395647384
2026-06-06 00:00:00,151.23416666666665,155.05583142720695
2026-06-06 01:00:00,162.91083333333333,165.83571438615604
2026-06-06 02:00:00,160.6858333333333,163.348846848383
2026-06-06 03:00:00,156.70333333333335,160.5187289952621
2026-06-06 04:00:00,161.37916666666666,161.8064511095356
2026-06-06 05:00:00,161.34333333333333,163.63403624143143
2026-06-06 06:00:00,158.38500000000002,162.47541074854348
2026-06-06 07:00:00,152.65916666666666,154.13893106289402
2026-06-06 08:00:00,158.25750000000002,164.53175485457643
2026-06-06 09:00:00,157.48250000000002,157.62808640471837
2026-06-06 10:00:00,164.79333333333335,165.47897020989228
2026-06-06 11:00:00,163.11416666666668,164.0373835072245
2026-06-06 12:00:00,165.86916666666667,168.06093566540483
2026-06-06 13:00:00,168.075,169.7445576059854
2026-06-06 14:00:00,166.53166666666667,168.95723845550185
2026-06-06 15:00:00,169.1,168.48251840124442
2026-06-06 16:00:00,154.88250000000002,153.44248934455618
2026-06-06 17:00:00,148.42000000000002,145.2554641106584
2026-06-06 18:00:00,141.09,144.29506952179963
2026-06-06 19:00:00,137.18083333333334,139.2293908289504
2026-06-06 20:00:00,139.47916666666666,142.37170401453398
2026-06-06 21:00:00,140.53833333333333,145.32165055309065
2026-06-06 22:00:00,149.21,153.5135225108021
2026-06-06 23:00:00,149.31833333333333,150.87327395647384
2026-06-07 00:00:00,151.23416666666665,155.05583142720695
2026-06-07 01:00:00,162.91083333333333,165.83571438615604
2026-06-07 02:00:00,160.6858333333333,163.348846848383
2026-06-07 03:00:00,156.70333333333335,160.5187289952621
2026-06-07 04:00:00,161.37916666666666,161.8064511095356
2026-06-07 05:00:00,161.34333333333333,163.63403624143143
2026-06-07 06:00:00,158.38500000000002,162.47541074854348
2026-06-07 07:00:00,152.65916666666666,154.13893106289402
2026-06-07 08:00:00,158.25750000000002,164.53175485457643
2026-06-07 09:00:00,157.48250000000002,157.62808640471837
2026-06-07 10:00:00,164.79333333333335,165.47897020989228
2026-06-07 11:00:00,163.11416666666668,164.0373835072245
2026-06-07 12:00:00,165.86916666666667,168.06093566540483
2026-06-07 13:00:00,168.075,169.7445576059854
2026-06-07 14:00:00,166.53166666666667,168.95723845550185
2026-06-07 15:00:00,169.1,168.48251840124442
2026-06-07 16:00:00,154.88250000000002,153.44248934455618
2026-06-07 17:00:00,148.42000000000002,145.2554641106584
2026-06-07 18:00:00,141.09,144.29506952179963
2026-06-07 19:00:00,137.18083333333334,139.2293908289504
2026-06-07 20:00:00,139.47916666666666,142.37170401453398
2026-06-07 21:00:00,140.53833333333333,145.32165055309065
2026-06-07 22:00:00,149.21,153.5135225108021
2026-06-07 23:00:00,149.31833333333333,150.87327395647384
2026-06-08 00:00:00,151.23416666666665,155.05583142720695
2026-06-08 01:00:00,162.91083333333333,165.83571438615604
2026-06-08 02:00:00,160.6858333333333,163.348846848383
2026-06-08 03:00:00,156.70333333333335,160.5187289952621
2026-06-08 04:00:00,161.37916666666666,161.8064511095356
2026-06-08 05:00:00,161.34333333333333,163.63403624143143
2026-06-08 06:00:00,158.38500000000002,162.47541074854348
2026-06-08 07:00:00,152.65916666666666,154.13893106289402
2026-06-08 08:00:00,158.25750000000002,164.53175485457643
2026-06-08 09:00:00,157.48250000000002,157.62808640471837
2026-06-08 10:00:00,164.79333333333335,165.47897020989228
2026-06-08 11:00:00,163.11416666666668,164.0373835072245
2026-06-08 12:00:00,165.86916666666667,168.06093566540483
2026-06-08 13:00:00,168.075,169.7445576059854
2026-06-08 14:00:00,166.53166666666667,168.95723845550185
2026-06-08 15:00:00,169.1,168.48251840124442
2026-06-08 16:00:00,154.88250000000002,153.44248934455618
2026-06-08 17:00:00,148.42000000000002,145.2554641106584
2026-06-08 18:00:00,141.09,144.29506952179963
2026-06-08 19:00:00,137.18083333333334,139.2293908289504
2026-06-08 20:00:00,139.47916666666666,142.37170401453398
2026-06-08 21:00:00,140.53833333333333,145.32165055309065
2026-06-08 22:00:00,149.21,153.5135225108021
2026-06-08 23:00:00,149.31833333333333,150.87327395647384
2026-06-09 00:00:00,151.23416666666665,155.05583142720695
2026-06-09 01:00:00,162.91083333333333,165.83571438615604
2026-06-09 02:00:00,160.6858333333333,163.348846848383
2026-06-09 03:00:00,156.70333333333335,160.5187289952621
2026-06-09 04:00:00,161.37916666666666,161.8064511095356
2026-06-09 05:00:00,161.34333333333333,163.63403624143143
2026-06-09 06:00:00,158.38500000000002,162.47541074854348
2026-06-09 07:00:00,152.65916666666666,154.13893106289402
2026-06-09 08:00:00,158.25750000000002,164.53175485457643
2026-06-09 09:00:00,157.48250000000002,157.62808640471837
2026-06-09 10:00:00,164.79333333333335,165.47897020989228
2026-06-09 11:00:00,163.11416666666668,164.0373835072245
2026-06-09 12:00:00,165.86916666666667,168.06093566540483
2026-06-09 13:00:00,168.075,169.7445576059854
2026-06-09 14:00:00,166.53166666666667,168.95723845550185
2026-06-09 15:00:00,169.1,168.48251840124442
2026-06-09 16:00:00,154.88250000000002,153.44248934455618
2026-06-09 17:00:00,148.42000000000002,145.2554641106584
2026-06-09 18:00:00,141.09,144.29506952179963
2026-06-09 19:00:00,137.18083333333334,139.2293908289504
2026-06-09 20:00:00,139.47916666666666,142.37170401453398
2026-06-09 21:00:00,140.53833333333333,145.32165055309065
2026-06-09 22:00:00,149.21,153.5135225108021
2026-06-09 23:00:00,149.31833333333333,150.87327395647384
2026-06-10 00:00:00,151.23416666666665,155.05583142720695
2026-06-10 01:00:00,162.91083333333333,165.83571438615604
2026-06-10 02:00:00,160.6858333333333,163.348846848383
2026-06-10 03:00:00,156.70333333333335,160.5187289952621
2026-06-10 04:00:00,161.37916666666666,161.8064511095356
2026-06-10 05:00:00,161.34333333333333,163.63403624143143
2026-06-10 06:00:00,158.38500000000002,162.47541074854348
2026-06-10 07:00:00,152.65916666666666,154.13893106289402
2026-06-10 08:00:00,158.25750000000002,164.53175485457643
2026-06-10 09:00:00,157.48250000000002,157.62808640471837
2026-06-10 10:00:00,164.79333333333335,165.47897020989228
2026-06-10 11:00:00,163.11416666666668,164.0373835072245
2026-06-10 12:00:00,165.86916666666667,168.06093566540483
2026-06-10 13:00:00,168.075,169.7445576059854
2026-06-10 14:00:00,166.53166666666667,168.95723845550185
2026-06-10 15:00:00,169.1,168.48251840124442
2026-06-10 16:00:00,154.88250000000002,153.44248934455618
2026-06-10 17:00:00,148.42000000000002,145.2554641106584
2026-06-10 18:00:00,141.09,144.29506952179963
2026-06-10 19:00:00,137.18083333333334,139.2293908289504
2026-06-10 20:00:00,139.47916666666666,142.37170401453398
2026-06-10 21:00:00,140.53833333333333,145.32165055309065
2026-06-10 22:00:00,149.21,153.5135225108021
2026-06-10 23:00:00,149.31833333333333,150.87327395647384
2026-06-11 00:00:00,151.23416666666665,155.05583142720695
2026-06-11 01:00:00,162.91083333333333,165.83571438615604
2026-06-11 02:00:00,160.6858333333333,163.348846848383
2026-06-11 03:00:00,156.70333333333335,160.5187289952621
2026-06-11 04:00:00,161.37916666666666,161.8064511095356
2026-06-11 05:00:00,161.34333333333333,163.63403624143143
2026-06-11 06:00:00,158.38500000000002,162.47541074854348
2026-06-11 07:00:00,152.65916666666666,154.13893106289402
2026-06-11 08:00:00,158.25750000000002,164.53175485457643
2026-06-11 09:00:00,157.48250000000002,157.62808640471837
2026-06-11 10:00:00,164.79333333333335,165.47897020989228
2026-06-11 11:00:00,163.11416666666668,164.0373835072245
2026-06-11 12:00:00,165.86916666666667,168.06093566540483
2026-06-11 13:00:00,168.075,169.7445576059854
2026-06-11 14:00:00,166.53166666666667,168.95723845550185
2026-06-11 15:00:00,169.1,168.48251840124442
2026-06-11 16:00:00,154.88250000000002,153.44248934455618
2026-06-11 17:00:00,148.42000000000002,145.2554641106584
2026-06-11 18:00:00,141.09,144.29506952179963
2026-06-11 19:00:00,137.18083333333334,139.2293908289504
2026-06-11 20:00:00,139.47916666666666,142.37170401453398
2026-06-11 21:00:00,140.53833333333333,145.32165055309065
2026-06-11 22:00:00,149.21,153.5135225108021
2026-06-11 23:00:00,149.31833333333333,150.87327395647384
2026-06-12 00:00:00,151.23416666666665,155.05583142720695
2026-06-12 01:00:00,162.91083333333333,165.83571438615604
2026-06-12 02:00:00,160.6858333333333,163.348846848383
2026-06-12 03:00:00,156.70333333333335,160.5187289952621
2026-06-12 04:00:00,161.37916666666666,161.8064511095356
2026-06-12 05:00:00,161.34333333333333,163.63403624143143
2026-06-12 06:00:00,158.38500000000002,162.47541074854348
2026-06-12 07:00:00,152.65916666666666,154.13893106289402
2026-06-12 08:00:00,158.25750000000002,164.53175485457643
2026-06-12 09:00:00,157.48250000000002,157.62808640471837
2026-06-12 10:00:00,164.79333333333335,165.47897020989228
2026-06-12 11:00:00,163.11416666666668,164.0373835072245
2026-06-12 12:00:00,165.86916666666667,168.06093566540483
2026-06-12 13:00:00,168.075,169.7445576059854
2026-06-12 14:00:00,166.53166666666667,168.95723845550185
2026-06-12 15:00:00,169.1,168.48251840124442
2026-06-12 16:00:00,154.88250000000002,153.44248934455618
2026-06-12 17:00:00,148.42000000000002,145.2554641106584
2026-06-12 18:00:00,141.09,144.29506952179963
2026-06-12 19:00:00,137.18083333333334,139.2293908289504
2026-06-12 20:00:00,139.47916666666666,142.37170401453398
2026-06-12 21:00:00,140.53833333333333,145.32165055309065
2026-06-12 22:00:00,149.21,153.5135225108021
2026-06-12 23:00:00,149.31833333333333,150.87327395647384
2026-06-13 00:00:00,151.23416666666665,155.05583142720695
2026-06-13 01:00:00,162.91083333333333,165.83571438615604
2026-06-13 02:00:00,160.6858333333333,163.348846848383
2026-06-13 03:00:00,156.70333333333335,160.5187289952621
2026-06-13 04:00:00,161.37916666666666,161.8064511095356
2026-06-13 05:00:00,161.34333333333333,163.63403624143143
2026-06-13 06:00:00,158.38500000000002,162.47541074854348
2026-06-13 07:00:00,152.65916666666666,154.13893106289402
2026-06-13 08:00:00,158.25750000000002,164.53175485457643
2026-06-13 09:00:00,157.48250000000002,157.62808640471837
2026-06-13 10:00:00,164.79333333333335,165.47897020989228
2026-06-13 11:00:00,163.11416666666668,164.0373835072245
2026-06-13 12:00:00,165.86916666666667,168.06093566540483
2026-06-13 13:00:00,168.075,169.7445576059854
2026-06-13 14:00:00,166.53166666666667,168.95723845550185
2026-06-13 15:00:00,169.1,168.48251840124442
2026-06-13 16:00:00,154.88250000000002,153.44248934455618
2026-06-13 17:00:00,148.42000000000002,145.2554641106584
2026-06-13 18:00:00,141.09,144.29506952179963
2026-06-13 19:00:00,137.18083333333334,139.2293908289504
2026-06-13 20:00:00,139.47916666666666,142.37170401453398
2026-06-13 21:00:00,140.53833333333333,145.32165055309065
2026-06-13 22:00:00,149.21,153.5135225108021
2026-06-13 23:00:00,149.31833333333333,150.87327395647384
2026-06-14 00:00:00,151.23416666666665,155.05583142720695
2026-06-14 01:00:00,162.91083333333333,165.83571438615604
2026-06-14 02:00:00,160.6858333333333,163.348846848383
2026-06-14 03:00:00,156.70333333333335,160.5187289952621
2026-06-14 04:00:00,161.37916666666666,161.8064511095356
2026-06-14 05:00:00,161.34333333333333,163.63403624143143
2026-06-14 06:00:00,158.38500000000002,162.47541074854348
2026-06-14 07:00:00,152.65916666666666,154.13893106289402
2026-06-14 08:00:00,158.25750000000002,164.53175485457643
2026-06-14 09:00:00,157.48250000000002,157.62808640471837
2026-06-14 10:00:00,164.79333333333335,165.47897020989228
2026-06-14 11:00:00,163.11416666666668,164.0373835072245
2026-06-14 12:00:00,165.86916666666667,168.06093566540483
2026-06-14 13:00:00,168.075,169.7445576059854
2026-06-14 14:00:00,166.53166666666667,168.95723845550185
2026-06-14 15:00:00,169.1,168.48251840124442
2026-06-14 16:00:00,154.88250000000002,153.44248934455618
2026-06-14 17:00:00,148.42000000000002,145.2554641106584
2026-06-14 18:00:00,141.09,144.29506952179963
2026-06-14 19:00:00,137.18083333333334,139.2293908289504
2026-06-14 20:00:00,139.47916666666666,142.37170401453398
2026-06-14 21:00:00,140.53833333333333,145.32165055309065
2026-06-14 22:00:00,149.21,153.5135225108021
2026-06-14 23:00:00,149.31833333333333,150.87327395647384
2026-06-15 00:00:00,151.23416666666665,155.05583142720695
2026-06-15 01:00:00,162.91083333333333,165.83571438615604
2026-06-15 02:00:00,160.6858333333333,163.348846848383
2026-06-15 03:00:00,156.70333333333335,160.5187289952621
2026-06-15 04:00:00,161.37916666666666,161.8064511095356
2026-06-15 05:00:00,161.34333333333333,163.63403624143143
2026-06-15 06:00:00,158.38500000000002,162.47541074854348
2026-06-15 07:00:00,152.65916666666666,154.13893106289402
2026-06-15 08:00:00,158.25750000000002,164.53175485457643
2026-06-15 09:00:00,157.48250000000002,157.62808640471837
2026-06-15 10:00:00,164.79333333333335,165.47897020989228
2026-06-15 11:00:00,163.11416666666668,164.0373835072245
2026-06-15 12:00:00,165.86916666666667,168.06093566540483
2026-06-15 13:00:00,168.075,169.7445576059854
2026-06-15 14:00:00,166.53166666666667,168.95723845550185
2026-06-15 15:00:00,169.1,168.48251840124442
2026-06-15 16:00:00,154.88250000000002,153.44248934455618
2026-06-15 17:00:00,148.42000000000002,145.2554641106584
2026-06-15 18:00:00,141.09,144.29506952179963
2026-06-15 19:00:00,137.18083333333334,139.2293908289504
2026-06-15 20:00:00,139.47916666666666,142.37170401453398
2026-06-15 21:00:00,140.53833333333333,145.32165055309065
2026-06-15 22:00:00,149.21,153.5135225108021
2026-06-15 23:00:00,149.31833333333333,150.87327395647384
2026-06-16 00:00:00,151.23416666666665,155.05583142720695
2026-06-16 01:00:00,162.91083333333333,165.83571438615604
2026-06-16 02:00:00,160.6858333333333,163.348846848383
2026-06-16 03:00:00,156.70333333333335,160.5187289952621
2026-06-16 04:00:00,161.37916666666666,161.8064511095356
2026-06-16 05:00:00,161.34333333333333,163.63403624143143
2026-06-16 06:00:00,158.38500000000002,162.47541074854348
2026-06-16 07:00:00,152.65916666666666,154.13893106289402
2026-06-16 08:00:00,158.25750000000002,164.53175485457643
2026-06-16 09:00:00,157.48250000000002,157.62808640471837
2026-06-16 10:00:00,164.79333333333335,165.47897020989228
2026-06-16 11:00:00,163.11416666666668,164.0373835072245
2026-06-16 12:00:00,165.86916666666667,168.06093566540483
2026-06-16 13:00:00,168.075,169.7445576059854
2026-06-16 14:00:00,166.53166666666667,168.95723845550185
2026-06-16 15:00:00,169.1,168.48251840124442
2026-06-16 16:00:00,154.88250000000002,153.44248934455618
2026-06-16 17:00:00,148.42000000000002,145.2554641106584
2026-06-16 18:00:00,141.09,144.29506952179963
2026-06-16 19:00:00,137.18083333333334,139.2293908289504
2026-06-16 20:00:00,139.47916666666666,142.37170401453398
2026-06-16 21:00:00,140.53833333333333,145.32165055309065
2026-06-16 22:00:00,149.21,153.5135225108021
2026-06-16 23:00:00,149.31833333333333,150.87327395647384
2026-06-17 00:00:00,151.23416666666665,155.05583142720695
2026-06-17 01:00:00,162.91083333333333,165.83571438615604
2026-06-17 02:00:00,160.6858333333333,163.348846848383
2026-06-17 03:00:00,156.70333333333335,160.5187289952621
2026-06-17 04:00:00,161.37916666666666,161.8064511095356
2026-06-17 05:00:00,161.34333333333333,163.63403624143143
2026-06-17 06:00:00,158.38500000000002,162.47541074854348
2026-06-17 07:00:00,152.65916666666666,154.13893106289402
2026-06-17 08:00:00,158.25750000000002,164.53175485457643
2026-06-17 09:00:00,157.48250000000002,157.62808640471837
2026-06-17 10:00:00,164.79333333333335,165.47897020989228
2026-06-17 11:00:00,163.11416666666668,164.0373835072245
2026-06-17 12:00:00,165.86916666666667,168.06093566540483
2026-06-17 13:00:00,168.075,169.7445576059854
2026-06-17 14:00:00,166.53166666666667,168.95723845550185
2026-06-17 15:00:00,169.1,168.48251840124442
2026-06-17 16:00:00,154.88250000000002,153.44248934455618
2026-06-17 17:00:00,148.42000000000002,145.2554641106584
2026-06-17 18:00:00,141.09,144.29506952179963
2026-06-17 19:00:00,137.18083333333334,139.2293908289504
2026-06-17 20:00:00,139.47916666666666,142.37170401453398
2026-06-17 21:00:00,140.53833333333333,145.32165055309065
2026-06-17 22:00:00,149.21,153.5135225108021
2026-06-17 23:00:00,149.31833333333333,150.87327395647384
2026-06-18 00:00:00,151.23416666666665,155.05583142720695
2026-06-18 01:00:00,162.91083333333333,165.83571438615604
2026-06-18 02:00:00,160.6858333333333,163.348846848383
2026-06-18 03:00:00,156.70333333333335,160.5187289952621
2026-06-18 04:00:00,161.37916666666666,161.8064511095356
2026-06-18 05:00:00,161.34333333333333,163.63403624143143
2026-06-18 06:00:00,158.38500000000002,162.47541074854348
2026-06-18 07:00:00,152.65916666666666,154.13893106289402
2026-06-18 08:00:00,158.25750000000002,164.53175485457643
2026-06-18 09:00:00,157.48250000000002,157.62808640471837
2026-06-18 10:00:00,164.79333333333335,165.47897020989228
2026-06-18 11:00:00,163.11416666666668,164.0373835072245
2026-06-18 12:00:00,165.86916666666667,168.06093566540483
2026-06-18 13:00:00,168.075,169.7445576059854
2026-06-18 14:00:00,166.53166666666667,168.95723845550185
2026-06-18 15:00:00,169.1,168.48251840124442
2026-06-18 16:00:00,154.88250000000002,153.44248934455618
2026-06-18 17:00:00,148.42000000000002,145.2554641106584
2026-06-18 18:00:00,141.09,144.29506952179963
2026-06-18 19:00:00,137.18083333333334,139.2293908289504
2026-06-18 20:00:00,139.47916666666666,142.37170401453398
2026-06-18 21:00:00,140.53833333333333,145.32165055309065
2026-06-18 22:00:00,149.21,153.5135225108021
2026-06-18 23:00:00,149.31833333333333,150.87327395647384
2026-06-19 00:00:00,151.23416666666665,155.05583142720695
2026-06-19 01:00:00,162.91083333333333,165.83571438615604
2026-06-19 02:00:00,160.6858333333333,163.348846848383
2026-06-19 03:00:00,156.70333333333335,160.5187289952621
2026-06-19 04:00:00,161.37916666666666,161.8064511095356
2026-06-19 05:00:00,161.34333333333333,163.63403624143143
2026-06-19 06:00:00,158.38500000000002,162.47541074854348
2026-06-19 07:00:00,152.65916666666666,154.13893106289402
2026-06-19 08:00:00,158.25750000000002,164.53175485457643
2026-06-19 09:00:00,157.48250000000002,157.62808640471837
2026-06-19 10:00:00,164.79333333333335,165.47897020989228
2026-06-19 11:00:00,163.11416666666668,164.0373835072245
2026-06-19 12:00:00,165.86916666666667,168.06093566540483
2026-06-19 13:00:00,168.075,169.7445576059854
2026-06-19 14:00:00,166.53166666666667,168.95723845550185
2026-06-19 15:00:00,169.1,168.48251840124442
2026-06-19 16:00:00,154.88250000000002,153.44248934455618
2026-06-19 17:00:00,148.42000000000002,145.2554641106584
2026-06-19 18:00:00,141.09,144.29506952179963
2026-06-19 19:00:00,137.18083333333334,139.2293908289504
2026-06-19 20:00:00,139.47916666666666,142.37170401453398
2026-06-19 21:00:00,140.53833333333333,145.32165055309065
2026-06-19 22:00:00,149.21,153.5135225108021
2026-06-19 23:00:00,149.31833333333333,150.87327395647384
2026-06-20 00:00:00,151.23416666666665,155.05583142720695
2026-06-20 01:00:00,162.91083333333333,165.83571438615604
2026-06-20 02:00:00,160.6858333333333,163.348846848383
2026-06-20 03:00:00,156.70333333333335,160.5187289952621
2026-06-20 04:00:00,161.37916666666666,161.8064511095356
2026-06-20 05:00:00,161.34333333333333,163.63403624143143
2026-06-20 06:00:00,158.38500000000002,162.47541074854348
2026-06-20 07:00:00,152.65916666666666,154.13893106289402
2026-06-20 08:00:00,158.25750000000002,164.53175485457643
2026-06-20 09:00:00,157.48250000000002,157.62808640471837
2026-06-20 10:00:00,164.79333333333335,165.47897020989228
2026-06-20 11:00:00,163.11416666666668,164.0373835072245
2026-06-20 12:00:00,165.86916666666667,168.06093566540483
2026-06-20 13:00:00,168.075,169.7445576059854
2026-06-20 14:00:00,166.53166666666667,168.95723845550185
2026-06-20 15:00:00,169.1,168.48251840124442
2026-06-20 16:00:00,154.88250000000002,153.44248934455618
2026-06-20 17:00:00,148.42000000000002,145.2554641106584
2026-06-20 18:00:00,141.09,144.29506952179963
2026-06-20 19:00:00,137.18083333333334,139.2293908289504
2026-06-20 20:00:00,139.47916666666666,142.37170401453398
2026-06-20 21:00:00,140.53833333333333,145.32165055309065
2026-06-20 22:00:00,149.21,153.5135225108021
2026-06-20 23:00:00,149.31833333333333,150.87327395647384
2026-06-21 00:00:00,151.23416666666665,155.05583142720695
2026-06-21 01:00:00,162.91083333333333,165.83571438615604
2026-06-21 02:00:00,160.6858333333333,163.348846848383
2026-06-21 03:00:00,156.70333333333335,160.5187289952621
2026-06-21 04:00:00,161.37916666666666,161.8064511095356
2026-06-21 05:00:00,161.34333333333333,163.63403624143143
2026-06-21 06:00:00,158.38500000000002,162.47541074854348
2026-06-21 07:00:00,152.65916666666666,154.13893106289402
2026-06-21 08:00:00,158.25750000000002,164.53175485457643
2026-06-21 09:00:00,157.48250000000002,157.62808640471837
2026-06-21 10:00:00,164.79333333333335,165.47897020989228
2026-06-21 11:00:00,163.11416666666668,164.0373835072245
2026-06-21 12:00:00,165.86916666666667,168.06093566540483
2026-06-21 13:00:00,168.075,169.7445576059854
2026-06-21 14:00:00,166.53166666666667,168.95723845550185
2026-06-21 15:00:00,169.1,168.48251840124442
2026-06-21 16:00:00,154.88250000000002,153.44248934455618
2026-06-21 17:00:00,148.42000000000002,145.2554641106584
2026-06-21 18:00:00,141.09,144.29506952179963
2026-06-21 19:00:00,137.18083333333334,139.2293908289504
2026-06-21 20:00:00,139.47916666666666,142.37170401453398
2026-06-21 21:00:00,140.53833333333333,145.32165055309065
2026-06-21 22:00:00,149.21,153.5135225108021
2026-06-21 23:00:00,149.31833333333333,150.87327395647384
2026-06-22 00:00:00,151.23416666666665,155.05583142720695
2026-06-22 01:00:00,162.91083333333333,165.83571438615604
2026-06-22 02:00:00,160.6858333333333,163.348846848383
2026-06-22 03:00:00,156.70333333333335,160.5187289952621
2026-06-22 04:00:00,161.37916666666666,161.8064511095356
2026-06-22 05:00:00,161.34333333333333,163.63403624143143
2026-06-22 06:00:00,158.38500000000002,162.47541074854348
2026-06-22 07:00:00,152.65916666666666,154.13893106289402
2026-06-22 08:00:00,158.25750000000002,164.53175485457643
2026-06-22 09:00:00,157.48250000000002,157.62808640471837
2026-06-22 10:00:00,164.79333333333335,165.47897020989228
2026-06-22 11:00:00,163.11416666666668,164.0373835072245
2026-06-22 12:00:00,165.86916666666667,168.06093566540483
2026-06-22 13:00:00,168.075,169.7445576059854
2026-06-22 14:00:00,166.53166666666667,168.95723845550185
2026-06-22 15:00:00,169.1,168.48251840124442
2026-06-22 16:00:00,154.88250000000002,153.44248934455618
2026-06-22 17:00:00,148.42000000000002,145.2554641106584
2026-06-22 18:00:00,141.09,144.29506952179963
2026-06-22 19:00:00,137.18083333333334,139.2293908289504
2026-06-22 20:00:00,139.47916666666666,142.37170401453398
2026-06-22 21:00:00,140.53833333333333,145.32165055309065
2026-06-22 22:00:00,149.21,153.5135225108021
2026-06-22 23:00:00,149.31833333333333,150.87327395647384
2026-06-23 00:00:00,151.23416666666665,155.05583142720695
2026-06-23 01:00:00,162.91083333333333,165.83571438615604
2026-06-23 02:00:00,160.6858333333333,163.348846848383
2026-06-23 03:00:00,156.70333333333335,160.5187289952621
2026-06-23 04:00:00,161.37916666666666,161.8064511095356
2026-06-23 05:00:00,161.34333333333333,163.63403624143143
2026-06-23 06:00:00,158.38500000000002,162.47541074854348
2026-06-23 07:00:00,152.65916666666666,154.13893106289402
2026-06-23 08:00:00,158.25750000000002,164.53175485457643
2026-06-23 09:00:00,157.48250000000002,157.62808640471837
2026-06-23 10:00:00,164.79333333333335,165.47897020989228
2026-06-23 11:00:00,163.11416666666668,164.0373835072245
2026-06-23 12:00:00,165.86916666666667,168.06093566540483
2026-06-23 13:00:00,168.075,169.7445576059854
2026-06-23 14:00:00,166.53166666666667,168.95723845550185
2026-06-23 15:00:00,169.1,168.48251840124442
2026-06-23 16:00:00,154.88250000000002,153.44248934455618
2026-06-23 17:00:00,148.42000000000002,145.2554641106584
2026-06-23 18:00:00,141.09,144.29506952179963
2026-06-23 19:00:00,137.18083333333334,139.2293908289504
2026-06-23 20:00:00,139.47916666666666,142.37170401453398
2026-06-23 21:00:00,140.53833333333333,145.32165055309065
2026-06-23 22:00:00,149.21,153.5135225108021
2026-06-23 23:00:00,149.31833333333333,150.87327395647384
2026-06-24 00:00:00,151.23416666666665,155.05583142720695
2026-06-24 01:00:00,162.91083333333333,165.83571438615604
2026-06-24 02:00:00,160.6858333333333,163.348846848383
2026-06-24 03:00:00,156.70333333333335,160.5187289952621
2026-06-24 04:00:00,161.37916666666666,161.8064511095356
2026-06-24 05:00:00,161.34333333333333,163.63403624143143
2026-06-24 06:00:00,158.38500000000002,162.47541074854348
2026-06-24 07:00:00,152.65916666666666,154.13893106289402
2026-06-24 08:00:00,158.25750000000002,164.53175485457643
2026-06-24 09:00:00,157.48250000000002,157.62808640471837
2026-06-24 10:00:00,164.79333333333335,165.47897020989228
2026-06-24 11:00:00,163.11416666666668,164.0373835072245
2026-06-24 12:00:00,165.86916666666667,168.06093566540483
2026-06-24 13:00:00,168.075,169.7445576059854
2026-06-24 14:00:00,166.53166666666667,168.95723845550185
2026-06-24 15:00:00,169.1,168.48251840124442
2026-06-24 16:00:00,154.88250000000002,153.44248934455618
2026-06-24 17:00:00,148.42000000000002,145.2554641106584
2026-06-24 18:00:00,141.09,144.29506952179963
2026-06-24 19:00:00,137.18083333333334,139.2293908289504
2026-06-24 20:00:00,139.47916666666666,142.37170401453398
2026-06-24 21:00:00,140.53833333333333,145.32165055309065
2026-06-24 22:00:00,149.21,153.5135225108021
2026-06-24 23:00:00,149.31833333333333,150.87327395647384
2026-06-25 00:00:00,151.23416666666665,155.05583142720695
2026-06-25 01:00:00,162.91083333333333,165.83571438615604
2026-06-25 02:00:00,160.6858333333333,163.348846848383
2026-06-25 03:00:00,156.70333333333335,160.5187289952621
2026-06-25 04:00:00,161.37916666666666,161.8064511095356
2026-06-25 05:00:00,161.34333333333333,163.63403624143143
2026-06-25 06:00:00,158.38500000000002,162.47541074854348
2026-06-25 07:00:00,152.65916666666666,154.13893106289402
2026-06-25 08:00:00,158.25750000000002,164.53175485457643
2026-06-25 09:00:00,157.48250000000002,157.62808640471837
2026-06-25 10:00:00,164.79333333333335,165.47897020989228
2026-06-25 11:00:00,163.11416666666668,164.0373835072245
2026-06-25 12:00:00,165.86916666666667,168.06093566540483
2026-06-25 13:00:00,168.075,169.7445576059854
2026-06-25 14:00:00,166.53166666666667,168.95723845550185
2026-06-25 15:00:00,169.1,168.48251840124442
2026-06-25 16:00:00,154.88250000000002,153.44248934455618
2026-06-25 17:00:00,148.42000000000002,145.2554641106584
2026-06-25 18:00:00,141.09,144.29506952179963
2026-06-25 19:00:00,137.18083333333334,139.2293908289504
2026-06-25 20:00:00,139.47916666666666,142.37170401453398
2026-06-25 21:00:00,140.53833333333333,145.32165055309065
2026-06-25 22:00:00,149.21,153.5135225108021
2026-06-25 23:00:00,149.31833333333333,150.87327395647384
2026-06-26 00:00:00,151.23416666666665,155.05583142720695
2026-06-26 01:00:00,162.91083333333333,165.83571438615604
2026-06-26 02:00:00,160.6858333333333,163.348846848383
2026-06-26 03:00:00,156.70333333333335,160.5187289952621
2026-06-26 04:00:00,161.37916666666666,161.8064511095356
2026-06-26 05:00:00,161.34333333333333,163.63403624143143
2026-06-26 06:00:00,158.38500000000002,162.47541074854348
2026-06-26 07:00:00,152.65916666666666,154.13893106289402
2026-06-26 08:00:00,158.25750000000002,164.53175485457643
2026-06-26 09:00:00,157.48250000000002,157.62808640471837
2026-06-26 10:00:00,164.79333333333335,165.47897020989228
2026-06-26 11:00:00,163.11416666666668,164.0373835072245
2026-06-26 12:00:00,165.86916666666667,168.06093566540483
2026-06-26 13:00:00,168.075,169.7445576059854
2026-06-26 14:00:00,166.53166666666667,168.95723845550185
2026-06-26 15:00:00,169.1,168.48251840124442
2026-06-26 16:00:00,154.88250000000002,153.44248934455618
2026-06-26 17:00:00,148.42000000000002,145.2554641106584
2026-06-26 18:00:00,141.09,144.29506952179963
2026-06-26 19:00:00,137.18083333333334,139.2293908289504
2026-06-26 20:00:00,139.47916666666666,142.37170401453398
2026-06-26 21:00:00,140.53833333333333,145.32165055309065
2026-06-26 22:00:00,149.21,153.5135225108021
2026-06-26 23:00:00,149.31833333333333,150.87327395647384
2026-06-27 00:00:00,151.23416666666665,155.05583142720695
2026-06-27 01:00:00,162.91083333333333,165.83571438615604
2026-06-27 02:00:00,160.6858333333333,163.348846848383
2026-06-27 03:00:00,156.70333333333335,160.5187289952621
2026-06-27 04:00:00,161.37916666666666,161.8064511095356
2026-06-27 05:00:00,161.34333333333333,163.63403624143143
2026-06-27 06:00:00,158.38500000000002,162.47541074854348
2026-06-27 07:00:00,152.65916666666666,154.13893106289402
2026-06-27 08:00:00,158.25750000000002,164.53175485457643
2026-06-27 09:00:00,157.48250000000002,157.62808640471837
2026-06-27 10:00:00,164.79333333333335,165.47897020989228
2026-06-27 11:00:00,163.11416666666668,164.0373835072245
2026-06-27 12:00:00,165.86916666666667,168.06093566540483
2026-06-27 13:00:00,168.075,169.7445576059854
2026-06-27 14:00:00,166.53166666666667,168.95723845550185
2026-06-27 15:00:00,169.1,168.48251840124442
2026-06-27 16:00:00,154.88250000000002,153.44248934455618
2026-06-27 17:00:00,148.42000000000002,145.2554641106584
2026-06-27 18:00:00,141.09,144.29506952179963
2026-06-27 19:00:00,137.18083333333334,139.2293908289504
2026-06-27 20:00:00,139.47916666666666,142.37170401453398
2026-06-27 21:00:00,140.53833333333333,145.32165055309065
2026-06-27 22:00:00,149.21,153.5135225108021
2026-06-27 23:00:00,149.31833333333333,150.87327395647384
2026-06-28 00:00:00,151.23416666666665,155.05583142720695
2026-06-28 01:00:00,162.91083333333333,165.83571438615604
2026-06-28 02:00:00,160.6858333333333,163.348846848383
2026-06-28 03:00:00,156.70333333333335,160.5187289952621
2026-06-28 04:00:00,161.37916666666666,161.8064511095356
2026-06-28 05:00:00,161.34333333333333,163.63403624143143
2026-06-28 06:00:00,158.38500000000002,162.47541074854348
2026-06-28 07:00:00,152.65916666666666,154.13893106289402
2026-06-28 08:00:00,158.25750000000002,164.53175485457643
2026-06-28 09:00:00,157.48250000000002,157.62808640471837
2026-06-28 10:00:00,164.79333333333335,165.47897020989228
2026-06-28 11:00:00,163.11416666666668,164.0373835072245
2026-06-28 12:00:00,165.86916666666667,168.06093566540483
2026-06-28 13:00:00,168.075,169.7445576059854
2026-06-28 14:00:00,166.53166666666667,168.95723845550185
2026-06-28 15:00:00,169.1,168.48251840124442
2026-06-28 16:00:00,154.88250000000002,153.44248934455618
2026-06-28 17:00:00,148.42000000000002,145.2554641106584
2026-06-28 18:00:00,141.09,144.29506952179963
2026-06-28 19:00:00,137.18083333333334,139.2293908289504
2026-06-28 20:00:00,139.47916666666666,142.37170401453398
2026-06-28 21:00:00,140.53833333333333,145.32165055309065
2026-06-28 22:00:00,149.21,153.5135225108021
2026-06-28 23:00:00,149.31833333333333,150.87327395647384
2026-06-29 00:00:00,151.23416666666665,155.05583142720695
2026-06-29 01:00:00,162.91083333333333,165.83571438615604
2026-06-29 02:00:00,160.6858333333333,163.348846848383
2026-06-29 03:00:00,156.70333333333335,160.5187289952621
2026-06-29 04:00:00,161.37916666666666,161.8064511095356
2026-06-29 05:00:00,161.34333333333333,163.63403624143143
2026-06-29 06:00:00,158.38500000000002,162.47541074854348
2026-06-29 07:00:00,152.65916666666666,154.13893106289402
2026-06-29 08:00:00,158.25750000000002,164.53175485457643
2026-06-29 09:00:00,157.48250000000002,157.62808640471837
2026-06-29 10:00:00,164.79333333333335,165.47897020989228
2026-06-29 11:00:00,163.11416666666668,164.0373835072245
2026-06-29 12:00:00,165.86916666666667,168.06093566540483
2026-06-29 13:00:00,168.075,169.7445576059854
2026-06-29 14:00:00,166.53166666666667,168.95723845550185
2026-06-29 15:00:00,169.1,168.48251840124442
2026-06-29 16:00:00,154.88250000000002,153.44248934455618
2026-06-29 17:00:00,148.42000000000002,145.2554641106584
2026-06-29 18:00:00,141.09,144.29506952179963
2026-06-29 19:00:00,137.18083333333334,139.2293908289504
2026-06-29 20:00:00,139.47916666666666,142.37170401453398
2026-06-29 21:00:00,140.53833333333333,145.32165055309065
2026-06-29 22:00:00,149.21,153.5135225108021
2026-06-29 23:00:00,149.31833333333333,150.87327395647384
2026-06-30 00:00:00,151.23416666666665,155.05583142720695
2026-06-30 01:00:00,162.91083333333333,165.83571438615604
2026-06-30 02:00:00,160.6858333333333,163.348846848383
2026-06-30 03:00:00,156.70333333333335,160.5187289952621
2026-06-30 04:00:00,161.37916666666666,161.8064511095356
2026-06-30 05:00:00,161.34333333333333,163.63403624143143
2026-06-30 06:00:00,158.38500000000002,162.47541074854348
2026-06-30 07:00:00,152.65916666666666,154.13893106289402
2026-06-30 08:00:00,158.25750000000002,164.53175485457643
2026-06-30 09:00:00,157.48250000000002,157.62808640471837
2026-06-30 10:00:00,164.79333333333335,165.47897020989228
2026-06-30 11:00:00,163.11416666666668,164.0373835072245
2026-06-30 12:00:00,165.86916666666667,168.06093566540483
2026-06-30 13:00:00,168.075,169.7445576059854
2026-06-30 14:00:00,166.53166666666667,168.95723845550185
2026-06-30 15:00:00,169.1,168.48251840124442
2026-06-30 16:00:00,154.88250000000002,153.44248934455618
2026-06-30 17:00:00,148.42000000000002,145.2554641106584
2026-06-30 18:00:00,141.09,144.29506952179963
2026-06-30 19:00:00,137.18083333333334,139.2293908289504
2026-06-30 20:00:00,139.47916666666666,142.37170401453398
2026-06-30 21:00:00,140.53833333333333,145.32165055309065
2026-06-30 22:00:00,149.21,153.5135225108021
2026-06-30 23:00:00,149.31833333333333,150.87327395647384
2026-07-01 00:00:00,180.22016129032252,181.9113095862614
2026-07-01 01:00:00,187.1911290322581,186.16647540555738
2026-07-01 02:00:00,192.1185483870968,194.9921510240387
2026-07-01 03:00:00,202.56451612903223,206.55381528052143
2026-07-01 04:00:00,204.2185483870968,201.77091677605378
2026-07-01 05:00:00,198.6209677419355,200.7745627931149
2026-07-01 06:00:00,210.13064516129032,210.92023914070313
2026-07-01 07:00:00,205.24435483870968,204.55456754392407
2026-07-01 08:00:00,195.1491935483871,195.68244690389557
2026-07-01 09:00:00,193.7459677419355,190.1641176989157
2026-07-01 10:00:00,194.3943548387097,195.02330522273573
2026-07-01 11:00:00,188.55161290322584,187.6354390826894
2026-07-01 12:00:00,188.91612903225808,186.81883621782535
2026-07-01 13:00:00,190.6524193548387,191.52525193777757
2026-07-01 14:00:00,202.5274193548387,206.91382159397378
2026-07-01 15:00:00,202.93951612903223,202.2290882677708
2026-07-01 16:00:00,194.9774193548387,198.26900475467104
2026-07-01 17:00:00,190.0217741935484,192.5495057595052
2026-07-01 18:00:00,193.5016129032258,196.7147980299775
2026-07-01 19:00:00,191.1903225806452,193.64685965727585
2026-07-01 20:00:00,185.52096774193544,182.572565035273
2026-07-01 21:00:00,176.7540322580645,176.06061788776697
2026-07-01 22:00:00,177.55806451612904,181.15053070697246
2026-07-01 23:00:00,176.6709677419355,178.024868867363
2026-07-02 00:00:00,180.22016129032252,181.29428660776838
2026-07-02 01:00:00,187.1911290322581,188.07284284594667
2026-07-02 02:00:00,192.1185483870968,196.69238337452276
2026-07-02 03:00:00,202.56451612903223,206.73429885712648
2026-07-02 04:00:00,204.2185483870968,202.43333232582833
2026-07-02 05:00:00,198.6209677419355,202.41958439207667
2026-07-02 06:00:00,210.13064516129032,210.12769194645045
2026-07-02 07:00:00,205.24435483870968,204.30083455044837
2026-07-02 08:00:00,195.1491935483871,195.0439903187471
2026-07-02 09:00:00,193.7459677419355,190.31492933807064
2026-07-02 10:00:00,194.3943548387097,194.2839871921806
2026-07-02 11:00:00,188.55161290322584,187.2291236569363
2026-07-02 12:00:00,188.91612903225808,186.81883621782535
2026-07-02 13:00:00,190.6524193548387,191.52525193777757
2026-07-02 14:00:00,202.5274193548387,206.91382159397378
2026-07-02 15:00:00,202.93951612903223,202.2290882677708
2026-07-02 16:00:00,194.9774193548387,198.26900475467104
2026-07-02 17:00:00,190.0217741935484,192.5495057595052
2026-07-02 18:00:00,193.5016129032258,196.7147980299775
2026-07-02 19:00:00,191.1903225806452,193.64685965727585
2026-07-02 20:00:00,185.52096774193544,182.572565035273
2026-07-02 21:00:00,176.7540322580645,176.06061788776697
2026-07-02 22:00:00,177.55806451612904,181.15053070697246
2026-07-02 23:00:00,176.6709677419355,178.024868867363
2026-07-03 00:00:00,180.22016129032252,181.29428660776838
2026-07-03 01:00:00,187.1911290322581,188.07284284594667
2026-07-03 02:00:00,192.1185483870968,196.69238337452276
2026-07-03 03:00:00,202.56451612903223,206.73429885712648
2026-07-03 04:00:00,204.2185483870968,202.43333232582833
2026-07-03 05:00:00,198.6209677419355,202.41958439207667
2026-07-03 06:00:00,210.13064516129032,210.12769194645045
2026-07-03 07:00:00,205.24435483870968,204.30083455044837
2026-07-03 08:00:00,195.1491935483871,195.0439903187471
2026-07-03 09:00:00,193.7459677419355,190.31492933807064
2026-07-03 10:00:00,194.3943548387097,194.2839871921806
2026-07-03 11:00:00,188.55161290322584,187.2291236569363
2026-07-03 12:00:00,188.91612903225808,186.81883621782535
2026-07-03 13:00:00,190.6524193548387,191.52525193777757
2026-07-03 14:00:00,202.5274193548387,206.91382159397378
2026-07-03 15:00:00,202.93951612903223,202.2290882677708
2026-07-03 16:00:00,194.9774193548387,198.26900475467104
2026-07-03 17:00:00,190.0217741935484,192.5495057595052
2026-07-03 18:00:00,193.5016129032258,196.7147980299775
2026-07-03 19:00:00,191.1903225806452,193.64685965727585
2026-07-03 20:00:00,185.52096774193544,182.572565035273
2026-07-03 21:00:00,176.7540322580645,176.06061788776697
2026-07-03 22:00:00,177.55806451612904,181.15053070697246
2026-07-03 23:00:00,176.6709677419355,178.024868867363
2026-07-04 00:00:00,180.22016129032252,181.29428660776838
2026-07-04 01:00:00,187.1911290322581,188.07284284594667
2026-07-04 02:00:00,192.1185483870968,196.69238337452276
2026-07-04 03:00:00,202.56451612903223,206.73429885712648
2026-07-04 04:00:00,204.2185483870968,202.43333232582833
2026-07-04 05:00:00,198.6209677419355,202.41958439207667
2026-07-04 06:00:00,210.13064516129032,210.12769194645045
2026-07-04 07:00:00,205.24435483870968,204.30083455044837
2026-07-04 08:00:00,195.1491935483871,195.0439903187471
2026-07-04 09:00:00,193.7459677419355,190.31492933807064
2026-07-04 10:00:00,194.3943548387097,194.2839871921806
2026-07-04 11:00:00,188.55161290322584,187.2291236569363
2026-07-04 12:00:00,188.91612903225808,186.81883621782535
2026-07-04 13:00:00,190.6524193548387,191.52525193777757
2026-07-04 14:00:00,202.5274193548387,206.91382159397378
2026-07-04 15:00:00,202.93951612903223,202.2290882677708
2026-07-04 16:00:00,194.9774193548387,198.26900475467104
2026-07-04 17:00:00,190.0217741935484,192.5495057595052
2026-07-04 18:00:00,193.5016129032258,196.7147980299775
2026-07-04 19:00:00,191.1903225806452,193.64685965727585
2026-07-04 20:00:00,185.52096774193544,182.572565035273
2026-07-04 21:00:00,176.7540322580645,176.06061788776697
2026-07-04 22:00:00,177.55806451612904,181.15053070697246
2026-07-04 23:00:00,176.6709677419355,178.024868867363
2026-07-05 00:00:00,180.22016129032252,181.29428660776838
2026-07-05 01:00:00,187.1911290322581,188.07284284594667
2026-07-05 02:00:00,192.1185483870968,196.69238337452276
2026-07-05 03:00:00,202.56451612903223,206.73429885712648
2026-07-05 04:00:00,204.2185483870968,202.43333232582833
2026-07-05 05:00:00,198.6209677419355,202.41958439207667
2026-07-05 06:00:00,210.13064516129032,210.12769194645045
2026-07-05 07:00:00,205.24435483870968,204.30083455044837
2026-07-05 08:00:00,195.1491935483871,195.0439903187471
2026-07-05 09:00:00,193.7459677419355,190.31492933807064
2026-07-05 10:00:00,194.3943548387097,194.2839871921806
2026-07-05 11:00:00,188.55161290322584,187.2291236569363
2026-07-05 12:00:00,188.91612903225808,186.81883621782535
2026-07-05 13:00:00,190.6524193548387,191.52525193777757
2026-07-05 14:00:00,202.5274193548387,206.91382159397378
2026-07-05 15:00:00,202.93951612903223,202.2290882677708
2026-07-05 16:00:00,194.9774193548387,198.26900475467104
2026-07-05 17:00:00,190.0217741935484,192.5495057595052
2026-07-05 18:00:00,193.5016129032258,196.7147980299775
2026-07-05 19:00:00,191.1903225806452,193.64685965727585
2026-07-05 20:00:00,185.52096774193544,182.572565035273
2026-07-05 21:00:00,176.7540322580645,176.06061788776697
2026-07-05 22:00:00,177.55806451612904,181.15053070697246
2026-07-05 23:00:00,176.6709677419355,178.024868867363
2026-07-06 00:00:00,180.22016129032252,181.29428660776838
2026-07-06 01:00:00,187.1911290322581,188.07284284594667
2026-07-06 02:00:00,192.1185483870968,196.69238337452276
2026-07-06 03:00:00,202.56451612903223,206.73429885712648
2026-07-06 04:00:00,204.2185483870968,202.43333232582833
2026-07-06 05:00:00,198.6209677419355,202.41958439207667
2026-07-06 06:00:00,210.13064516129032,210.12769194645045
2026-07-06 07:00:00,205.24435483870968,204.30083455044837
2026-07-06 08:00:00,195.1491935483871,195.0439903187471
2026-07-06 09:00:00,193.7459677419355,190.31492933807064
2026-07-06 10:00:00,194.3943548387097,194.2839871921806
2026-07-06 11:00:00,188.55161290322584,187.2291236569363
2026-07-06 12:00:00,188.91612903225808,186.81883621782535
2026-07-06 13:00:00,190.6524193548387,191.52525193777757
2026-07-06 14:00:00,202.5274193548387,206.91382159397378
2026-07-06 15:00:00,202.93951612903223,202.2290882677708
2026-07-06 16:00:00,194.9774193548387,198.26900475467104
2026-07-06 17:00:00,190.0217741935484,192.5495057595052
2026-07-06 18:00:00,193.5016129032258,196.7147980299775
2026-07-06 19:00:00,191.1903225806452,193.64685965727585
2026-07-06 20:00:00,185.52096774193544,182.572565035273
2026-07-06 21:00:00,176.7540322580645,176.06061788776697
2026-07-06 22:00:00,177.55806451612904,181.15053070697246
2026-07-06 23:00:00,176.6709677419355,178.024868867363
2026-07-07 00:00:00,180.22016129032252,181.29428660776838
2026-07-07 01:00:00,187.1911290322581,188.07284284594667
2026-07-07 02:00:00,192.1185483870968,196.69238337452276
2026-07-07 03:00:00,202.56451612903223,206.73429885712648
2026-07-07 04:00:00,204.2185483870968,202.43333232582833
2026-07-07 05:00:00,198.6209677419355,202.41958439207667
2026-07-07 06:00:00,210.13064516129032,210.12769194645045
2026-07-07 07:00:00,205.24435483870968,204.30083455044837
2026-07-07 08:00:00,195.1491935483871,195.0439903187471
2026-07-07 09:00:00,193.7459677419355,190.31492933807064
2026-07-07 10:00:00,194.3943548387097,194.2839871921806
2026-07-07 11:00:00,188.55161290322584,187.2291236569363
2026-07-07 12:00:00,188.91612903225808,186.81883621782535
2026-07-07 13:00:00,190.6524193548387,191.52525193777757
2026-07-07 14:00:00,202.5274193548387,206.91382159397378
2026-07-07 15:00:00,202.93951612903223,202.2290882677708
2026-07-07 16:00:00,194.9774193548387,198.26900475467104
2026-07-07 17:00:00,190.0217741935484,192.5495057595052
2026-07-07 18:00:00,193.5016129032258,196.7147980299775
2026-07-07 19:00:00,191.1903225806452,193.64685965727585
2026-07-07 20:00:00,185.52096774193544,182.572565035273
2026-07-07 21:00:00,176.7540322580645,176.06061788776697
2026-07-07 22:00:00,177.55806451612904,181.15053070697246
2026-07-07 23:00:00,176.6709677419355,178.024868867363
2026-07-08 00:00:00,180.22016129032252,181.29428660776838
2026-07-08 01:00:00,187.1911290322581,188.07284284594667
2026-07-08 02:00:00,192.1185483870968,196.69238337452276
2026-07-08 03:00:00,202.56451612903223,206.73429885712648
2026-07-08 04:00:00,204.2185483870968,202.43333232582833
2026-07-08 05:00:00,198.6209677419355,202.41958439207667
2026-07-08 06:00:00,210.13064516129032,210.12769194645045
2026-07-08 07:00:00,205.24435483870968,204.30083455044837
2026-07-08 08:00:00,195.1491935483871,195.0439903187471
2026-07-08 09:00:00,193.7459677419355,190.31492933807064
2026-07-08 10:00:00,194.3943548387097,194.2839871921806
2026-07-08 11:00:00,188.55161290322584,187.2291236569363
2026-07-08 12:00:00,188.91612903225808,186.81883621782535
2026-07-08 13:00:00,190.6524193548387,191.52525193777757
2026-07-08 14:00:00,202.5274193548387,206.91382159397378
2026-07-08 15:00:00,202.93951612903223,202.2290882677708
2026-07-08 16:00:00,194.9774193548387,198.26900475467104
2026-07-08 17:00:00,190.0217741935484,192.5495057595052
2026-07-08 18:00:00,193.5016129032258,196.7147980299775
2026-07-08 19:00:00,191.1903225806452,193.64685965727585
2026-07-08 20:00:00,185.52096774193544,182.572565035273
2026-07-08 21:00:00,176.7540322580645,176.06061788776697
2026-07-08 22:00:00,177.55806451612904,181.15053070697246
2026-07-08 23:00:00,176.6709677419355,178.024868867363
2026-07-09 00:00:00,180.22016129032252,181.29428660776838
2026-07-09 01:00:00,187.1911290322581,188.07284284594667
2026-07-09 02:00:00,192.1185483870968,196.69238337452276
2026-07-09 03:00:00,202.56451612903223,206.73429885712648
2026-07-09 04:00:00,204.2185483870968,202.43333232582833
2026-07-09 05:00:00,198.6209677419355,202.41958439207667
2026-07-09 06:00:00,210.13064516129032,210.12769194645045
2026-07-09 07:00:00,205.24435483870968,204.30083455044837
2026-07-09 08:00:00,195.1491935483871,195.0439903187471
2026-07-09 09:00:00,193.7459677419355,190.31492933807064
2026-07-09 10:00:00,194.3943548387097,194.2839871921806
2026-07-09 11:00:00,188.55161290322584,187.2291236569363
2026-07-09 12:00:00,188.91612903225808,186.81883621782535
2026-07-09 13:00:00,190.6524193548387,191.52525193777757
2026-07-09 14:00:00,202.5274193548387,206.91382159397378
2026-07-09 15:00:00,202.93951612903223,202.2290882677708
2026-07-09 16:00:00,194.9774193548387,198.26900475467104
2026-07-09 17:00:00,190.0217741935484,192.5495057595052
2026-07-09 18:00:00,193.5016129032258,196.7147980299775
2026-07-09 19:00:00,191.1903225806452,193.64685965727585
2026-07-09 20:00:00,185.52096774193544,182.572565035273
2026-07-09 21:00:00,176.7540322580645,176.06061788776697
2026-07-09 22:00:00,177.55806451612904,181.15053070697246
2026-07-09 23:00:00,176.6709677419355,178.024868867363
2026-07-10 00:00:00,180.22016129032252,181.29428660776838
2026-07-10 01:00:00,187.1911290322581,188.07284284594667
2026-07-10 02:00:00,192.1185483870968,196.69238337452276
2026-07-10 03:00:00,202.56451612903223,206.73429885712648
2026-07-10 04:00:00,204.2185483870968,202.43333232582833
2026-07-10 05:00:00,198.6209677419355,202.41958439207667
2026-07-10 06:00:00,210.13064516129032,210.12769194645045
2026-07-10 07:00:00,205.24435483870968,204.30083455044837
2026-07-10 08:00:00,195.1491935483871,195.0439903187471
2026-07-10 09:00:00,193.7459677419355,190.31492933807064
2026-07-10 10:00:00,194.3943548387097,194.2839871921806
2026-07-10 11:00:00,188.55161290322584,187.2291236569363
2026-07-10 12:00:00,188.91612903225808,186.81883621782535
2026-07-10 13:00:00,190.6524193548387,191.52525193777757
2026-07-10 14:00:00,202.5274193548387,206.91382159397378
2026-07-10 15:00:00,202.93951612903223,202.2290882677708
2026-07-10 16:00:00,194.9774193548387,198.26900475467104
2026-07-10 17:00:00,190.0217741935484,192.5495057595052
2026-07-10 18:00:00,193.5016129032258,196.7147980299775
2026-07-10 19:00:00,191.1903225806452,193.64685965727585
2026-07-10 20:00:00,185.52096774193544,182.572565035273
2026-07-10 21:00:00,176.7540322580645,176.06061788776697
2026-07-10 22:00:00,177.55806451612904,181.15053070697246
2026-07-10 23:00:00,176.6709677419355,178.024868867363
2026-07-11 00:00:00,180.22016129032252,181.29428660776838
2026-07-11 01:00:00,187.1911290322581,188.07284284594667
2026-07-11 02:00:00,192.1185483870968,196.69238337452276
2026-07-11 03:00:00,202.56451612903223,206.73429885712648
2026-07-11 04:00:00,204.2185483870968,202.43333232582833
2026-07-11 05:00:00,198.6209677419355,202.41958439207667
2026-07-11 06:00:00,210.13064516129032,210.12769194645045
2026-07-11 07:00:00,205.24435483870968,204.30083455044837
2026-07-11 08:00:00,195.1491935483871,195.0439903187471
2026-07-11 09:00:00,193.7459677419355,190.31492933807064
2026-07-11 10:00:00,194.3943548387097,194.2839871921806
2026-07-11 11:00:00,188.55161290322584,187.2291236569363
2026-07-11 12:00:00,188.91612903225808,186.81883621782535
2026-07-11 13:00:00,190.6524193548387,191.52525193777757
2026-07-11 14:00:00,202.5274193548387,206.91382159397378
2026-07-11 15:00:00,202.93951612903223,202.2290882677708
2026-07-11 16:00:00,194.9774193548387,198.26900475467104
2026-07-11 17:00:00,190.0217741935484,192.5495057595052
2026-07-11 18:00:00,193.5016129032258,196.7147980299775
2026-07-11 19:00:00,191.1903225806452,193.64685965727585
2026-07-11 20:00:00,185.52096774193544,182.572565035273
2026-07-11 21:00:00,176.7540322580645,176.06061788776697
2026-07-11 22:00:00,177.55806451612904,181.15053070697246
2026-07-11 23:00:00,176.6709677419355,178.024868867363
2026-07-12 00:00:00,180.22016129032252,181.29428660776838
2026-07-12 01:00:00,187.1911290322581,188.07284284594667
2026-07-12 02:00:00,192.1185483870968,196.69238337452276
2026-07-12 03:00:00,202.56451612903223,206.73429885712648
2026-07-12 04:00:00,204.2185483870968,202.43333232582833
2026-07-12 05:00:00,198.6209677419355,202.41958439207667
2026-07-12 06:00:00,210.13064516129032,210.12769194645045
2026-07-12 07:00:00,205.24435483870968,204.30083455044837
2026-07-12 08:00:00,195.1491935483871,195.0439903187471
2026-07-12 09:00:00,193.7459677419355,190.31492933807064
2026-07-12 10:00:00,194.3943548387097,194.2839871921806
2026-07-12 11:00:00,188.55161290322584,187.2291236569363
2026-07-12 12:00:00,188.91612903225808,186.81883621782535
2026-07-12 13:00:00,190.6524193548387,191.52525193777757
2026-07-12 14:00:00,202.5274193548387,206.91382159397378
2026-07-12 15:00:00,202.93951612903223,202.2290882677708
2026-07-12 16:00:00,194.9774193548387,198.26900475467104
2026-07-12 17:00:00,190.0217741935484,192.5495057595052
2026-07-12 18:00:00,193.5016129032258,196.7147980299775
2026-07-12 19:00:00,191.1903225806452,193.64685965727585
2026-07-12 20:00:00,185.52096774193544,182.572565035273
2026-07-12 21:00:00,176.7540322580645,176.06061788776697
2026-07-12 22:00:00,177.55806451612904,181.15053070697246
2026-07-12 23:00:00,176.6709677419355,178.024868867363
2026-07-13 00:00:00,180.22016129032252,181.29428660776838
2026-07-13 01:00:00,187.1911290322581,188.07284284594667
2026-07-13 02:00:00,192.1185483870968,196.69238337452276
2026-07-13 03:00:00,202.56451612903223,206.73429885712648
2026-07-13 04:00:00,204.2185483870968,202.43333232582833
2026-07-13 05:00:00,198.6209677419355,202.41958439207667
2026-07-13 06:00:00,210.13064516129032,210.12769194645045
2026-07-13 07:00:00,205.24435483870968,204.30083455044837
2026-07-13 08:00:00,195.1491935483871,195.0439903187471
2026-07-13 09:00:00,193.7459677419355,190.31492933807064
2026-07-13 10:00:00,194.3943548387097,194.2839871921806
2026-07-13 11:00:00,188.55161290322584,187.2291236569363
2026-07-13 12:00:00,188.91612903225808,186.81883621782535
2026-07-13 13:00:00,190.6524193548387,191.52525193777757
2026-07-13 14:00:00,202.5274193548387,206.91382159397378
2026-07-13 15:00:00,202.93951612903223,202.2290882677708
2026-07-13 16:00:00,194.9774193548387,198.26900475467104
2026-07-13 17:00:00,190.0217741935484,192.5495057595052
2026-07-13 18:00:00,193.5016129032258,196.7147980299775
2026-07-13 19:00:00,191.1903225806452,193.64685965727585
2026-07-13 20:00:00,185.52096774193544,182.572565035273
2026-07-13 21:00:00,176.7540322580645,176.06061788776697
2026-07-13 22:00:00,177.55806451612904,181.15053070697246
2026-07-13 23:00:00,176.6709677419355,178.024868867363
2026-07-14 00:00:00,180.22016129032252,181.29428660776838
2026-07-14 01:00:00,187.1911290322581,188.07284284594667
2026-07-14 02:00:00,192.1185483870968,196.69238337452276
2026-07-14 03:00:00,202.56451612903223,206.73429885712648
2026-07-14 04:00:00,204.2185483870968,202.43333232582833
2026-07-14 05:00:00,198.6209677419355,202.41958439207667
2026-07-14 06:00:00,210.13064516129032,210.12769194645045
2026-07-14 07:00:00,205.24435483870968,204.30083455044837
2026-07-14 08:00:00,195.1491935483871,195.0439903187471
2026-07-14 09:00:00,193.7459677419355,190.31492933807064
2026-07-14 10:00:00,194.3943548387097,194.2839871921806
2026-07-14 11:00:00,188.55161290322584,187.2291236569363
2026-07-14 12:00:00,188.91612903225808,186.81883621782535
2026-07-14 13:00:00,190.6524193548387,191.52525193777757
2026-07-14 14:00:00,202.5274193548387,206.91382159397378
2026-07-14 15:00:00,202.93951612903223,202.2290882677708
2026-07-14 16:00:00,194.9774193548387,198.26900475467104
2026-07-14 17:00:00,190.0217741935484,192.5495057595052
2026-07-14 18:00:00,193.5016129032258,196.7147980299775
2026-07-14 19:00:00,191.1903225806452,193.64685965727585
2026-07-14 20:00:00,185.52096774193544,182.572565035273
2026-07-14 21:00:00,176.7540322580645,176.06061788776697
2026-07-14 22:00:00,177.55806451612904,181.15053070697246
2026-07-14 23:00:00,176.6709677419355,178.024868867363
2026-07-15 00:00:00,180.22016129032252,181.29428660776838
2026-07-15 01:00:00,187.1911290322581,188.07284284594667
2026-07-15 02:00:00,192.1185483870968,196.69238337452276
2026-07-15 03:00:00,202.56451612903223,206.73429885712648
2026-07-15 04:00:00,204.2185483870968,202.43333232582833
2026-07-15 05:00:00,198.6209677419355,202.41958439207667
2026-07-15 06:00:00,210.13064516129032,210.12769194645045
2026-07-15 07:00:00,205.24435483870968,204.30083455044837
2026-07-15 08:00:00,195.1491935483871,195.0439903187471
2026-07-15 09:00:00,193.7459677419355,190.31492933807064
2026-07-15 10:00:00,194.3943548387097,194.2839871921806
2026-07-15 11:00:00,188.55161290322584,187.2291236569363
2026-07-15 12:00:00,188.91612903225808,186.81883621782535
2026-07-15 13:00:00,190.6524193548387,191.52525193777757
2026-07-15 14:00:00,202.5274193548387,206.91382159397378
2026-07-15 15:00:00,202.93951612903223,202.2290882677708
2026-07-15 16:00:00,194.9774193548387,198.26900475467104
2026-07-15 17:00:00,190.0217741935484,192.5495057595052
2026-07-15 18:00:00,193.5016129032258,196.7147980299775
2026-07-15 19:00:00,191.1903225806452,193.64685965727585
2026-07-15 20:00:00,185.52096774193544,182.572565035273
2026-07-15 21:00:00,176.7540322580645,176.06061788776697
2026-07-15 22:00:00,177.55806451612904,181.15053070697246
2026-07-15 23:00:00,176.6709677419355,178.024868867363
2026-07-16 00:00:00,180.22016129032252,181.29428660776838
2026-07-16 01:00:00,187.1911290322581,188.07284284594667
2026-07-16 02:00:00,192.1185483870968,196.69238337452276
2026-07-16 03:00:00,202.56451612903223,206.73429885712648
2026-07-16 04:00:00,204.2185483870968,202.43333232582833
2026-07-16 05:00:00,198.6209677419355,202.41958439207667
2026-07-16 06:00:00,210.13064516129032,210.12769194645045
2026-07-16 07:00:00,205.24435483870968,204.30083455044837
2026-07-16 08:00:00,195.1491935483871,195.0439903187471
2026-07-16 09:00:00,193.7459677419355,190.31492933807064
2026-07-16 10:00:00,194.3943548387097,194.2839871921806
2026-07-16 11:00:00,188.55161290322584,187.2291236569363
2026-07-16 12:00:00,188.91612903225808,186.81883621782535
2026-07-16 13:00:00,190.6524193548387,191.52525193777757
2026-07-16 14:00:00,202.5274193548387,206.91382159397378
2026-07-16 15:00:00,202.93951612903223,202.2290882677708
2026-07-16 16:00:00,194.9774193548387,198.26900475467104
2026-07-16 17:00:00,190.0217741935484,192.5495057595052
2026-07-16 18:00:00,193.5016129032258,196.7147980299775
2026-07-16 19:00:00,191.1903225806452,193.64685965727585
2026-07-16 20:00:00,185.52096774193544,182.572565035273
2026-07-16 21:00:00,176.7540322580645,176.06061788776697
2026-07-16 22:00:00,177.55806451612904,181.15053070697246
2026-07-16 23:00:00,176.6709677419355,178.024868867363
2026-07-17 00:00:00,180.22016129032252,181.29428660776838
2026-07-17 01:00:00,187.1911290322581,188.07284284594667
2026-07-17 02:00:00,192.1185483870968,196.69238337452276
2026-07-17 03:00:00,202.56451612903223,206.73429885712648
2026-07-17 04:00:00,204.2185483870968,202.43333232582833
2026-07-17 05:00:00,198.6209677419355,202.41958439207667
2026-07-17 06:00:00,210.13064516129032,210.12769194645045
2026-07-17 07:00:00,205.24435483870968,204.30083455044837
2026-07-17 08:00:00,195.1491935483871,195.0439903187471
2026-07-17 09:00:00,193.7459677419355,190.31492933807064
2026-07-17 10:00:00,194.3943548387097,194.2839871921806
2026-07-17 11:00:00,188.55161290322584,187.2291236569363
2026-07-17 12:00:00,188.91612903225808,186.81883621782535
2026-07-17 13:00:00,190.6524193548387,191.52525193777757
2026-07-17 14:00:00,202.5274193548387,206.91382159397378
2026-07-17 15:00:00,202.93951612903223,202.2290882677708
2026-07-17 16:00:00,194.9774193548387,198.26900475467104
2026-07-17 17:00:00,190.0217741935484,192.5495057595052
2026-07-17 18:00:00,193.5016129032258,196.7147980299775
2026-07-17 19:00:00,191.1903225806452,193.64685965727585
2026-07-17 20:00:00,185.52096774193544,182.572565035273
2026-07-17 21:00:00,176.7540322580645,176.06061788776697
2026-07-17 22:00:00,177.55806451612904,181.15053070697246
2026-07-17 23:00:00,176.6709677419355,178.024868867363
2026-07-18 00:00:00,180.22016129032252,181.29428660776838
2026-07-18 01:00:00,187.1911290322581,188.07284284594667
2026-07-18 02:00:00,192.1185483870968,196.69238337452276
2026-07-18 03:00:00,202.56451612903223,206.73429885712648
2026-07-18 04:00:00,204.2185483870968,202.43333232582833
2026-07-18 05:00:00,198.6209677419355,202.41958439207667
2026-07-18 06:00:00,210.13064516129032,210.12769194645045
2026-07-18 07:00:00,205.24435483870968,204.30083455044837
2026-07-18 08:00:00,195.1491935483871,195.0439903187471
2026-07-18 09:00:00,193.7459677419355,190.31492933807064
2026-07-18 10:00:00,194.3943548387097,194.2839871921806
2026-07-18 11:00:00,188.55161290322584,187.2291236569363
2026-07-18 12:00:00,188.91612903225808,186.81883621782535
2026-07-18 13:00:00,190.6524193548387,191.52525193777757
2026-07-18 14:00:00,202.5274193548387,206.91382159397378
2026-07-18 15:00:00,202.93951612903223,202.2290882677708
2026-07-18 16:00:00,194.9774193548387,198.26900475467104
2026-07-18 17:00:00,190.0217741935484,192.5495057595052
2026-07-18 18:00:00,193.5016129032258,196.7147980299775
2026-07-18 19:00:00,191.1903225806452,193.64685965727585
2026-07-18 20:00:00,185.52096774193544,182.572565035273
2026-07-18 21:00:00,176.7540322580645,176.06061788776697
2026-07-18 22:00:00,177.55806451612904,181.15053070697246
2026-07-18 23:00:00,176.6709677419355,178.024868867363
2026-07-19 00:00:00,180.22016129032252,181.29428660776838
2026-07-19 01:00:00,187.1911290322581,188.07284284594667
2026-07-19 02:00:00,192.1185483870968,196.69238337452276
2026-07-19 03:00:00,202.56451612903223,206.73429885712648
2026-07-19 04:00:00,204.2185483870968,202.43333232582833
2026-07-19 05:00:00,198.6209677419355,202.41958439207667
2026-07-19 06:00:00,210.13064516129032,210.12769194645045
2026-07-19 07:00:00,205.24435483870968,204.30083455044837
2026-07-19 08:00:00,195.1491935483871,195.0439903187471
2026-07-19 09:00:00,193.7459677419355,190.31492933807064
2026-07-19 10:00:00,194.3943548387097,194.2839871921806
2026-07-19 11:00:00,188.55161290322584,187.2291236569363
2026-07-19 12:00:00,188.91612903225808,186.81883621782535
2026-07-19 13:00:00,190.6524193548387,191.52525193777757
2026-07-19 14:00:00,202.5274193548387,206.91382159397378
2026-07-19 15:00:00,202.93951612903223,202.2290882677708
2026-07-19 16:00:00,194.9774193548387,198.26900475467104
2026-07-19 17:00:00,190.0217741935484,192.5495057595052
2026-07-19 18:00:00,193.5016129032258,196.7147980299775
2026-07-19 19:00:00,191.1903225806452,193.64685965727585
2026-07-19 20:00:00,185.52096774193544,182.572565035273
2026-07-19 21:00:00,176.7540322580645,176.06061788776697
2026-07-19 22:00:00,177.55806451612904,181.15053070697246
2026-07-19 23:00:00,176.6709677419355,178.024868867363
2026-07-20 00:00:00,180.22016129032252,181.29428660776838
2026-07-20 01:00:00,187.1911290322581,188.07284284594667
2026-07-20 02:00:00,192.1185483870968,196.69238337452276
2026-07-20 03:00:00,202.56451612903223,206.73429885712648
2026-07-20 04:00:00,204.2185483870968,202.43333232582833
2026-07-20 05:00:00,198.6209677419355,202.41958439207667
2026-07-20 06:00:00,210.13064516129032,210.12769194645045
2026-07-20 07:00:00,205.24435483870968,204.30083455044837
2026-07-20 08:00:00,195.1491935483871,195.0439903187471
2026-07-20 09:00:00,193.7459677419355,190.31492933807064
2026-07-20 10:00:00,194.3943548387097,194.2839871921806
2026-07-20 11:00:00,188.55161290322584,187.2291236569363
2026-07-20 12:00:00,188.91612903225808,186.81883621782535
2026-07-20 13:00:00,190.6524193548387,191.52525193777757
2026-07-20 14:00:00,202.5274193548387,206.91382159397378
2026-07-20 15:00:00,202.93951612903223,202.2290882677708
2026-07-20 16:00:00,194.9774193548387,198.26900475467104
2026-07-20 17:00:00,190.0217741935484,192.5495057595052
2026-07-20 18:00:00,193.5016129032258,196.7147980299775
2026-07-20 19:00:00,191.1903225806452,193.64685965727585
2026-07-20 20:00:00,185.52096774193544,182.572565035273
2026-07-20 21:00:00,176.7540322580645,176.06061788776697
2026-07-20 22:00:00,177.55806451612904,181.15053070697246
2026-07-20 23:00:00,176.6709677419355,178.024868867363
2026-07-21 00:00:00,180.22016129032252,181.29428660776838
2026-07-21 01:00:00,187.1911290322581,188.07284284594667
2026-07-21 02:00:00,192.1185483870968,196.69238337452276
2026-07-21 03:00:00,202.56451612903223,206.73429885712648
2026-07-21 04:00:00,204.2185483870968,202.43333232582833
2026-07-21 05:00:00,198.6209677419355,202.41958439207667
2026-07-21 06:00:00,210.13064516129032,210.12769194645045
2026-07-21 07:00:00,205.24435483870968,204.30083455044837
2026-07-21 08:00:00,195.1491935483871,195.0439903187471
2026-07-21 09:00:00,193.7459677419355,190.31492933807064
2026-07-21 10:00:00,194.3943548387097,194.2839871921806
2026-07-21 11:00:00,188.55161290322584,187.2291236569363
2026-07-21 12:00:00,188.91612903225808,186.81883621782535
2026-07-21 13:00:00,190.6524193548387,191.52525193777757
2026-07-21 14:00:00,202.5274193548387,206.91382159397378
2026-07-21 15:00:00,202.93951612903223,202.2290882677708
2026-07-21 16:00:00,194.9774193548387,198.26900475467104
2026-07-21 17:00:00,190.0217741935484,192.5495057595052
2026-07-21 18:00:00,193.5016129032258,196.7147980299775
2026-07-21 19:00:00,191.1903225806452,193.64685965727585
2026-07-21 20:00:00,185.52096774193544,182.572565035273
2026-07-21 21:00:00,176.7540322580645,176.06061788776697
2026-07-21 22:00:00,177.55806451612904,181.15053070697246
2026-07-21 23:00:00,176.6709677419355,178.024868867363
2026-07-22 00:00:00,180.22016129032252,181.29428660776838
2026-07-22 01:00:00,187.1911290322581,188.07284284594667
2026-07-22 02:00:00,192.1185483870968,196.69238337452276
2026-07-22 03:00:00,202.56451612903223,206.73429885712648
2026-07-22 04:00:00,204.2185483870968,202.43333232582833
2026-07-22 05:00:00,198.6209677419355,202.41958439207667
2026-07-22 06:00:00,210.13064516129032,210.12769194645045
2026-07-22 07:00:00,205.24435483870968,204.30083455044837
2026-07-22 08:00:00,195.1491935483871,195.0439903187471
2026-07-22 09:00:00,193.7459677419355,190.31492933807064
2026-07-22 10:00:00,194.3943548387097,194.2839871921806
2026-07-22 11:00:00,188.55161290322584,187.2291236569363
2026-07-22 12:00:00,188.91612903225808,186.81883621782535
2026-07-22 13:00:00,190.6524193548387,191.52525193777757
2026-07-22 14:00:00,202.5274193548387,206.91382159397378
2026-07-22 15:00:00,202.93951612903223,202.2290882677708
2026-07-22 16:00:00,194.9774193548387,198.26900475467104
2026-07-22 17:00:00,190.0217741935484,192.5495057595052
2026-07-22 18:00:00,193.5016129032258,196.7147980299775
2026-07-22 19:00:00,191.1903225806452,193.64685965727585
2026-07-22 20:00:00,185.52096774193544,182.572565035273
2026-07-22 21:00:00,176.7540322580645,176.06061788776697
2026-07-22 22:00:00,177.55806451612904,181.15053070697246
2026-07-22 23:00:00,176.6709677419355,178.024868867363
2026-07-23 00:00:00,180.22016129032252,181.29428660776838
2026-07-23 01:00:00,187.1911290322581,188.07284284594667
2026-07-23 02:00:00,192.1185483870968,196.69238337452276
2026-07-23 03:00:00,202.56451612903223,206.73429885712648
2026-07-23 04:00:00,204.2185483870968,202.43333232582833
2026-07-23 05:00:00,198.6209677419355,202.41958439207667
2026-07-23 06:00:00,210.13064516129032,210.12769194645045
2026-07-23 07:00:00,205.24435483870968,204.30083455044837
2026-07-23 08:00:00,195.1491935483871,195.0439903187471
2026-07-23 09:00:00,193.7459677419355,190.31492933807064
2026-07-23 10:00:00,194.3943548387097,194.2839871921806
2026-07-23 11:00:00,188.55161290322584,187.2291236569363
2026-07-23 12:00:00,188.91612903225808,186.81883621782535
2026-07-23 13:00:00,190.6524193548387,191.52525193777757
2026-07-23 14:00:00,202.5274193548387,206.91382159397378
2026-07-23 15:00:00,202.93951612903223,202.2290882677708
2026-07-23 16:00:00,194.9774193548387,198.26900475467104
2026-07-23 17:00:00,190.0217741935484,192.5495057595052
2026-07-23 18:00:00,193.5016129032258,196.7147980299775
2026-07-23 19:00:00,191.1903225806452,193.64685965727585
2026-07-23 20:00:00,185.52096774193544,182.572565035273
2026-07-23 21:00:00,176.7540322580645,176.06061788776697
2026-07-23 22:00:00,177.55806451612904,181.15053070697246
2026-07-23 23:00:00,176.6709677419355,178.024868867363
2026-07-24 00:00:00,180.22016129032252,181.29428660776838
2026-07-24 01:00:00,187.1911290322581,188.07284284594667
2026-07-24 02:00:00,192.1185483870968,196.69238337452276
2026-07-24 03:00:00,202.56451612903223,206.73429885712648
2026-07-24 04:00:00,204.2185483870968,202.43333232582833
2026-07-24 05:00:00,198.6209677419355,202.41958439207667
2026-07-24 06:00:00,210.13064516129032,210.12769194645045
2026-07-24 07:00:00,205.24435483870968,204.30083455044837
2026-07-24 08:00:00,195.1491935483871,195.0439903187471
2026-07-24 09:00:00,193.7459677419355,190.31492933807064
2026-07-24 10:00:00,194.3943548387097,194.2839871921806
2026-07-24 11:00:00,188.55161290322584,187.2291236569363
2026-07-24 12:00:00,188.91612903225808,186.81883621782535
2026-07-24 13:00:00,190.6524193548387,191.52525193777757
2026-07-24 14:00:00,202.5274193548387,206.91382159397378
2026-07-24 15:00:00,202.93951612903223,202.2290882677708
2026-07-24 16:00:00,194.9774193548387,198.26900475467104
2026-07-24 17:00:00,190.0217741935484,192.5495057595052
2026-07-24 18:00:00,193.5016129032258,196.7147980299775
2026-07-24 19:00:00,191.1903225806452,193.64685965727585
2026-07-24 20:00:00,185.52096774193544,182.572565035273
2026-07-24 21:00:00,176.7540322580645,176.06061788776697
2026-07-24 22:00:00,177.55806451612904,181.15053070697246
2026-07-24 23:00:00,176.6709677419355,178.024868867363
2026-07-25 00:00:00,180.22016129032252,181.29428660776838
2026-07-25 01:00:00,187.1911290322581,188.07284284594667
2026-07-25 02:00:00,192.1185483870968,196.69238337452276
2026-07-25 03:00:00,202.56451612903223,206.73429885712648
2026-07-25 04:00:00,204.2185483870968,202.43333232582833
2026-07-25 05:00:00,198.6209677419355,202.41958439207667
2026-07-25 06:00:00,210.13064516129032,210.12769194645045
2026-07-25 07:00:00,205.24435483870968,204.30083455044837
2026-07-25 08:00:00,195.1491935483871,195.0439903187471
2026-07-25 09:00:00,193.7459677419355,190.31492933807064
2026-07-25 10:00:00,194.3943548387097,194.2839871921806
2026-07-25 11:00:00,188.55161290322584,187.2291236569363
2026-07-25 12:00:00,188.91612903225808,186.81883621782535
2026-07-25 13:00:00,190.6524193548387,191.52525193777757
2026-07-25 14:00:00,202.5274193548387,206.91382159397378
2026-07-25 15:00:00,202.93951612903223,202.2290882677708
2026-07-25 16:00:00,194.9774193548387,198.26900475467104
2026-07-25 17:00:00,190.0217741935484,192.5495057595052
2026-07-25 18:00:00,193.5016129032258,196.7147980299775
2026-07-25 19:00:00,191.1903225806452,193.64685965727585
2026-07-25 20:00:00,185.52096774193544,182.572565035273
2026-07-25 21:00:00,176.7540322580645,176.06061788776697
2026-07-25 22:00:00,177.55806451612904,181.15053070697246
2026-07-25 23:00:00,176.6709677419355,178.024868867363
2026-07-26 00:00:00,180.22016129032252,181.29428660776838
2026-07-26 01:00:00,187.1911290322581,188.07284284594667
2026-07-26 02:00:00,192.1185483870968,196.69238337452276
2026-07-26 03:00:00,202.56451612903223,206.73429885712648
2026-07-26 04:00:00,204.2185483870968,202.43333232582833
2026-07-26 05:00:00,198.6209677419355,202.41958439207667
2026-07-26 06:00:00,210.13064516129032,210.12769194645045
2026-07-26 07:00:00,205.24435483870968,204.30083455044837
2026-07-26 08:00:00,195.1491935483871,195.0439903187471
2026-07-26 09:00:00,193.7459677419355,190.31492933807064
2026-07-26 10:00:00,194.3943548387097,194.2839871921806
2026-07-26 11:00:00,188.55161290322584,187.2291236569363
2026-07-26 12:00:00,188.91612903225808,186.81883621782535
2026-07-26 13:00:00,190.6524193548387,191.52525193777757
2026-07-26 14:00:00,202.5274193548387,206.91382159397378
2026-07-26 15:00:00,202.93951612903223,202.2290882677708
2026-07-26 16:00:00,194.9774193548387,198.26900475467104
2026-07-26 17:00:00,190.0217741935484,192.5495057595052
2026-07-26 18:00:00,193.5016129032258,196.7147980299775
2026-07-26 19:00:00,191.1903225806452,193.64685965727585
2026-07-26 20:00:00,185.52096774193544,182.572565035273
2026-07-26 21:00:00,176.7540322580645,176.06061788776697
2026-07-26 22:00:00,177.55806451612904,181.15053070697246
2026-07-26 23:00:00,176.6709677419355,178.024868867363
2026-07-27 00:00:00,180.22016129032252,181.29428660776838
2026-07-27 01:00:00,187.1911290322581,188.07284284594667
2026-07-27 02:00:00,192.1185483870968,196.69238337452276
2026-07-27 03:00:00,202.56451612903223,206.73429885712648
2026-07-27 04:00:00,204.2185483870968,202.43333232582833
2026-07-27 05:00:00,198.6209677419355,202.41958439207667
2026-07-27 06:00:00,210.13064516129032,210.12769194645045
2026-07-27 07:00:00,205.24435483870968,204.30083455044837
2026-07-27 08:00:00,195.1491935483871,195.0439903187471
2026-07-27 09:00:00,193.7459677419355,190.31492933807064
2026-07-27 10:00:00,194.3943548387097,194.2839871921806
2026-07-27 11:00:00,188.55161290322584,187.2291236569363
2026-07-27 12:00:00,188.91612903225808,186.81883621782535
2026-07-27 13:00:00,190.6524193548387,191.52525193777757
2026-07-27 14:00:00,202.5274193548387,206.91382159397378
2026-07-27 15:00:00,202.93951612903223,202.2290882677708
2026-07-27 16:00:00,194.9774193548387,198.26900475467104
2026-07-27 17:00:00,190.0217741935484,192.5495057595052
2026-07-27 18:00:00,193.5016129032258,196.7147980299775
2026-07-27 19:00:00,191.1903225806452,193.64685965727585
2026-07-27 20:00:00,185.52096774193544,182.572565035273
2026-07-27 21:00:00,176.7540322580645,176.06061788776697
2026-07-27 22:00:00,177.55806451612904,181.15053070697246
2026-07-27 23:00:00,176.6709677419355,178.024868867363
2026-07-28 00:00:00,180.22016129032252,181.29428660776838
2026-07-28 01:00:00,187.1911290322581,188.07284284594667
2026-07-28 02:00:00,192.1185483870968,196.69238337452276
2026-07-28 03:00:00,202.56451612903223,206.73429885712648
2026-07-28 04:00:00,204.2185483870968,202.43333232582833
2026-07-28 05:00:00,198.6209677419355,202.41958439207667
2026-07-28 06:00:00,210.13064516129032,210.12769194645045
2026-07-28 07:00:00,205.24435483870968,204.30083455044837
2026-07-28 08:00:00,195.1491935483871,195.0439903187471
2026-07-28 09:00:00,193.7459677419355,190.31492933807064
2026-07-28 10:00:00,194.3943548387097,194.2839871921806
2026-07-28 11:00:00,188.55161290322584,187.2291236569363
2026-07-28 12:00:00,188.91612903225808,186.81883621782535
2026-07-28 13:00:00,190.6524193548387,191.52525193777757
2026-07-28 14:00:00,202.5274193548387,206.91382159397378
2026-07-28 15:00:00,202.93951612903223,202.2290882677708
2026-07-28 16:00:00,194.9774193548387,198.26900475467104
2026-07-28 17:00:00,190.0217741935484,192.5495057595052
2026-07-28 18:00:00,193.5016129032258,196.7147980299775
2026-07-28 19:00:00,191.1903225806452,193.64685965727585
2026-07-28 20:00:00,185.52096774193544,182.572565035273
2026-07-28 21:00:00,176.7540322580645,176.06061788776697
2026-07-28 22:00:00,177.55806451612904,181.15053070697246
2026-07-28 23:00:00,176.6709677419355,178.024868867363
2026-07-29 00:00:00,180.22016129032252,181.29428660776838
2026-07-29 01:00:00,187.1911290322581,188.07284284594667
2026-07-29 02:00:00,192.1185483870968,196.69238337452276
2026-07-29 03:00:00,202.56451612903223,206.73429885712648
2026-07-29 04:00:00,204.2185483870968,202.43333232582833
2026-07-29 05:00:00,198.6209677419355,202.41958439207667
2026-07-29 06:00:00,210.13064516129032,210.12769194645045
2026-07-29 07:00:00,205.24435483870968,204.30083455044837
2026-07-29 08:00:00,195.1491935483871,195.0439903187471
2026-07-29 09:00:00,193.7459677419355,190.31492933807064
2026-07-29 10:00:00,194.3943548387097,194.2839871921806
2026-07-29 11:00:00,188.55161290322584,187.2291236569363
2026-07-29 12:00:00,188.91612903225808,186.81883621782535
2026-07-29 13:00:00,190.6524193548387,191.52525193777757
2026-07-29 14:00:00,202.5274193548387,206.91382159397378
2026-07-29 15:00:00,202.93951612903223,202.2290882677708
2026-07-29 16:00:00,194.9774193548387,198.26900475467104
2026-07-29 17:00:00,190.0217741935484,192.5495057595052
2026-07-29 18:00:00,193.5016129032258,196.7147980299775
2026-07-29 19:00:00,191.1903225806452,193.64685965727585
2026-07-29 20:00:00,185.52096774193544,182.572565035273
2026-07-29 21:00:00,176.7540322580645,176.06061788776697
2026-07-29 22:00:00,177.55806451612904,181.15053070697246
2026-07-29 23:00:00,176.6709677419355,178.024868867363
2026-07-30 00:00:00,180.22016129032252,181.29428660776838
2026-07-30 01:00:00,187.1911290322581,188.07284284594667
2026-07-30 02:00:00,192.1185483870968,196.69238337452276
2026-07-30 03:00:00,202.56451612903223,206.73429885712648
2026-07-30 04:00:00,204.2185483870968,202.43333232582833
2026-07-30 05:00:00,198.6209677419355,202.41958439207667
2026-07-30 06:00:00,210.13064516129032,210.12769194645045
2026-07-30 07:00:00,205.24435483870968,204.30083455044837
2026-07-30 08:00:00,195.1491935483871,195.0439903187471
2026-07-30 09:00:00,193.7459677419355,190.31492933807064
2026-07-30 10:00:00,194.3943548387097,194.2839871921806
2026-07-30 11:00:00,188.55161290322584,187.2291236569363
2026-07-30 12:00:00,188.91612903225808,186.81883621782535
2026-07-30 13:00:00,190.6524193548387,191.52525193777757
2026-07-30 14:00:00,202.5274193548387,206.91382159397378
2026-07-30 15:00:00,202.93951612903223,202.2290882677708
2026-07-30 16:00:00,194.9774193548387,198.26900475467104
2026-07-30 17:00:00,190.0217741935484,192.5495057595052
2026-07-30 18:00:00,193.5016129032258,196.7147980299775
2026-07-30 19:00:00,191.1903225806452,193.64685965727585
2026-07-30 20:00:00,185.52096774193544,182.572565035273
2026-07-30 21:00:00,176.7540322580645,176.06061788776697
2026-07-30 22:00:00,177.55806451612904,181.15053070697246
2026-07-30 23:00:00,176.6709677419355,178.024868867363
2026-07-31 00:00:00,180.22016129032252,181.29428660776838
2026-07-31 01:00:00,187.1911290322581,188.07284284594667
2026-07-31 02:00:00,192.1185483870968,196.69238337452276
2026-07-31 03:00:00,202.56451612903223,206.73429885712648
2026-07-31 04:00:00,204.2185483870968,202.43333232582833
2026-07-31 05:00:00,198.6209677419355,202.41958439207667
2026-07-31 06:00:00,210.13064516129032,210.12769194645045
2026-07-31 07:00:00,205.24435483870968,204.30083455044837
2026-07-31 08:00:00,195.1491935483871,195.0439903187471
2026-07-31 09:00:00,193.7459677419355,190.31492933807064
2026-07-31 10:00:00,194.3943548387097,194.2839871921806
2026-07-31 11:00:00,188.55161290322584,187.2291236569363
2026-07-31 12:00:00,188.91612903225808,186.81883621782535
2026-07-31 13:00:00,190.6524193548387,191.52525193777757
2026-07-31 14:00:00,202.5274193548387,206.91382159397378
2026-07-31 15:00:00,202.93951612903223,202.2290882677708
2026-07-31 16:00:00,194.9774193548387,198.26900475467104
2026-07-31 17:00:00,190.0217741935484,192.5495057595052
2026-07-31 18:00:00,193.5016129032258,196.7147980299775
2026-07-31 19:00:00,191.1903225806452,193.64685965727585
2026-07-31 20:00:00,185.52096774193544,182.572565035273
2026-07-31 21:00:00,176.7540322580645,176.06061788776697
2026-07-31 22:00:00,177.55806451612904,181.15053070697246
2026-07-31 23:00:00,176.6709677419355,178.024868867363
2026-08-01 00:00:00,200.5572580645161,202.06061980297608
2026-08-01 01:00:00,200.82016129032257,199.8865371565176
2026-08-01 02:00:00,203.69758064516128,205.04725486885957
2026-08-01 03:00:00,208.708064516129,208.4256384534414
2026-08-01 04:00:00,206.60645161290324,207.29363026496569
2026-08-01 05:00:00,205.6153225806452,204.34498827253742
2026-08-01 06:00:00,216.20967741935485,217.23906862300078
2026-08-01 07:00:00,217.23145161290324,218.44513135109275
2026-08-01 08:00:00,204.9741935483871,205.27950788607157
2026-08-01 09:00:00,204.8524193548387,202.27796297195314
2026-08-01 10:00:00,204.93790322580645,205.6924742393078
2026-08-01 11:00:00,207.5096774193549,210.8114285876436
2026-08-01 12:00:00,208.8483870967742,214.71886193333256
2026-08-01 13:00:00,209.9193548387097,210.79912817792408
2026-08-01 14:00:00,208.6266129032258,210.0464451651816
2026-08-01 15:00:00,210.43790322580645,213.79788001570452
2026-08-01 16:00:00,213.05967741935484,214.929055704926
2026-08-01 17:00:00,204.64274193548388,204.776355958978
2026-08-01 18:00:00,202.8798387096774,204.50550844102762
2026-08-01 19:00:00,202.283870967742,203.91204728402823
2026-08-01 20:00:00,196.87016129032256,196.96072936142994
2026-08-01 21:00:00,195.55,192.47876676191132
2026-08-01 22:00:00,187.1258064516129,185.2349539998086
2026-08-01 23:00:00,189.0790322580645,189.49924461675505
2026-08-02 00:00:00,200.5572580645161,205.509661313983
2026-08-02 01:00:00,200.82016129032257,200.61784536048853
2026-08-02 02:00:00,203.69758064516128,204.79185630936527
2026-08-02 03:00:00,208.708064516129,208.7109223778257
2026-08-02 04:00:00,206.60645161290324,208.08009212018482
2026-08-02 05:00:00,205.6153225806452,204.84737086138483
2026-08-02 06:00:00,216.20967741935485,217.08341216696385
2026-08-02 07:00:00,217.23145161290324,218.54119107395266
2026-08-02 08:00:00,204.9741935483871,205.5758240233659
2026-08-02 09:00:00,204.8524193548387,204.05867644502032
2026-08-02 10:00:00,204.93790322580645,205.33251063126232
2026-08-02 11:00:00,207.5096774193549,210.4825674675291
2026-08-02 12:00:00,208.8483870967742,214.71886193333256
2026-08-02 13:00:00,209.9193548387097,210.79912817792408
2026-08-02 14:00:00,208.6266129032258,210.0464451651816
2026-08-02 15:00:00,210.43790322580645,213.79788001570452
2026-08-02 16:00:00,213.05967741935484,214.929055704926
2026-08-02 17:00:00,204.64274193548388,204.776355958978
2026-08-02 18:00:00,202.8798387096774,204.50550844102762
2026-08-02 19:00:00,202.283870967742,203.91204728402823
2026-08-02 20:00:00,196.87016129032256,196.96072936142994
2026-08-02 21:00:00,195.55,192.47876676191132
2026-08-02 22:00:00,187.1258064516129,185.2349539998086
2026-08-02 23:00:00,189.0790322580645,189.49924461675505
2026-08-03 00:00:00,200.5572580645161,205.509661313983
2026-08-03 01:00:00,200.82016129032257,200.61784536048853
2026-08-03 02:00:00,203.69758064516128,204.79185630936527
2026-08-03 03:00:00,208.708064516129,208.7109223778257
2026-08-03 04:00:00,206.60645161290324,208.08009212018482
2026-08-03 05:00:00,205.6153225806452,204.84737086138483
2026-08-03 06:00:00,216.20967741935485,217.08341216696385
2026-08-03 07:00:00,217.23145161290324,218.54119107395266
2026-08-03 08:00:00,204.9741935483871,205.5758240233659
2026-08-03 09:00:00,204.8524193548387,204.05867644502032
2026-08-03 10:00:00,204.93790322580645,205.33251063126232
2026-08-03 11:00:00,207.5096774193549,210.4825674675291
2026-08-03 12:00:00,208.8483870967742,214.71886193333256
2026-08-03 13:00:00,209.9193548387097,210.79912817792408
2026-08-03 14:00:00,208.6266129032258,210.0464451651816
2026-08-03 15:00:00,210.43790322580645,213.79788001570452
2026-08-03 16:00:00,213.05967741935484,214.929055704926
2026-08-03 17:00:00,204.64274193548388,204.776355958978
2026-08-03 18:00:00,202.8798387096774,204.50550844102762
2026-08-03 19:00:00,202.283870967742,203.91204728402823
2026-08-03 20:00:00,196.87016129032256,196.96072936142994
2026-08-03 21:00:00,195.55,192.47876676191132
2026-08-03 22:00:00,187.1258064516129,185.2349539998086
2026-08-03 23:00:00,189.0790322580645,189.49924461675505
2026-08-04 00:00:00,200.5572580645161,205.509661313983
2026-08-04 01:00:00,200.82016129032257,200.61784536048853
2026-08-04 02:00:00,203.69758064516128,204.79185630936527
2026-08-04 03:00:00,208.708064516129,208.7109223778257
2026-08-04 04:00:00,206.60645161290324,208.08009212018482
2026-08-04 05:00:00,205.6153225806452,204.84737086138483
2026-08-04 06:00:00,216.20967741935485,217.08341216696385
2026-08-04 07:00:00,217.23145161290324,218.54119107395266
2026-08-04 08:00:00,204.9741935483871,205.5758240233659
2026-08-04 09:00:00,204.8524193548387,204.05867644502032
2026-08-04 10:00:00,204.93790322580645,205.33251063126232
2026-08-04 11:00:00,207.5096774193549,210.4825674675291
2026-08-04 12:00:00,208.8483870967742,214.71886193333256
2026-08-04 13:00:00,209.9193548387097,210.79912817792408
2026-08-04 14:00:00,208.6266129032258,210.0464451651816
2026-08-04 15:00:00,210.43790322580645,213.79788001570452
2026-08-04 16:00:00,213.05967741935484,214.929055704926
2026-08-04 17:00:00,204.64274193548388,204.776355958978
2026-08-04 18:00:00,202.8798387096774,204.50550844102762
2026-08-04 19:00:00,202.283870967742,203.91204728402823
2026-08-04 20:00:00,196.87016129032256,196.96072936142994
2026-08-04 21:00:00,195.55,192.47876676191132
2026-08-04 22:00:00,187.1258064516129,185.2349539998086
2026-08-04 23:00:00,189.0790322580645,189.49924461675505
2026-08-05 00:00:00,200.5572580645161,205.509661313983
2026-08-05 01:00:00,200.82016129032257,200.61784536048853
2026-08-05 02:00:00,203.69758064516128,204.79185630936527
2026-08-05 03:00:00,208.708064516129,208.7109223778257
2026-08-05 04:00:00,206.60645161290324,208.08009212018482
2026-08-05 05:00:00,205.6153225806452,204.84737086138483
2026-08-05 06:00:00,216.20967741935485,217.08341216696385
2026-08-05 07:00:00,217.23145161290324,218.54119107395266
2026-08-05 08:00:00,204.9741935483871,205.5758240233659
2026-08-05 09:00:00,204.8524193548387,204.05867644502032
2026-08-05 10:00:00,204.93790322580645,205.33251063126232
2026-08-05 11:00:00,207.5096774193549,210.4825674675291
2026-08-05 12:00:00,208.8483870967742,214.71886193333256
2026-08-05 13:00:00,209.9193548387097,210.79912817792408
2026-08-05 14:00:00,208.6266129032258,210.0464451651816
2026-08-05 15:00:00,210.43790322580645,213.79788001570452
2026-08-05 16:00:00,213.05967741935484,214.929055704926
2026-08-05 17:00:00,204.64274193548388,204.776355958978
2026-08-05 18:00:00,202.8798387096774,204.50550844102762
2026-08-05 19:00:00,202.283870967742,203.91204728402823
2026-08-05 20:00:00,196.87016129032256,196.96072936142994
2026-08-05 21:00:00,195.55,192.47876676191132
2026-08-05 22:00:00,187.1258064516129,185.2349539998086
2026-08-05 23:00:00,189.0790322580645,189.49924461675505
2026-08-06 00:00:00,200.5572580645161,205.509661313983
2026-08-06 01:00:00,200.82016129032257,200.61784536048853
2026-08-06 02:00:00,203.69758064516128,204.79185630936527
2026-08-06 03:00:00,208.708064516129,208.7109223778257
2026-08-06 04:00:00,206.60645161290324,208.08009212018482
2026-08-06 05:00:00,205.6153225806452,204.84737086138483
2026-08-06 06:00:00,216.20967741935485,217.08341216696385
2026-08-06 07:00:00,217.23145161290324,218.54119107395266
2026-08-06 08:00:00,204.9741935483871,205.5758240233659
2026-08-06 09:00:00,204.8524193548387,204.05867644502032
2026-08-06 10:00:00,204.93790322580645,205.33251063126232
2026-08-06 11:00:00,207.5096774193549,210.4825674675291
2026-08-06 12:00:00,208.8483870967742,214.71886193333256
2026-08-06 13:00:00,209.9193548387097,210.79912817792408
2026-08-06 14:00:00,208.6266129032258,210.0464451651816
2026-08-06 15:00:00,210.43790322580645,213.79788001570452
2026-08-06 16:00:00,213.05967741935484,214.929055704926
2026-08-06 17:00:00,204.64274193548388,204.776355958978
2026-08-06 18:00:00,202.8798387096774,204.50550844102762
2026-08-06 19:00:00,202.283870967742,203.91204728402823
2026-08-06 20:00:00,196.87016129032256,196.96072936142994
2026-08-06 21:00:00,195.55,192.47876676191132
2026-08-06 22:00:00,187.1258064516129,185.2349539998086
2026-08-06 23:00:00,189.0790322580645,189.49924461675505
2026-08-07 00:00:00,200.5572580645161,205.509661313983
2026-08-07 01:00:00,200.82016129032257,200.61784536048853
2026-08-07 02:00:00,203.69758064516128,204.79185630936527
2026-08-07 03:00:00,208.708064516129,208.7109223778257
2026-08-07 04:00:00,206.60645161290324,208.08009212018482
2026-08-07 05:00:00,205.6153225806452,204.84737086138483
2026-08-07 06:00:00,216.20967741935485,217.08341216696385
2026-08-07 07:00:00,217.23145161290324,218.54119107395266
2026-08-07 08:00:00,204.9741935483871,205.5758240233659
2026-08-07 09:00:00,204.8524193548387,204.05867644502032
2026-08-07 10:00:00,204.93790322580645,205.33251063126232
2026-08-07 11:00:00,207.5096774193549,210.4825674675291
2026-08-07 12:00:00,208.8483870967742,214.71886193333256
2026-08-07 13:00:00,209.9193548387097,210.79912817792408
2026-08-07 14:00:00,208.6266129032258,210.0464451651816
2026-08-07 15:00:00,210.43790322580645,213.79788001570452
2026-08-07 16:00:00,213.05967741935484,214.929055704926
2026-08-07 17:00:00,204.64274193548388,204.776355958978
2026-08-07 18:00:00,202.8798387096774,204.50550844102762
2026-08-07 19:00:00,202.283870967742,203.91204728402823
2026-08-07 20:00:00,196.87016129032256,196.96072936142994
2026-08-07 21:00:00,195.55,192.47876676191132
2026-08-07 22:00:00,187.1258064516129,185.2349539998086
2026-08-07 23:00:00,189.0790322580645,189.49924461675505
2026-08-08 00:00:00,200.5572580645161,205.509661313983
2026-08-08 01:00:00,200.82016129032257,200.61784536048853
2026-08-08 02:00:00,203.69758064516128,204.79185630936527
2026-08-08 03:00:00,208.708064516129,208.7109223778257
2026-08-08 04:00:00,206.60645161290324,208.08009212018482
2026-08-08 05:00:00,205.6153225806452,204.84737086138483
2026-08-08 06:00:00,216.20967741935485,217.08341216696385
2026-08-08 07:00:00,217.23145161290324,218.54119107395266
2026-08-08 08:00:00,204.9741935483871,205.5758240233659
2026-08-08 09:00:00,204.8524193548387,204.05867644502032
2026-08-08 10:00:00,204.93790322580645,205.33251063126232
2026-08-08 11:00:00,207.5096774193549,210.4825674675291
2026-08-08 12:00:00,208.8483870967742,214.71886193333256
2026-08-08 13:00:00,209.9193548387097,210.79912817792408
2026-08-08 14:00:00,208.6266129032258,210.0464451651816
2026-08-08 15:00:00,210.43790322580645,213.79788001570452
2026-08-08 16:00:00,213.05967741935484,214.929055704926
2026-08-08 17:00:00,204.64274193548388,204.776355958978
2026-08-08 18:00:00,202.8798387096774,204.50550844102762
2026-08-08 19:00:00,202.283870967742,203.91204728402823
2026-08-08 20:00:00,196.87016129032256,196.96072936142994
2026-08-08 21:00:00,195.55,192.47876676191132
2026-08-08 22:00:00,187.1258064516129,185.2349539998086
2026-08-08 23:00:00,189.0790322580645,189.49924461675505
2026-08-09 00:00:00,200.5572580645161,205.509661313983
2026-08-09 01:00:00,200.82016129032257,200.61784536048853
2026-08-09 02:00:00,203.69758064516128,204.79185630936527
2026-08-09 03:00:00,208.708064516129,208.7109223778257
2026-08-09 04:00:00,206.60645161290324,208.08009212018482
2026-08-09 05:00:00,205.6153225806452,204.84737086138483
2026-08-09 06:00:00,216.20967741935485,217.08341216696385
2026-08-09 07:00:00,217.23145161290324,218.54119107395266
2026-08-09 08:00:00,204.9741935483871,205.5758240233659
2026-08-09 09:00:00,204.8524193548387,204.05867644502032
2026-08-09 10:00:00,204.93790322580645,205.33251063126232
2026-08-09 11:00:00,207.5096774193549,210.4825674675291
2026-08-09 12:00:00,208.8483870967742,214.71886193333256
2026-08-09 13:00:00,209.9193548387097,210.79912817792408
2026-08-09 14:00:00,208.6266129032258,210.0464451651816
2026-08-09 15:00:00,210.43790322580645,213.79788001570452
2026-08-09 16:00:00,213.05967741935484,214.929055704926
2026-08-09 17:00:00,204.64274193548388,204.776355958978
2026-08-09 18:00:00,202.8798387096774,204.50550844102762
2026-08-09 19:00:00,202.283870967742,203.91204728402823
2026-08-09 20:00:00,196.87016129032256,196.96072936142994
2026-08-09 21:00:00,195.55,192.47876676191132
2026-08-09 22:00:00,187.1258064516129,185.2349539998086
2026-08-09 23:00:00,189.0790322580645,189.49924461675505
2026-08-10 00:00:00,200.5572580645161,205.509661313983
2026-08-10 01:00:00,200.82016129032257,200.61784536048853
2026-08-10 02:00:00,203.69758064516128,204.79185630936527
2026-08-10 03:00:00,208.708064516129,208.7109223778257
2026-08-10 04:00:00,206.60645161290324,208.08009212018482
2026-08-10 05:00:00,205.6153225806452,204.84737086138483
2026-08-10 06:00:00,216.20967741935485,217.08341216696385
2026-08-10 07:00:00,217.23145161290324,218.54119107395266
2026-08-10 08:00:00,204.9741935483871,205.5758240233659
2026-08-10 09:00:00,204.8524193548387,204.05867644502032
2026-08-10 10:00:00,204.93790322580645,205.33251063126232
2026-08-10 11:00:00,207.5096774193549,210.4825674675291
2026-08-10 12:00:00,208.8483870967742,214.71886193333256
2026-08-10 13:00:00,209.9193548387097,210.79912817792408
2026-08-10 14:00:00,208.6266129032258,210.0464451651816
2026-08-10 15:00:00,210.43790322580645,213.79788001570452
2026-08-10 16:00:00,213.05967741935484,214.929055704926
2026-08-10 17:00:00,204.64274193548388,204.776355958978
2026-08-10 18:00:00,202.8798387096774,204.50550844102762
2026-08-10 19:00:00,202.283870967742,203.91204728402823
2026-08-10 20:00:00,196.87016129032256,196.96072936142994
2026-08-10 21:00:00,195.55,192.47876676191132
2026-08-10 22:00:00,187.1258064516129,185.2349539998086
2026-08-10 23:00:00,189.0790322580645,189.49924461675505
2026-08-11 00:00:00,200.5572580645161,205.509661313983
2026-08-11 01:00:00,200.82016129032257,200.61784536048853
2026-08-11 02:00:00,203.69758064516128,204.79185630936527
2026-08-11 03:00:00,208.708064516129,208.7109223778257
2026-08-11 04:00:00,206.60645161290324,208.08009212018482
2026-08-11 05:00:00,205.6153225806452,204.84737086138483
2026-08-11 06:00:00,216.20967741935485,217.08341216696385
2026-08-11 07:00:00,217.23145161290324,218.54119107395266
2026-08-11 08:00:00,204.9741935483871,205.5758240233659
2026-08-11 09:00:00,204.8524193548387,204.05867644502032
2026-08-11 10:00:00,204.93790322580645,205.33251063126232
2026-08-11 11:00:00,207.5096774193549,210.4825674675291
2026-08-11 12:00:00,208.8483870967742,214.71886193333256
2026-08-11 13:00:00,209.9193548387097,210.79912817792408
2026-08-11 14:00:00,208.6266129032258,210.0464451651816
2026-08-11 15:00:00,210.43790322580645,213.79788001570452
2026-08-11 16:00:00,213.05967741935484,214.929055704926
2026-08-11 17:00:00,204.64274193548388,204.776355958978
2026-08-11 18:00:00,202.8798387096774,204.50550844102762
2026-08-11 19:00:00,202.283870967742,203.91204728402823
2026-08-11 20:00:00,196.87016129032256,196.96072936142994
2026-08-11 21:00:00,195.55,192.47876676191132
2026-08-11 22:00:00,187.1258064516129,185.2349539998086
2026-08-11 23:00:00,189.0790322580645,189.49924461675505
2026-08-12 00:00:00,200.5572580645161,205.509661313983
2026-08-12 01:00:00,200.82016129032257,200.61784536048853
2026-08-12 02:00:00,203.69758064516128,204.79185630936527
2026-08-12 03:00:00,208.708064516129,208.7109223778257
2026-08-12 04:00:00,206.60645161290324,208.08009212018482
2026-08-12 05:00:00,205.6153225806452,204.84737086138483
2026-08-12 06:00:00,216.20967741935485,217.08341216696385
2026-08-12 07:00:00,217.23145161290324,218.54119107395266
2026-08-12 08:00:00,204.9741935483871,205.5758240233659
2026-08-12 09:00:00,204.8524193548387,204.05867644502032
2026-08-12 10:00:00,204.93790322580645,205.33251063126232
2026-08-12 11:00:00,207.5096774193549,210.4825674675291
2026-08-12 12:00:00,208.8483870967742,214.71886193333256
2026-08-12 13:00:00,209.9193548387097,210.79912817792408
2026-08-12 14:00:00,208.6266129032258,210.0464451651816
2026-08-12 15:00:00,210.43790322580645,213.79788001570452
2026-08-12 16:00:00,213.05967741935484,214.929055704926
2026-08-12 17:00:00,204.64274193548388,204.776355958978
2026-08-12 18:00:00,202.8798387096774,204.50550844102762
2026-08-12 19:00:00,202.283870967742,203.91204728402823
2026-08-12 20:00:00,196.87016129032256,196.96072936142994
2026-08-12 21:00:00,195.55,192.47876676191132
2026-08-12 22:00:00,187.1258064516129,185.2349539998086
2026-08-12 23:00:00,189.0790322580645,189.49924461675505
2026-08-13 00:00:00,200.5572580645161,205.509661313983
2026-08-13 01:00:00,200.82016129032257,200.61784536048853
2026-08-13 02:00:00,203.69758064516128,204.79185630936527
2026-08-13 03:00:00,208.708064516129,208.7109223778257
2026-08-13 04:00:00,206.60645161290324,208.08009212018482
2026-08-13 05:00:00,205.6153225806452,204.84737086138483
2026-08-13 06:00:00,216.20967741935485,217.08341216696385
2026-08-13 07:00:00,217.23145161290324,218.54119107395266
2026-08-13 08:00:00,204.9741935483871,205.5758240233659
2026-08-13 09:00:00,204.8524193548387,204.05867644502032
2026-08-13 10:00:00,204.93790322580645,205.33251063126232
2026-08-13 11:00:00,207.5096774193549,210.4825674675291
2026-08-13 12:00:00,208.8483870967742,214.71886193333256
2026-08-13 13:00:00,209.9193548387097,210.79912817792408
2026-08-13 14:00:00,208.6266129032258,210.0464451651816
2026-08-13 15:00:00,210.43790322580645,213.79788001570452
2026-08-13 16:00:00,213.05967741935484,214.929055704926
2026-08-13 17:00:00,204.64274193548388,204.776355958978
2026-08-13 18:00:00,202.8798387096774,204.50550844102762
2026-08-13 19:00:00,202.283870967742,203.91204728402823
2026-08-13 20:00:00,196.87016129032256,196.96072936142994
2026-08-13 21:00:00,195.55,192.47876676191132
2026-08-13 22:00:00,187.1258064516129,185.2349539998086
2026-08-13 23:00:00,189.0790322580645,189.49924461675505
2026-08-14 00:00:00,200.5572580645161,205.509661313983
2026-08-14 01:00:00,200.82016129032257,200.61784536048853
2026-08-14 02:00:00,203.69758064516128,204.79185630936527
2026-08-14 03:00:00,208.708064516129,208.7109223778257
2026-08-14 04:00:00,206.60645161290324,208.08009212018482
2026-08-14 05:00:00,205.6153225806452,204.84737086138483
2026-08-14 06:00:00,216.20967741935485,217.08341216696385
2026-08-14 07:00:00,217.23145161290324,218.54119107395266
2026-08-14 08:00:00,204.9741935483871,205.5758240233659
2026-08-14 09:00:00,204.8524193548387,204.05867644502032
2026-08-14 10:00:00,204.93790322580645,205.33251063126232
2026-08-14 11:00:00,207.5096774193549,210.4825674675291
2026-08-14 12:00:00,208.8483870967742,214.71886193333256
2026-08-14 13:00:00,209.9193548387097,210.79912817792408
2026-08-14 14:00:00,208.6266129032258,210.0464451651816
2026-08-14 15:00:00,210.43790322580645,213.79788001570452
2026-08-14 16:00:00,213.05967741935484,214.929055704926
2026-08-14 17:00:00,204.64274193548388,204.776355958978
2026-08-14 18:00:00,202.8798387096774,204.50550844102762
2026-08-14 19:00:00,202.283870967742,203.91204728402823
2026-08-14 20:00:00,196.87016129032256,196.96072936142994
2026-08-14 21:00:00,195.55,192.47876676191132
2026-08-14 22:00:00,187.1258064516129,185.2349539998086
2026-08-14 23:00:00,189.0790322580645,189.49924461675505
2026-08-15 00:00:00,200.5572580645161,205.509661313983
2026-08-15 01:00:00,200.82016129032257,200.61784536048853
2026-08-15 02:00:00,203.69758064516128,204.79185630936527
2026-08-15 03:00:00,208.708064516129,208.7109223778257
2026-08-15 04:00:00,206.60645161290324,208.08009212018482
2026-08-15 05:00:00,205.6153225806452,204.84737086138483
2026-08-15 06:00:00,216.20967741935485,217.08341216696385
2026-08-15 07:00:00,217.23145161290324,218.54119107395266
2026-08-15 08:00:00,204.9741935483871,205.5758240233659
2026-08-15 09:00:00,204.8524193548387,204.05867644502032
2026-08-15 10:00:00,204.93790322580645,205.33251063126232
2026-08-15 11:00:00,207.5096774193549,210.4825674675291
2026-08-15 12:00:00,208.8483870967742,214.71886193333256
2026-08-15 13:00:00,209.9193548387097,210.79912817792408
2026-08-15 14:00:00,208.6266129032258,210.0464451651816
2026-08-15 15:00:00,210.43790322580645,213.79788001570452
2026-08-15 16:00:00,213.05967741935484,214.929055704926
2026-08-15 17:00:00,204.64274193548388,204.776355958978
2026-08-15 18:00:00,202.8798387096774,204.50550844102762
2026-08-15 19:00:00,202.283870967742,203.91204728402823
2026-08-15 20:00:00,196.87016129032256,196.96072936142994
2026-08-15 21:00:00,195.55,192.47876676191132
2026-08-15 22:00:00,187.1258064516129,185.2349539998086
2026-08-15 23:00:00,189.0790322580645,189.49924461675505
2026-08-16 00:00:00,200.5572580645161,205.509661313983
2026-08-16 01:00:00,200.82016129032257,200.61784536048853
2026-08-16 02:00:00,203.69758064516128,204.79185630936527
2026-08-16 03:00:00,208.708064516129,208.7109223778257
2026-08-16 04:00:00,206.60645161290324,208.08009212018482
2026-08-16 05:00:00,205.6153225806452,204.84737086138483
2026-08-16 06:00:00,216.20967741935485,217.08341216696385
2026-08-16 07:00:00,217.23145161290324,218.54119107395266
2026-08-16 08:00:00,204.9741935483871,205.5758240233659
2026-08-16 09:00:00,204.8524193548387,204.05867644502032
2026-08-16 10:00:00,204.93790322580645,205.33251063126232
2026-08-16 11:00:00,207.5096774193549,210.4825674675291
2026-08-16 12:00:00,208.8483870967742,214.71886193333256
2026-08-16 13:00:00,209.9193548387097,210.79912817792408
2026-08-16 14:00:00,208.6266129032258,210.0464451651816
2026-08-16 15:00:00,210.43790322580645,213.79788001570452
2026-08-16 16:00:00,213.05967741935484,214.929055704926
2026-08-16 17:00:00,204.64274193548388,204.776355958978
2026-08-16 18:00:00,202.8798387096774,204.50550844102762
2026-08-16 19:00:00,202.283870967742,203.91204728402823
2026-08-16 20:00:00,196.87016129032256,196.96072936142994
2026-08-16 21:00:00,195.55,192.47876676191132
2026-08-16 22:00:00,187.1258064516129,185.2349539998086
2026-08-16 23:00:00,189.0790322580645,189.49924461675505
2026-08-17 00:00:00,200.5572580645161,205.509661313983
2026-08-17 01:00:00,200.82016129032257,200.61784536048853
2026-08-17 02:00:00,203.69758064516128,204.79185630936527
2026-08-17 03:00:00,208.708064516129,208.7109223778257
2026-08-17 04:00:00,206.60645161290324,208.08009212018482
2026-08-17 05:00:00,205.6153225806452,204.84737086138483
2026-08-17 06:00:00,216.20967741935485,217.08341216696385
2026-08-17 07:00:00,217.23145161290324,218.54119107395266
2026-08-17 08:00:00,204.9741935483871,205.5758240233659
2026-08-17 09:00:00,204.8524193548387,204.05867644502032
2026-08-17 10:00:00,204.93790322580645,205.33251063126232
2026-08-17 11:00:00,207.5096774193549,210.4825674675291
2026-08-17 12:00:00,208.8483870967742,214.71886193333256
2026-08-17 13:00:00,209.9193548387097,210.79912817792408
2026-08-17 14:00:00,208.6266129032258,210.0464451651816
2026-08-17 15:00:00,210.43790322580645,213.79788001570452
2026-08-17 16:00:00,213.05967741935484,214.929055704926
2026-08-17 17:00:00,204.64274193548388,204.776355958978
2026-08-17 18:00:00,202.8798387096774,204.50550844102762
2026-08-17 19:00:00,202.283870967742,203.91204728402823
2026-08-17 20:00:00,196.87016129032256,196.96072936142994
2026-08-17 21:00:00,195.55,192.47876676191132
2026-08-17 22:00:00,187.1258064516129,185.2349539998086
2026-08-17 23:00:00,189.0790322580645,189.49924461675505
2026-08-18 00:00:00,200.5572580645161,205.509661313983
2026-08-18 01:00:00,200.82016129032257,200.61784536048853
2026-08-18 02:00:00,203.69758064516128,204.79185630936527
2026-08-18 03:00:00,208.708064516129,208.7109223778257
2026-08-18 04:00:00,206.60645161290324,208.08009212018482
2026-08-18 05:00:00,205.6153225806452,204.84737086138483
2026-08-18 06:00:00,216.20967741935485,217.08341216696385
2026-08-18 07:00:00,217.23145161290324,218.54119107395266
2026-08-18 08:00:00,204.9741935483871,205.5758240233659
2026-08-18 09:00:00,204.8524193548387,204.05867644502032
2026-08-18 10:00:00,204.93790322580645,205.33251063126232
2026-08-18 11:00:00,207.5096774193549,210.4825674675291
2026-08-18 12:00:00,208.8483870967742,214.71886193333256
2026-08-18 13:00:00,209.9193548387097,210.79912817792408
2026-08-18 14:00:00,208.6266129032258,210.0464451651816
2026-08-18 15:00:00,210.43790322580645,213.79788001570452
2026-08-18 16:00:00,213.05967741935484,214.929055704926
2026-08-18 17:00:00,204.64274193548388,204.776355958978
2026-08-18 18:00:00,202.8798387096774,204.50550844102762
2026-08-18 19:00:00,202.283870967742,203.91204728402823
2026-08-18 20:00:00,196.87016129032256,196.96072936142994
2026-08-18 21:00:00,195.55,192.47876676191132
2026-08-18 22:00:00,187.1258064516129,185.2349539998086
2026-08-18 23:00:00,189.0790322580645,189.49924461675505
2026-08-19 00:00:00,200.5572580645161,205.509661313983
2026-08-19 01:00:00,200.82016129032257,200.61784536048853
2026-08-19 02:00:00,203.69758064516128,204.79185630936527
2026-08-19 03:00:00,208.708064516129,208.7109223778257
2026-08-19 04:00:00,206.60645161290324,208.08009212018482
2026-08-19 05:00:00,205.6153225806452,204.84737086138483
2026-08-19 06:00:00,216.20967741935485,217.08341216696385
2026-08-19 07:00:00,217.23145161290324,218.54119107395266
2026-08-19 08:00:00,204.9741935483871,205.5758240233659
2026-08-19 09:00:00,204.8524193548387,204.05867644502032
2026-08-19 10:00:00,204.93790322580645,205.33251063126232
2026-08-19 11:00:00,207.5096774193549,210.4825674675291
2026-08-19 12:00:00,208.8483870967742,214.71886193333256
2026-08-19 13:00:00,209.9193548387097,210.79912817792408
2026-08-19 14:00:00,208.6266129032258,210.0464451651816
2026-08-19 15:00:00,210.43790322580645,213.79788001570452
2026-08-19 16:00:00,213.05967741935484,214.929055704926
2026-08-19 17:00:00,204.64274193548388,204.776355958978
2026-08-19 18:00:00,202.8798387096774,204.50550844102762
2026-08-19 19:00:00,202.283870967742,203.91204728402823
2026-08-19 20:00:00,196.87016129032256,196.96072936142994
2026-08-19 21:00:00,195.55,192.47876676191132
2026-08-19 22:00:00,187.1258064516129,185.2349539998086
2026-08-19 23:00:00,189.0790322580645,189.49924461675505
2026-08-20 00:00:00,200.5572580645161,205.509661313983
2026-08-20 01:00:00,200.82016129032257,200.61784536048853
2026-08-20 02:00:00,203.69758064516128,204.79185630936527
2026-08-20 03:00:00,208.708064516129,208.7109223778257
2026-08-20 04:00:00,206.60645161290324,208.08009212018482
2026-08-20 05:00:00,205.6153225806452,204.84737086138483
2026-08-20 06:00:00,216.20967741935485,217.08341216696385
2026-08-20 07:00:00,217.23145161290324,218.54119107395266
2026-08-20 08:00:00,204.9741935483871,205.5758240233659
2026-08-20 09:00:00,204.8524193548387,204.05867644502032
2026-08-20 10:00:00,204.93790322580645,205.33251063126232
2026-08-20 11:00:00,207.5096774193549,210.4825674675291
2026-08-20 12:00:00,208.8483870967742,214.71886193333256
2026-08-20 13:00:00,209.9193548387097,210.79912817792408
2026-08-20 14:00:00,208.6266129032258,210.0464451651816
2026-08-20 15:00:00,210.43790322580645,213.79788001570452
2026-08-20 16:00:00,213.05967741935484,214.929055704926
2026-08-20 17:00:00,204.64274193548388,204.776355958978
2026-08-20 18:00:00,202.8798387096774,204.50550844102762
2026-08-20 19:00:00,202.283870967742,203.91204728402823
2026-08-20 20:00:00,196.87016129032256,196.96072936142994
2026-08-20 21:00:00,195.55,192.47876676191132
2026-08-20 22:00:00,187.1258064516129,185.2349539998086
2026-08-20 23:00:00,189.0790322580645,189.49924461675505
2026-08-21 00:00:00,200.5572580645161,205.509661313983
2026-08-21 01:00:00,200.82016129032257,200.61784536048853
2026-08-21 02:00:00,203.69758064516128,204.79185630936527
2026-08-21 03:00:00,208.708064516129,208.7109223778257
2026-08-21 04:00:00,206.60645161290324,208.08009212018482
2026-08-21 05:00:00,205.6153225806452,204.84737086138483
2026-08-21 06:00:00,216.20967741935485,217.08341216696385
2026-08-21 07:00:00,217.23145161290324,218.54119107395266
2026-08-21 08:00:00,204.9741935483871,205.5758240233659
2026-08-21 09:00:00,204.8524193548387,204.05867644502032
2026-08-21 10:00:00,204.93790322580645,205.33251063126232
2026-08-21 11:00:00,207.5096774193549,210.4825674675291
2026-08-21 12:00:00,208.8483870967742,214.71886193333256
2026-08-21 13:00:00,209.9193548387097,210.79912817792408
2026-08-21 14:00:00,208.6266129032258,210.0464451651816
2026-08-21 15:00:00,210.43790322580645,213.79788001570452
2026-08-21 16:00:00,213.05967741935484,214.929055704926
2026-08-21 17:00:00,204.64274193548388,204.776355958978
2026-08-21 18:00:00,202.8798387096774,204.50550844102762
2026-08-21 19:00:00,202.283870967742,203.91204728402823
2026-08-21 20:00:00,196.87016129032256,196.96072936142994
2026-08-21 21:00:00,195.55,192.47876676191132
2026-08-21 22:00:00,187.1258064516129,185.2349539998086
2026-08-21 23:00:00,189.0790322580645,189.49924461675505
2026-08-22 00:00:00,200.5572580645161,205.509661313983
2026-08-22 01:00:00,200.82016129032257,200.61784536048853
2026-08-22 02:00:00,203.69758064516128,204.79185630936527
2026-08-22 03:00:00,208.708064516129,208.7109223778257
2026-08-22 04:00:00,206.60645161290324,208.08009212018482
2026-08-22 05:00:00,205.6153225806452,204.84737086138483
2026-08-22 06:00:00,216.20967741935485,217.08341216696385
2026-08-22 07:00:00,217.23145161290324,218.54119107395266
2026-08-22 08:00:00,204.9741935483871,205.5758240233659
2026-08-22 09:00:00,204.8524193548387,204.05867644502032
2026-08-22 10:00:00,204.93790322580645,205.33251063126232
2026-08-22 11:00:00,207.5096774193549,210.4825674675291
2026-08-22 12:00:00,208.8483870967742,214.71886193333256
2026-08-22 13:00:00,209.9193548387097,210.79912817792408
2026-08-22 14:00:00,208.6266129032258,210.0464451651816
2026-08-22 15:00:00,210.43790322580645,213.79788001570452
2026-08-22 16:00:00,213.05967741935484,214.929055704926
2026-08-22 17:00:00,204.64274193548388,204.776355958978
2026-08-22 18:00:00,202.8798387096774,204.50550844102762
2026-08-22 19:00:00,202.283870967742,203.91204728402823
2026-08-22 20:00:00,196.87016129032256,196.96072936142994
2026-08-22 21:00:00,195.55,192.47876676191132
2026-08-22 22:00:00,187.1258064516129,185.2349539998086
2026-08-22 23:00:00,189.0790322580645,189.49924461675505
2026-08-23 00:00:00,200.5572580645161,205.509661313983
2026-08-23 01:00:00,200.82016129032257,200.61784536048853
2026-08-23 02:00:00,203.69758064516128,204.79185630936527
2026-08-23 03:00:00,208.708064516129,208.7109223778257
2026-08-23 04:00:00,206.60645161290324,208.08009212018482
2026-08-23 05:00:00,205.6153225806452,204.84737086138483
2026-08-23 06:00:00,216.20967741935485,217.08341216696385
2026-08-23 07:00:00,217.23145161290324,218.54119107395266
2026-08-23 08:00:00,204.9741935483871,205.5758240233659
2026-08-23 09:00:00,204.8524193548387,204.05867644502032
2026-08-23 10:00:00,204.93790322580645,205.33251063126232
2026-08-23 11:00:00,207.5096774193549,210.4825674675291
2026-08-23 12:00:00,208.8483870967742,214.71886193333256
2026-08-23 13:00:00,209.9193548387097,210.79912817792408
2026-08-23 14:00:00,208.6266129032258,210.0464451651816
2026-08-23 15:00:00,210.43790322580645,213.79788001570452
2026-08-23 16:00:00,213.05967741935484,214.929055704926
2026-08-23 17:00:00,204.64274193548388,204.776355958978
2026-08-23 18:00:00,202.8798387096774,204.50550844102762
2026-08-23 19:00:00,202.283870967742,203.91204728402823
2026-08-23 20:00:00,196.87016129032256,196.96072936142994
2026-08-23 21:00:00,195.55,192.47876676191132
2026-08-23 22:00:00,187.1258064516129,185.2349539998086
2026-08-23 23:00:00,189.0790322580645,189.49924461675505
2026-08-24 00:00:00,200.5572580645161,205.509661313983
2026-08-24 01:00:00,200.82016129032257,200.61784536048853
2026-08-24 02:00:00,203.69758064516128,204.79185630936527
2026-08-24 03:00:00,208.708064516129,208.7109223778257
2026-08-24 04:00:00,206.60645161290324,208.08009212018482
2026-08-24 05:00:00,205.6153225806452,204.84737086138483
2026-08-24 06:00:00,216.20967741935485,217.08341216696385
2026-08-24 07:00:00,217.23145161290324,218.54119107395266
2026-08-24 08:00:00,204.9741935483871,205.5758240233659
2026-08-24 09:00:00,204.8524193548387,204.05867644502032
2026-08-24 10:00:00,204.93790322580645,205.33251063126232
2026-08-24 11:00:00,207.5096774193549,210.4825674675291
2026-08-24 12:00:00,208.8483870967742,214.71886193333256
2026-08-24 13:00:00,209.9193548387097,210.79912817792408
2026-08-24 14:00:00,208.6266129032258,210.0464451651816
2026-08-24 15:00:00,210.43790322580645,213.79788001570452
2026-08-24 16:00:00,213.05967741935484,214.929055704926
2026-08-24 17:00:00,204.64274193548388,204.776355958978
2026-08-24 18:00:00,202.8798387096774,204.50550844102762
2026-08-24 19:00:00,202.283870967742,203.91204728402823
2026-08-24 20:00:00,196.87016129032256,196.96072936142994
2026-08-24 21:00:00,195.55,192.47876676191132
2026-08-24 22:00:00,187.1258064516129,185.2349539998086
2026-08-24 23:00:00,189.0790322580645,189.49924461675505
2026-08-25 00:00:00,200.5572580645161,205.509661313983
2026-08-25 01:00:00,200.82016129032257,200.61784536048853
2026-08-25 02:00:00,203.69758064516128,204.79185630936527
2026-08-25 03:00:00,208.708064516129,208.7109223778257
2026-08-25 04:00:00,206.60645161290324,208.08009212018482
2026-08-25 05:00:00,205.6153225806452,204.84737086138483
2026-08-25 06:00:00,216.20967741935485,217.08341216696385
2026-08-25 07:00:00,217.23145161290324,218.54119107395266
2026-08-25 08:00:00,204.9741935483871,205.5758240233659
2026-08-25 09:00:00,204.8524193548387,204.05867644502032
2026-08-25 10:00:00,204.93790322580645,205.33251063126232
2026-08-25 11:00:00,207.5096774193549,210.4825674675291
2026-08-25 12:00:00,208.8483870967742,214.71886193333256
2026-08-25 13:00:00,209.9193548387097,210.79912817792408
2026-08-25 14:00:00,208.6266129032258,210.0464451651816
2026-08-25 15:00:00,210.43790322580645,213.79788001570452
2026-08-25 16:00:00,213.05967741935484,214.929055704926
2026-08-25 17:00:00,204.64274193548388,204.776355958978
2026-08-25 18:00:00,202.8798387096774,204.50550844102762
2026-08-25 19:00:00,202.283870967742,203.91204728402823
2026-08-25 20:00:00,196.87016129032256,196.96072936142994
2026-08-25 21:00:00,195.55,192.47876676191132
2026-08-25 22:00:00,187.1258064516129,185.2349539998086
2026-08-25 23:00:00,189.0790322580645,189.49924461675505
2026-08-26 00:00:00,200.5572580645161,205.509661313983
2026-08-26 01:00:00,200.82016129032257,200.61784536048853
2026-08-26 02:00:00,203.69758064516128,204.79185630936527
2026-08-26 03:00:00,208.708064516129,208.7109223778257
2026-08-26 04:00:00,206.60645161290324,208.08009212018482
2026-08-26 05:00:00,205.6153225806452,204.84737086138483
2026-08-26 06:00:00,216.20967741935485,217.08341216696385
2026-08-26 07:00:00,217.23145161290324,218.54119107395266
2026-08-26 08:00:00,204.9741935483871,205.5758240233659
2026-08-26 09:00:00,204.8524193548387,204.05867644502032
2026-08-26 10:00:00,204.93790322580645,205.33251063126232
2026-08-26 11:00:00,207.5096774193549,210.4825674675291
2026-08-26 12:00:00,208.8483870967742,214.71886193333256
2026-08-26 13:00:00,209.9193548387097,210.79912817792408
2026-08-26 14:00:00,208.6266129032258,210.0464451651816
2026-08-26 15:00:00,210.43790322580645,213.79788001570452
2026-08-26 16:00:00,213.05967741935484,214.929055704926
2026-08-26 17:00:00,204.64274193548388,204.776355958978
2026-08-26 18:00:00,202.8798387096774,204.50550844102762
2026-08-26 19:00:00,202.283870967742,203.91204728402823
2026-08-26 20:00:00,196.87016129032256,196.96072936142994
2026-08-26 21:00:00,195.55,192.47876676191132
2026-08-26 22:00:00,187.1258064516129,185.2349539998086
2026-08-26 23:00:00,189.0790322580645,189.49924461675505
2026-08-27 00:00:00,200.5572580645161,205.509661313983
2026-08-27 01:00:00,200.82016129032257,200.61784536048853
2026-08-27 02:00:00,203.69758064516128,204.79185630936527
2026-08-27 03:00:00,208.708064516129,208.7109223778257
2026-08-27 04:00:00,206.60645161290324,208.08009212018482
2026-08-27 05:00:00,205.6153225806452,204.84737086138483
2026-08-27 06:00:00,216.20967741935485,217.08341216696385
2026-08-27 07:00:00,217.23145161290324,218.54119107395266
2026-08-27 08:00:00,204.9741935483871,205.5758240233659
2026-08-27 09:00:00,204.8524193548387,204.05867644502032
2026-08-27 10:00:00,204.93790322580645,205.33251063126232
2026-08-27 11:00:00,207.5096774193549,210.4825674675291
2026-08-27 12:00:00,208.8483870967742,214.71886193333256
2026-08-27 13:00:00,209.9193548387097,210.79912817792408
2026-08-27 14:00:00,208.6266129032258,210.0464451651816
2026-08-27 15:00:00,210.43790322580645,213.79788001570452
2026-08-27 16:00:00,213.05967741935484,214.929055704926
2026-08-27 17:00:00,204.64274193548388,204.776355958978
2026-08-27 18:00:00,202.8798387096774,204.50550844102762
2026-08-27 19:00:00,202.283870967742,203.91204728402823
2026-08-27 20:00:00,196.87016129032256,196.96072936142994
2026-08-27 21:00:00,195.55,192.47876676191132
2026-08-27 22:00:00,187.1258064516129,185.2349539998086
2026-08-27 23:00:00,189.0790322580645,189.49924461675505
2026-08-28 00:00:00,200.5572580645161,205.509661313983
2026-08-28 01:00:00,200.82016129032257,200.61784536048853
2026-08-28 02:00:00,203.69758064516128,204.79185630936527
2026-08-28 03:00:00,208.708064516129,208.7109223778257
2026-08-28 04:00:00,206.60645161290324,208.08009212018482
2026-08-28 05:00:00,205.6153225806452,204.84737086138483
2026-08-28 06:00:00,216.20967741935485,217.08341216696385
2026-08-28 07:00:00,217.23145161290324,218.54119107395266
2026-08-28 08:00:00,204.9741935483871,205.5758240233659
2026-08-28 09:00:00,204.8524193548387,204.05867644502032
2026-08-28 10:00:00,204.93790322580645,205.33251063126232
2026-08-28 11:00:00,207.5096774193549,210.4825674675291
2026-08-28 12:00:00,208.8483870967742,214.71886193333256
2026-08-28 13:00:00,209.9193548387097,210.79912817792408
2026-08-28 14:00:00,208.6266129032258,210.0464451651816
2026-08-28 15:00:00,210.43790322580645,213.79788001570452
2026-08-28 16:00:00,213.05967741935484,214.929055704926
2026-08-28 17:00:00,204.64274193548388,204.776355958978
2026-08-28 18:00:00,202.8798387096774,204.50550844102762
2026-08-28 19:00:00,202.283870967742,203.91204728402823
2026-08-28 20:00:00,196.87016129032256,196.96072936142994
2026-08-28 21:00:00,195.55,192.47876676191132
2026-08-28 22:00:00,187.1258064516129,185.2349539998086
2026-08-28 23:00:00,189.0790322580645,189.49924461675505
2026-08-29 00:00:00,200.5572580645161,205.509661313983
2026-08-29 01:00:00,200.82016129032257,200.61784536048853
2026-08-29 02:00:00,203.69758064516128,204.79185630936527
2026-08-29 03:00:00,208.708064516129,208.7109223778257
2026-08-29 04:00:00,206.60645161290324,208.08009212018482
2026-08-29 05:00:00,205.6153225806452,204.84737086138483
2026-08-29 06:00:00,216.20967741935485,217.08341216696385
2026-08-29 07:00:00,217.23145161290324,218.54119107395266
2026-08-29 08:00:00,204.9741935483871,205.5758240233659
2026-08-29 09:00:00,204.8524193548387,204.05867644502032
2026-08-29 10:00:00,204.93790322580645,205.33251063126232
2026-08-29 11:00:00,207.5096774193549,210.4825674675291
2026-08-29 12:00:00,208.8483870967742,214.71886193333256
2026-08-29 13:00:00,209.9193548387097,210.79912817792408
2026-08-29 14:00:00,208.6266129032258,210.0464451651816
2026-08-29 15:00:00,210.43790322580645,213.79788001570452
2026-08-29 16:00:00,213.05967741935484,214.929055704926
2026-08-29 17:00:00,204.64274193548388,204.776355958978
2026-08-29 18:00:00,202.8798387096774,204.50550844102762
2026-08-29 19:00:00,202.283870967742,203.91204728402823
2026-08-29 20:00:00,196.87016129032256,196.96072936142994
2026-08-29 21:00:00,195.55,192.47876676191132
2026-08-29 22:00:00,187.1258064516129,185.2349539998086
2026-08-29 23:00:00,189.0790322580645,189.49924461675505
2026-08-30 00:00:00,200.5572580645161,205.509661313983
2026-08-30 01:00:00,200.82016129032257,200.61784536048853
2026-08-30 02:00:00,203.69758064516128,204.79185630936527
2026-08-30 03:00:00,208.708064516129,208.7109223778257
2026-08-30 04:00:00,206.60645161290324,208.08009212018482
2026-08-30 05:00:00,205.6153225806452,204.84737086138483
2026-08-30 06:00:00,216.20967741935485,217.08341216696385
2026-08-30 07:00:00,217.23145161290324,218.54119107395266
2026-08-30 08:00:00,204.9741935483871,205.5758240233659
2026-08-30 09:00:00,204.8524193548387,204.05867644502032
2026-08-30 10:00:00,204.93790322580645,205.33251063126232
2026-08-30 11:00:00,207.5096774193549,210.4825674675291
2026-08-30 12:00:00,208.8483870967742,214.71886193333256
2026-08-30 13:00:00,209.9193548387097,210.79912817792408
2026-08-30 14:00:00,208.6266129032258,210.0464451651816
2026-08-30 15:00:00,210.43790322580645,213.79788001570452
2026-08-30 16:00:00,213.05967741935484,214.929055704926
2026-08-30 17:00:00,204.64274193548388,204.776355958978
2026-08-30 18:00:00,202.8798387096774,204.50550844102762
2026-08-30 19:00:00,202.283870967742,203.91204728402823
2026-08-30 20:00:00,196.87016129032256,196.96072936142994
2026-08-30 21:00:00,195.55,192.47876676191132
2026-08-30 22:00:00,187.1258064516129,185.2349539998086
2026-08-30 23:00:00,189.0790322580645,189.49924461675505
2026-08-31 00:00:00,200.5572580645161,205.509661313983
2026-08-31 01:00:00,200.82016129032257,200.61784536048853
2026-08-31 02:00:00,203.69758064516128,204.79185630936527
2026-08-31 03:00:00,208.708064516129,208.7109223778257
2026-08-31 04:00:00,206.60645161290324,208.08009212018482
2026-08-31 05:00:00,205.6153225806452,204.84737086138483
2026-08-31 06:00:00,216.20967741935485,217.08341216696385
2026-08-31 07:00:00,217.23145161290324,218.54119107395266
2026-08-31 08:00:00,204.9741935483871,205.5758240233659
2026-08-31 09:00:00,204.8524193548387,204.05867644502032
2026-08-31 10:00:00,204.93790322580645,205.33251063126232
2026-08-31 11:00:00,207.5096774193549,210.4825674675291
2026-08-31 12:00:00,208.8483870967742,214.71886193333256
2026-08-31 13:00:00,209.9193548387097,210.79912817792408
2026-08-31 14:00:00,208.6266129032258,210.0464451651816
2026-08-31 15:00:00,210.43790322580645,213.79788001570452
2026-08-31 16:00:00,213.05967741935484,214.929055704926
2026-08-31 17:00:00,204.64274193548388,204.776355958978
2026-08-31 18:00:00,202.8798387096774,204.50550844102762
2026-08-31 19:00:00,202.283870967742,203.91204728402823
2026-08-31 20:00:00,196.87016129032256,196.96072936142994
2026-08-31 21:00:00,195.55,192.47876676191132
2026-08-31 22:00:00,187.1258064516129,185.2349539998086
2026-08-31 23:00:00,189.0790322580645,189.49924461675505
2026-09-01 00:00:00,192.91916666666663,197.02538918029728
2026-09-01 01:00:00,194.86,198.7862726029255
2026-09-01 02:00:00,195.87416666666667,197.16095312196305
2026-09-01 03:00:00,202.06916666666663,206.3712677297558
2026-09-01 04:00:00,199.3308333333333,197.20022347712091
2026-09-01 05:00:00,195.73416666666665,195.1217414651407
2026-09-01 06:00:00,206.3708333333333,210.14664735453636
2026-09-01 07:00:00,205.06833333333333,209.56372658629098
2026-09-01 08:00:00,197.82916666666668,199.06611620340422
2026-09-01 09:00:00,192.44833333333327,189.2027634040587
2026-09-01 10:00:00,190.135,189.30908136677849
2026-09-01 11:00:00,200.1125,200.3464953997144
2026-09-01 12:00:00,197.57166666666663,196.18473121276568
2026-09-01 13:00:00,200.07416666666668,200.19387827396972
2026-09-01 14:00:00,207.1891666666667,207.0932894030959
2026-09-01 15:00:00,208.5858333333333,212.64856043271658
2026-09-01 16:00:00,208.7333333333333,210.08883547927962
2026-09-01 17:00:00,199.23166666666663,201.20759247201502
2026-09-01 18:00:00,196.4358333333333,195.254311876537
2026-09-01 19:00:00,197.0175,197.2141245758812
2026-09-01 20:00:00,190.725,191.26130394836608
2026-09-01 21:00:00,190.69666666666663,192.66991197158455
2026-09-01 22:00:00,190.3766666666667,187.72164878185296
2026-09-01 23:00:00,190.4875,189.5508219905854
2026-09-02 00:00:00,192.91916666666663,195.23377686145668
2026-09-02 01:00:00,194.86,197.34535228958816
2026-09-02 02:00:00,195.87416666666667,197.36067443572176
2026-09-02 03:00:00,202.06916666666663,206.94926134117907
2026-09-02 04:00:00,199.3308333333333,197.3549862909242
2026-09-02 05:00:00,195.73416666666665,194.89614344692788
2026-09-02 06:00:00,206.3708333333333,209.70672329778387
2026-09-02 07:00:00,205.06833333333333,209.3816316519297
2026-09-02 08:00:00,197.82916666666668,198.50545109796428
2026-09-02 09:00:00,192.44833333333327,188.8400230888035
2026-09-02 10:00:00,190.135,189.59122416627008
2026-09-02 11:00:00,200.1125,200.49803904123266
2026-09-02 12:00:00,197.57166666666663,196.18473121276568
2026-09-02 13:00:00,200.07416666666668,200.19387827396972
2026-09-02 14:00:00,207.1891666666667,207.0932894030959
2026-09-02 15:00:00,208.5858333333333,212.64856043271658
2026-09-02 16:00:00,208.7333333333333,210.08883547927962
2026-09-02 17:00:00,199.23166666666663,201.20759247201502
2026-09-02 18:00:00,196.4358333333333,195.254311876537
2026-09-02 19:00:00,197.0175,197.2141245758812
2026-09-02 20:00:00,190.725,191.26130394836608
2026-09-02 21:00:00,190.69666666666663,192.66991197158455
2026-09-02 22:00:00,190.3766666666667,187.72164878185296
2026-09-02 23:00:00,190.4875,189.5508219905854
2026-09-03 00:00:00,192.91916666666663,195.23377686145668
2026-09-03 01:00:00,194.86,197.34535228958816
2026-09-03 02:00:00,195.87416666666667,197.36067443572176
2026-09-03 03:00:00,202.06916666666663,206.94926134117907
2026-09-03 04:00:00,199.3308333333333,197.3549862909242
2026-09-03 05:00:00,195.73416666666665,194.89614344692788
2026-09-03 06:00:00,206.3708333333333,209.70672329778387
2026-09-03 07:00:00,205.06833333333333,209.3816316519297
2026-09-03 08:00:00,197.82916666666668,198.50545109796428
2026-09-03 09:00:00,192.44833333333327,188.8400230888035
2026-09-03 10:00:00,190.135,189.59122416627008
2026-09-03 11:00:00,200.1125,200.49803904123266
2026-09-03 12:00:00,197.57166666666663,196.18473121276568
2026-09-03 13:00:00,200.07416666666668,200.19387827396972
2026-09-03 14:00:00,207.1891666666667,207.0932894030959
2026-09-03 15:00:00,208.5858333333333,212.64856043271658
2026-09-03 16:00:00,208.7333333333333,210.08883547927962
2026-09-03 17:00:00,199.23166666666663,201.20759247201502
2026-09-03 18:00:00,196.4358333333333,195.254311876537
2026-09-03 19:00:00,197.0175,197.2141245758812
2026-09-03 20:00:00,190.725,191.26130394836608
2026-09-03 21:00:00,190.69666666666663,192.66991197158455
2026-09-03 22:00:00,190.3766666666667,187.72164878185296
2026-09-03 23:00:00,190.4875,189.5508219905854
2026-09-04 00:00:00,192.91916666666663,195.23377686145668
2026-09-04 01:00:00,194.86,197.34535228958816
2026-09-04 02:00:00,195.87416666666667,197.36067443572176
2026-09-04 03:00:00,202.06916666666663,206.94926134117907
2026-09-04 04:00:00,199.3308333333333,197.3549862909242
2026-09-04 05:00:00,195.73416666666665,194.89614344692788
2026-09-04 06:00:00,206.3708333333333,209.70672329778387
2026-09-04 07:00:00,205.06833333333333,209.3816316519297
2026-09-04 08:00:00,197.82916666666668,198.50545109796428
2026-09-04 09:00:00,192.44833333333327,188.8400230888035
2026-09-04 10:00:00,190.135,189.59122416627008
2026-09-04 11:00:00,200.1125,200.49803904123266
2026-09-04 12:00:00,197.57166666666663,196.18473121276568
2026-09-04 13:00:00,200.07416666666668,200.19387827396972
2026-09-04 14:00:00,207.1891666666667,207.0932894030959
2026-09-04 15:00:00,208.5858333333333,212.64856043271658
2026-09-04 16:00:00,208.7333333333333,210.08883547927962
2026-09-04 17:00:00,199.23166666666663,201.20759247201502
2026-09-04 18:00:00,196.4358333333333,195.254311876537
2026-09-04 19:00:00,197.0175,197.2141245758812
2026-09-04 20:00:00,190.725,191.26130394836608
2026-09-04 21:00:00,190.69666666666663,192.66991197158455
2026-09-04 22:00:00,190.3766666666667,187.72164878185296
2026-09-04 23:00:00,190.4875,189.5508219905854
2026-09-05 00:00:00,192.91916666666663,195.23377686145668
2026-09-05 01:00:00,194.86,197.34535228958816
2026-09-05 02:00:00,195.87416666666667,197.36067443572176
2026-09-05 03:00:00,202.06916666666663,206.94926134117907
2026-09-05 04:00:00,199.3308333333333,197.3549862909242
2026-09-05 05:00:00,195.73416666666665,194.89614344692788
2026-09-05 06:00:00,206.3708333333333,209.70672329778387
2026-09-05 07:00:00,205.06833333333333,209.3816316519297
2026-09-05 08:00:00,197.82916666666668,198.50545109796428
2026-09-05 09:00:00,192.44833333333327,188.8400230888035
2026-09-05 10:00:00,190.135,189.59122416627008
2026-09-05 11:00:00,200.1125,200.49803904123266
2026-09-05 12:00:00,197.57166666666663,196.18473121276568
2026-09-05 13:00:00,200.07416666666668,200.19387827396972
2026-09-05 14:00:00,207.1891666666667,207.0932894030959
2026-09-05 15:00:00,208.5858333333333,212.64856043271658
2026-09-05 16:00:00,208.7333333333333,210.08883547927962
2026-09-05 17:00:00,199.23166666666663,201.20759247201502
2026-09-05 18:00:00,196.4358333333333,195.254311876537
2026-09-05 19:00:00,197.0175,197.2141245758812
2026-09-05 20:00:00,190.725,191.26130394836608
2026-09-05 21:00:00,190.69666666666663,192.66991197158455
2026-09-05 22:00:00,190.3766666666667,187.72164878185296
2026-09-05 23:00:00,190.4875,189.5508219905854
2026-09-06 00:00:00,192.91916666666663,195.23377686145668
2026-09-06 01:00:00,194.86,197.34535228958816
2026-09-06 02:00:00,195.87416666666667,197.36067443572176
2026-09-06 03:00:00,202.06916666666663,206.94926134117907
2026-09-06 04:00:00,199.3308333333333,197.3549862909242
2026-09-06 05:00:00,195.73416666666665,194.89614344692788
2026-09-06 06:00:00,206.3708333333333,209.70672329778387
2026-09-06 07:00:00,205.06833333333333,209.3816316519297
2026-09-06 08:00:00,197.82916666666668,198.50545109796428
2026-09-06 09:00:00,192.44833333333327,188.8400230888035
2026-09-06 10:00:00,190.135,189.59122416627008
2026-09-06 11:00:00,200.1125,200.49803904123266
2026-09-06 12:00:00,197.57166666666663,196.18473121276568
2026-09-06 13:00:00,200.07416666666668,200.19387827396972
2026-09-06 14:00:00,207.1891666666667,207.0932894030959
2026-09-06 15:00:00,208.5858333333333,212.64856043271658
2026-09-06 16:00:00,208.7333333333333,210.08883547927962
2026-09-06 17:00:00,199.23166666666663,201.20759247201502
2026-09-06 18:00:00,196.4358333333333,195.254311876537
2026-09-06 19:00:00,197.0175,197.2141245758812
2026-09-06 20:00:00,190.725,191.26130394836608
2026-09-06 21:00:00,190.69666666666663,192.66991197158455
2026-09-06 22:00:00,190.3766666666667,187.72164878185296
2026-09-06 23:00:00,190.4875,189.5508219905854
2026-09-07 00:00:00,192.91916666666663,195.23377686145668
2026-09-07 01:00:00,194.86,197.34535228958816
2026-09-07 02:00:00,195.87416666666667,197.36067443572176
2026-09-07 03:00:00,202.06916666666663,206.94926134117907
2026-09-07 04:00:00,199.3308333333333,197.3549862909242
2026-09-07 05:00:00,195.73416666666665,194.89614344692788
2026-09-07 06:00:00,206.3708333333333,209.70672329778387
2026-09-07 07:00:00,205.06833333333333,209.3816316519297
2026-09-07 08:00:00,197.82916666666668,198.50545109796428
2026-09-07 09:00:00,192.44833333333327,188.8400230888035
2026-09-07 10:00:00,190.135,189.59122416627008
2026-09-07 11:00:00,200.1125,200.49803904123266
2026-09-07 12:00:00,197.57166666666663,196.18473121276568
2026-09-07 13:00:00,200.07416666666668,200.19387827396972
2026-09-07 14:00:00,207.1891666666667,207.0932894030959
2026-09-07 15:00:00,208.5858333333333,212.64856043271658
2026-09-07 16:00:00,208.7333333333333,210.08883547927962
2026-09-07 17:00:00,199.23166666666663,201.20759247201502
2026-09-07 18:00:00,196.4358333333333,195.254311876537
2026-09-07 19:00:00,197.0175,197.2141245758812
2026-09-07 20:00:00,190.725,191.26130394836608
2026-09-07 21:00:00,190.69666666666663,192.66991197158455
2026-09-07 22:00:00,190.3766666666667,187.72164878185296
2026-09-07 23:00:00,190.4875,189.5508219905854
2026-09-08 00:00:00,192.91916666666663,195.23377686145668
2026-09-08 01:00:00,194.86,197.34535228958816
2026-09-08 02:00:00,195.87416666666667,197.36067443572176
2026-09-08 03:00:00,202.06916666666663,206.94926134117907
2026-09-08 04:00:00,199.3308333333333,197.3549862909242
2026-09-08 05:00:00,195.73416666666665,194.89614344692788
2026-09-08 06:00:00,206.3708333333333,209.70672329778387
2026-09-08 07:00:00,205.06833333333333,209.3816316519297
2026-09-08 08:00:00,197.82916666666668,198.50545109796428
2026-09-08 09:00:00,192.44833333333327,188.8400230888035
2026-09-08 10:00:00,190.135,189.59122416627008
2026-09-08 11:00:00,200.1125,200.49803904123266
2026-09-08 12:00:00,197.57166666666663,196.18473121276568
2026-09-08 13:00:00,200.07416666666668,200.19387827396972
2026-09-08 14:00:00,207.1891666666667,207.0932894030959
2026-09-08 15:00:00,208.5858333333333,212.64856043271658
2026-09-08 16:00:00,208.7333333333333,210.08883547927962
2026-09-08 17:00:00,199.23166666666663,201.20759247201502
2026-09-08 18:00:00,196.4358333333333,195.254311876537
2026-09-08 19:00:00,197.0175,197.2141245758812
2026-09-08 20:00:00,190.725,191.26130394836608
2026-09-08 21:00:00,190.69666666666663,192.66991197158455
2026-09-08 22:00:00,190.3766666666667,187.72164878185296
2026-09-08 23:00:00,190.4875,189.5508219905854
2026-09-09 00:00:00,192.91916666666663,195.23377686145668
2026-09-09 01:00:00,194.86,197.34535228958816
2026-09-09 02:00:00,195.87416666666667,197.36067443572176
2026-09-09 03:00:00,202.06916666666663,206.94926134117907
2026-09-09 04:00:00,199.3308333333333,197.3549862909242
2026-09-09 05:00:00,195.73416666666665,194.89614344692788
2026-09-09 06:00:00,206.3708333333333,209.70672329778387
2026-09-09 07:00:00,205.06833333333333,209.3816316519297
2026-09-09 08:00:00,197.82916666666668,198.50545109796428
2026-09-09 09:00:00,192.44833333333327,188.8400230888035
2026-09-09 10:00:00,190.135,189.59122416627008
2026-09-09 11:00:00,200.1125,200.49803904123266
2026-09-09 12:00:00,197.57166666666663,196.18473121276568
2026-09-09 13:00:00,200.07416666666668,200.19387827396972
2026-09-09 14:00:00,207.1891666666667,207.0932894030959
2026-09-09 15:00:00,208.5858333333333,212.64856043271658
2026-09-09 16:00:00,208.7333333333333,210.08883547927962
2026-09-09 17:00:00,199.23166666666663,201.20759247201502
2026-09-09 18:00:00,196.4358333333333,195.254311876537
2026-09-09 19:00:00,197.0175,197.2141245758812
2026-09-09 20:00:00,190.725,191.26130394836608
2026-09-09 21:00:00,190.69666666666663,192.66991197158455
2026-09-09 22:00:00,190.3766666666667,187.72164878185296
2026-09-09 23:00:00,190.4875,189.5508219905854
2026-09-10 00:00:00,192.91916666666663,195.23377686145668
2026-09-10 01:00:00,194.86,197.34535228958816
2026-09-10 02:00:00,195.87416666666667,197.36067443572176
2026-09-10 03:00:00,202.06916666666663,206.94926134117907
2026-09-10 04:00:00,199.3308333333333,197.3549862909242
2026-09-10 05:00:00,195.73416666666665,194.89614344692788
2026-09-10 06:00:00,206.3708333333333,209.70672329778387
2026-09-10 07:00:00,205.06833333333333,209.3816316519297
2026-09-10 08:00:00,197.82916666666668,198.50545109796428
2026-09-10 09:00:00,192.44833333333327,188.8400230888035
2026-09-10 10:00:00,190.135,189.59122416627008
2026-09-10 11:00:00,200.1125,200.49803904123266
2026-09-10 12:00:00,197.57166666666663,196.18473121276568
2026-09-10 13:00:00,200.07416666666668,200.19387827396972
2026-09-10 14:00:00,207.1891666666667,207.0932894030959
2026-09-10 15:00:00,208.5858333333333,212.64856043271658
2026-09-10 16:00:00,208.7333333333333,210.08883547927962
2026-09-10 17:00:00,199.23166666666663,201.20759247201502
2026-09-10 18:00:00,196.4358333333333,195.254311876537
2026-09-10 19:00:00,197.0175,197.2141245758812
2026-09-10 20:00:00,190.725,191.26130394836608
2026-09-10 21:00:00,190.69666666666663,192.66991197158455
2026-09-10 22:00:00,190.3766666666667,187.72164878185296
2026-09-10 23:00:00,190.4875,189.5508219905854
2026-09-11 00:00:00,192.91916666666663,195.23377686145668
2026-09-11 01:00:00,194.86,197.34535228958816
2026-09-11 02:00:00,195.87416666666667,197.36067443572176
2026-09-11 03:00:00,202.06916666666663,206.94926134117907
2026-09-11 04:00:00,199.3308333333333,197.3549862909242
2026-09-11 05:00:00,195.73416666666665,194.89614344692788
2026-09-11 06:00:00,206.3708333333333,209.70672329778387
2026-09-11 07:00:00,205.06833333333333,209.3816316519297
2026-09-11 08:00:00,197.82916666666668,198.50545109796428
2026-09-11 09:00:00,192.44833333333327,188.8400230888035
2026-09-11 10:00:00,190.135,189.59122416627008
2026-09-11 11:00:00,200.1125,200.49803904123266
2026-09-11 12:00:00,197.57166666666663,196.18473121276568
2026-09-11 13:00:00,200.07416666666668,200.19387827396972
2026-09-11 14:00:00,207.1891666666667,207.0932894030959
2026-09-11 15:00:00,208.5858333333333,212.64856043271658
2026-09-11 16:00:00,208.7333333333333,210.08883547927962
2026-09-11 17:00:00,199.23166666666663,201.20759247201502
2026-09-11 18:00:00,196.4358333333333,195.254311876537
2026-09-11 19:00:00,197.0175,197.2141245758812
2026-09-11 20:00:00,190.725,191.26130394836608
2026-09-11 21:00:00,190.69666666666663,192.66991197158455
2026-09-11 22:00:00,190.3766666666667,187.72164878185296
2026-09-11 23:00:00,190.4875,189.5508219905854
2026-09-12 00:00:00,192.91916666666663,195.23377686145668
2026-09-12 01:00:00,194.86,197.34535228958816
2026-09-12 02:00:00,195.87416666666667,197.36067443572176
2026-09-12 03:00:00,202.06916666666663,206.94926134117907
2026-09-12 04:00:00,199.3308333333333,197.3549862909242
2026-09-12 05:00:00,195.73416666666665,194.89614344692788
2026-09-12 06:00:00,206.3708333333333,209.70672329778387
2026-09-12 07:00:00,205.06833333333333,209.3816316519297
2026-09-12 08:00:00,197.82916666666668,198.50545109796428
2026-09-12 09:00:00,192.44833333333327,188.8400230888035
2026-09-12 10:00:00,190.135,189.59122416627008
2026-09-12 11:00:00,200.1125,200.49803904123266
2026-09-12 12:00:00,197.57166666666663,196.18473121276568
2026-09-12 13:00:00,200.07416666666668,200.19387827396972
2026-09-12 14:00:00,207.1891666666667,207.0932894030959
2026-09-12 15:00:00,208.5858333333333,212.64856043271658
2026-09-12 16:00:00,208.7333333333333,210.08883547927962
2026-09-12 17:00:00,199.23166666666663,201.20759247201502
2026-09-12 18:00:00,196.4358333333333,195.254311876537
2026-09-12 19:00:00,197.0175,197.2141245758812
2026-09-12 20:00:00,190.725,191.26130394836608
2026-09-12 21:00:00,190.69666666666663,192.66991197158455
2026-09-12 22:00:00,190.3766666666667,187.72164878185296
2026-09-12 23:00:00,190.4875,189.5508219905854
2026-09-13 00:00:00,192.91916666666663,195.23377686145668
2026-09-13 01:00:00,194.86,197.34535228958816
2026-09-13 02:00:00,195.87416666666667,197.36067443572176
2026-09-13 03:00:00,202.06916666666663,206.94926134117907
2026-09-13 04:00:00,199.3308333333333,197.3549862909242
2026-09-13 05:00:00,195.73416666666665,194.89614344692788
2026-09-13 06:00:00,206.3708333333333,209.70672329778387
2026-09-13 07:00:00,205.06833333333333,209.3816316519297
2026-09-13 08:00:00,197.82916666666668,198.50545109796428
2026-09-13 09:00:00,192.44833333333327,188.8400230888035
2026-09-13 10:00:00,190.135,189.59122416627008
2026-09-13 11:00:00,200.1125,200.49803904123266
2026-09-13 12:00:00,197.57166666666663,196.18473121276568
2026-09-13 13:00:00,200.07416666666668,200.19387827396972
2026-09-13 14:00:00,207.1891666666667,207.0932894030959
2026-09-13 15:00:00,208.5858333333333,212.64856043271658
2026-09-13 16:00:00,208.7333333333333,210.08883547927962
2026-09-13 17:00:00,199.23166666666663,201.20759247201502
2026-09-13 18:00:00,196.4358333333333,195.254311876537
2026-09-13 19:00:00,197.0175,197.2141245758812
2026-09-13 20:00:00,190.725,191.26130394836608
2026-09-13 21:00:00,190.69666666666663,192.66991197158455
2026-09-13 22:00:00,190.3766666666667,187.72164878185296
2026-09-13 23:00:00,190.4875,189.5508219905854
2026-09-14 00:00:00,192.91916666666663,195.23377686145668
2026-09-14 01:00:00,194.86,197.34535228958816
2026-09-14 02:00:00,195.87416666666667,197.36067443572176
2026-09-14 03:00:00,202.06916666666663,206.94926134117907
2026-09-14 04:00:00,199.3308333333333,197.3549862909242
2026-09-14 05:00:00,195.73416666666665,194.89614344692788
2026-09-14 06:00:00,206.3708333333333,209.70672329778387
2026-09-14 07:00:00,205.06833333333333,209.3816316519297
2026-09-14 08:00:00,197.82916666666668,198.50545109796428
2026-09-14 09:00:00,192.44833333333327,188.8400230888035
2026-09-14 10:00:00,190.135,189.59122416627008
2026-09-14 11:00:00,200.1125,200.49803904123266
2026-09-14 12:00:00,197.57166666666663,196.18473121276568
2026-09-14 13:00:00,200.07416666666668,200.19387827396972
2026-09-14 14:00:00,207.1891666666667,207.0932894030959
2026-09-14 15:00:00,208.5858333333333,212.64856043271658
2026-09-14 16:00:00,208.7333333333333,210.08883547927962
2026-09-14 17:00:00,199.23166666666663,201.20759247201502
2026-09-14 18:00:00,196.4358333333333,195.254311876537
2026-09-14 19:00:00,197.0175,197.2141245758812
2026-09-14 20:00:00,190.725,191.26130394836608
2026-09-14 21:00:00,190.69666666666663,192.66991197158455
2026-09-14 22:00:00,190.3766666666667,187.72164878185296
2026-09-14 23:00:00,190.4875,189.5508219905854
2026-09-15 00:00:00,192.91916666666663,195.23377686145668
2026-09-15 01:00:00,194.86,197.34535228958816
2026-09-15 02:00:00,195.87416666666667,197.36067443572176
2026-09-15 03:00:00,202.06916666666663,206.94926134117907
2026-09-15 04:00:00,199.3308333333333,197.3549862909242
2026-09-15 05:00:00,195.73416666666665,194.89614344692788
2026-09-15 06:00:00,206.3708333333333,209.70672329778387
2026-09-15 07:00:00,205.06833333333333,209.3816316519297
2026-09-15 08:00:00,197.82916666666668,198.50545109796428
2026-09-15 09:00:00,192.44833333333327,188.8400230888035
2026-09-15 10:00:00,190.135,189.59122416627008
2026-09-15 11:00:00,200.1125,200.49803904123266
2026-09-15 12:00:00,197.57166666666663,196.18473121276568
2026-09-15 13:00:00,200.07416666666668,200.19387827396972
2026-09-15 14:00:00,207.1891666666667,207.0932894030959
2026-09-15 15:00:00,208.5858333333333,212.64856043271658
2026-09-15 16:00:00,208.7333333333333,210.08883547927962
2026-09-15 17:00:00,199.23166666666663,201.20759247201502
2026-09-15 18:00:00,196.4358333333333,195.254311876537
2026-09-15 19:00:00,197.0175,197.2141245758812
2026-09-15 20:00:00,190.725,191.26130394836608
2026-09-15 21:00:00,190.69666666666663,192.66991197158455
2026-09-15 22:00:00,190.3766666666667,187.72164878185296
2026-09-15 23:00:00,190.4875,189.5508219905854
2026-09-16 00:00:00,192.91916666666663,195.23377686145668
2026-09-16 01:00:00,194.86,197.34535228958816
2026-09-16 02:00:00,195.87416666666667,197.36067443572176
2026-09-16 03:00:00,202.06916666666663,206.94926134117907
2026-09-16 04:00:00,199.3308333333333,197.3549862909242
2026-09-16 05:00:00,195.73416666666665,194.89614344692788
2026-09-16 06:00:00,206.3708333333333,209.70672329778387
2026-09-16 07:00:00,205.06833333333333,209.3816316519297
2026-09-16 08:00:00,197.82916666666668,198.50545109796428
2026-09-16 09:00:00,192.44833333333327,188.8400230888035
2026-09-16 10:00:00,190.135,189.59122416627008
2026-09-16 11:00:00,200.1125,200.49803904123266
2026-09-16 12:00:00,197.57166666666663,196.18473121276568
2026-09-16 13:00:00,200.07416666666668,200.19387827396972
2026-09-16 14:00:00,207.1891666666667,207.0932894030959
2026-09-16 15:00:00,208.5858333333333,212.64856043271658
2026-09-16 16:00:00,208.7333333333333,210.08883547927962
2026-09-16 17:00:00,199.23166666666663,201.20759247201502
2026-09-16 18:00:00,196.4358333333333,195.254311876537
2026-09-16 19:00:00,197.0175,197.2141245758812
2026-09-16 20:00:00,190.725,191.26130394836608
2026-09-16 21:00:00,190.69666666666663,192.66991197158455
2026-09-16 22:00:00,190.3766666666667,187.72164878185296
2026-09-16 23:00:00,190.4875,189.5508219905854
2026-09-17 00:00:00,192.91916666666663,195.23377686145668
2026-09-17 01:00:00,194.86,197.34535228958816
2026-09-17 02:00:00,195.87416666666667,197.36067443572176
2026-09-17 03:00:00,202.06916666666663,206.94926134117907
2026-09-17 04:00:00,199.3308333333333,197.3549862909242
2026-09-17 05:00:00,195.73416666666665,194.89614344692788
2026-09-17 06:00:00,206.3708333333333,209.70672329778387
2026-09-17 07:00:00,205.06833333333333,209.3816316519297
2026-09-17 08:00:00,197.82916666666668,198.50545109796428
2026-09-17 09:00:00,192.44833333333327,188.8400230888035
2026-09-17 10:00:00,190.135,189.59122416627008
2026-09-17 11:00:00,200.1125,200.49803904123266
2026-09-17 12:00:00,197.57166666666663,196.18473121276568
2026-09-17 13:00:00,200.07416666666668,200.19387827396972
2026-09-17 14:00:00,207.1891666666667,207.0932894030959
2026-09-17 15:00:00,208.5858333333333,212.64856043271658
2026-09-17 16:00:00,208.7333333333333,210.08883547927962
2026-09-17 17:00:00,199.23166666666663,201.20759247201502
2026-09-17 18:00:00,196.4358333333333,195.254311876537
2026-09-17 19:00:00,197.0175,197.2141245758812
2026-09-17 20:00:00,190.725,191.26130394836608
2026-09-17 21:00:00,190.69666666666663,192.66991197158455
2026-09-17 22:00:00,190.3766666666667,187.72164878185296
2026-09-17 23:00:00,190.4875,189.5508219905854
2026-09-18 00:00:00,192.91916666666663,195.23377686145668
2026-09-18 01:00:00,194.86,197.34535228958816
2026-09-18 02:00:00,195.87416666666667,197.36067443572176
2026-09-18 03:00:00,202.06916666666663,206.94926134117907
2026-09-18 04:00:00,199.3308333333333,197.3549862909242
2026-09-18 05:00:00,195.73416666666665,194.89614344692788
2026-09-18 06:00:00,206.3708333333333,209.70672329778387
2026-09-18 07:00:00,205.06833333333333,209.3816316519297
2026-09-18 08:00:00,197.82916666666668,198.50545109796428
2026-09-18 09:00:00,192.44833333333327,188.8400230888035
2026-09-18 10:00:00,190.135,189.59122416627008
2026-09-18 11:00:00,200.1125,200.49803904123266
2026-09-18 12:00:00,197.57166666666663,196.18473121276568
2026-09-18 13:00:00,200.07416666666668,200.19387827396972
2026-09-18 14:00:00,207.1891666666667,207.0932894030959
2026-09-18 15:00:00,208.5858333333333,212.64856043271658
2026-09-18 16:00:00,208.7333333333333,210.08883547927962
2026-09-18 17:00:00,199.23166666666663,201.20759247201502
2026-09-18 18:00:00,196.4358333333333,195.254311876537
2026-09-18 19:00:00,197.0175,197.2141245758812
2026-09-18 20:00:00,190.725,191.26130394836608
2026-09-18 21:00:00,190.69666666666663,192.66991197158455
2026-09-18 22:00:00,190.3766666666667,187.72164878185296
2026-09-18 23:00:00,190.4875,189.5508219905854
2026-09-19 00:00:00,192.91916666666663,195.23377686145668
2026-09-19 01:00:00,194.86,197.34535228958816
2026-09-19 02:00:00,195.87416666666667,197.36067443572176
2026-09-19 03:00:00,202.06916666666663,206.94926134117907
2026-09-19 04:00:00,199.3308333333333,197.3549862909242
2026-09-19 05:00:00,195.73416666666665,194.89614344692788
2026-09-19 06:00:00,206.3708333333333,209.70672329778387
2026-09-19 07:00:00,205.06833333333333,209.3816316519297
2026-09-19 08:00:00,197.82916666666668,198.50545109796428
2026-09-19 09:00:00,192.44833333333327,188.8400230888035
2026-09-19 10:00:00,190.135,189.59122416627008
2026-09-19 11:00:00,200.1125,200.49803904123266
2026-09-19 12:00:00,197.57166666666663,196.18473121276568
2026-09-19 13:00:00,200.07416666666668,200.19387827396972
2026-09-19 14:00:00,207.1891666666667,207.0932894030959
2026-09-19 15:00:00,208.5858333333333,212.64856043271658
2026-09-19 16:00:00,208.7333333333333,210.08883547927962
2026-09-19 17:00:00,199.23166666666663,201.20759247201502
2026-09-19 18:00:00,196.4358333333333,195.254311876537
2026-09-19 19:00:00,197.0175,197.2141245758812
2026-09-19 20:00:00,190.725,191.26130394836608
2026-09-19 21:00:00,190.69666666666663,192.66991197158455
2026-09-19 22:00:00,190.3766666666667,187.72164878185296
2026-09-19 23:00:00,190.4875,189.5508219905854
2026-09-20 00:00:00,192.91916666666663,195.23377686145668
2026-09-20 01:00:00,194.86,197.34535228958816
2026-09-20 02:00:00,195.87416666666667,197.36067443572176
2026-09-20 03:00:00,202.06916666666663,206.94926134117907
2026-09-20 04:00:00,199.3308333333333,197.3549862909242
2026-09-20 05:00:00,195.73416666666665,194.89614344692788
2026-09-20 06:00:00,206.3708333333333,209.70672329778387
2026-09-20 07:00:00,205.06833333333333,209.3816316519297
2026-09-20 08:00:00,197.82916666666668,198.50545109796428
2026-09-20 09:00:00,192.44833333333327,188.8400230888035
2026-09-20 10:00:00,190.135,189.59122416627008
2026-09-20 11:00:00,200.1125,200.49803904123266
2026-09-20 12:00:00,197.57166666666663,196.18473121276568
2026-09-20 13:00:00,200.07416666666668,200.19387827396972
2026-09-20 14:00:00,207.1891666666667,207.0932894030959
2026-09-20 15:00:00,208.5858333333333,212.64856043271658
2026-09-20 16:00:00,208.7333333333333,210.08883547927962
2026-09-20 17:00:00,199.23166666666663,201.20759247201502
2026-09-20 18:00:00,196.4358333333333,195.254311876537
2026-09-20 19:00:00,197.0175,197.2141245758812
2026-09-20 20:00:00,190.725,191.26130394836608
2026-09-20 21:00:00,190.69666666666663,192.66991197158455
2026-09-20 22:00:00,190.3766666666667,187.72164878185296
2026-09-20 23:00:00,190.4875,189.5508219905854
2026-09-21 00:00:00,192.91916666666663,195.23377686145668
2026-09-21 01:00:00,194.86,197.34535228958816
2026-09-21 02:00:00,195.87416666666667,197.36067443572176
2026-09-21 03:00:00,202.06916666666663,206.94926134117907
2026-09-21 04:00:00,199.3308333333333,197.3549862909242
2026-09-21 05:00:00,195.73416666666665,194.89614344692788
2026-09-21 06:00:00,206.3708333333333,209.70672329778387
2026-09-21 07:00:00,205.06833333333333,209.3816316519297
2026-09-21 08:00:00,197.82916666666668,198.50545109796428
2026-09-21 09:00:00,192.44833333333327,188.8400230888035
2026-09-21 10:00:00,190.135,189.59122416627008
2026-09-21 11:00:00,200.1125,200.49803904123266
2026-09-21 12:00:00,197.57166666666663,196.18473121276568
2026-09-21 13:00:00,200.07416666666668,200.19387827396972
2026-09-21 14:00:00,207.1891666666667,207.0932894030959
2026-09-21 15:00:00,208.5858333333333,212.64856043271658
2026-09-21 16:00:00,208.7333333333333,210.08883547927962
2026-09-21 17:00:00,199.23166666666663,201.20759247201502
2026-09-21 18:00:00,196.4358333333333,195.254311876537
2026-09-21 19:00:00,197.0175,197.2141245758812
2026-09-21 20:00:00,190.725,191.26130394836608
2026-09-21 21:00:00,190.69666666666663,192.66991197158455
2026-09-21 22:00:00,190.3766666666667,187.72164878185296
2026-09-21 23:00:00,190.4875,189.5508219905854
2026-09-22 00:00:00,192.91916666666663,195.23377686145668
2026-09-22 01:00:00,194.86,197.34535228958816
2026-09-22 02:00:00,195.87416666666667,197.36067443572176
2026-09-22 03:00:00,202.06916666666663,206.94926134117907
2026-09-22 04:00:00,199.3308333333333,197.3549862909242
2026-09-22 05:00:00,195.73416666666665,194.89614344692788
2026-09-22 06:00:00,206.3708333333333,209.70672329778387
2026-09-22 07:00:00,205.06833333333333,209.3816316519297
2026-09-22 08:00:00,197.82916666666668,198.50545109796428
2026-09-22 09:00:00,192.44833333333327,188.8400230888035
2026-09-22 10:00:00,190.135,189.59122416627008
2026-09-22 11:00:00,200.1125,200.49803904123266
2026-09-22 12:00:00,197.57166666666663,196.18473121276568
2026-09-22 13:00:00,200.07416666666668,200.19387827396972
2026-09-22 14:00:00,207.1891666666667,207.0932894030959
2026-09-22 15:00:00,208.5858333333333,212.64856043271658
2026-09-22 16:00:00,208.7333333333333,210.08883547927962
2026-09-22 17:00:00,199.23166666666663,201.20759247201502
2026-09-22 18:00:00,196.4358333333333,195.254311876537
2026-09-22 19:00:00,197.0175,197.2141245758812
2026-09-22 20:00:00,190.725,191.26130394836608
2026-09-22 21:00:00,190.69666666666663,192.66991197158455
2026-09-22 22:00:00,190.3766666666667,187.72164878185296
2026-09-22 23:00:00,190.4875,189.5508219905854
2026-09-23 00:00:00,192.91916666666663,195.23377686145668
2026-09-23 01:00:00,194.86,197.34535228958816
2026-09-23 02:00:00,195.87416666666667,197.36067443572176
2026-09-23 03:00:00,202.06916666666663,206.94926134117907
2026-09-23 04:00:00,199.3308333333333,197.3549862909242
2026-09-23 05:00:00,195.73416666666665,194.89614344692788
2026-09-23 06:00:00,206.3708333333333,209.70672329778387
2026-09-23 07:00:00,205.06833333333333,209.3816316519297
2026-09-23 08:00:00,197.82916666666668,198.50545109796428
2026-09-23 09:00:00,192.44833333333327,188.8400230888035
2026-09-23 10:00:00,190.135,189.59122416627008
2026-09-23 11:00:00,200.1125,200.49803904123266
2026-09-23 12:00:00,197.57166666666663,196.18473121276568
2026-09-23 13:00:00,200.07416666666668,200.19387827396972
2026-09-23 14:00:00,207.1891666666667,207.0932894030959
2026-09-23 15:00:00,208.5858333333333,212.64856043271658
2026-09-23 16:00:00,208.7333333333333,210.08883547927962
2026-09-23 17:00:00,199.23166666666663,201.20759247201502
2026-09-23 18:00:00,196.4358333333333,195.254311876537
2026-09-23 19:00:00,197.0175,197.2141245758812
2026-09-23 20:00:00,190.725,191.26130394836608
2026-09-23 21:00:00,190.69666666666663,192.66991197158455
2026-09-23 22:00:00,190.3766666666667,187.72164878185296
2026-09-23 23:00:00,190.4875,189.5508219905854
2026-09-24 00:00:00,192.91916666666663,195.23377686145668
2026-09-24 01:00:00,194.86,197.34535228958816
2026-09-24 02:00:00,195.87416666666667,197.36067443572176
2026-09-24 03:00:00,202.06916666666663,206.94926134117907
2026-09-24 04:00:00,199.3308333333333,197.3549862909242
2026-09-24 05:00:00,195.73416666666665,194.89614344692788
2026-09-24 06:00:00,206.3708333333333,209.70672329778387
2026-09-24 07:00:00,205.06833333333333,209.3816316519297
2026-09-24 08:00:00,197.82916666666668,198.50545109796428
2026-09-24 09:00:00,192.44833333333327,188.8400230888035
2026-09-24 10:00:00,190.135,189.59122416627008
2026-09-24 11:00:00,200.1125,200.49803904123266
2026-09-24 12:00:00,197.57166666666663,196.18473121276568
2026-09-24 13:00:00,200.07416666666668,200.19387827396972
2026-09-24 14:00:00,207.1891666666667,207.0932894030959
2026-09-24 15:00:00,208.5858333333333,212.64856043271658
2026-09-24 16:00:00,208.7333333333333,210.08883547927962
2026-09-24 17:00:00,199.23166666666663,201.20759247201502
2026-09-24 18:00:00,196.4358333333333,195.254311876537
2026-09-24 19:00:00,197.0175,197.2141245758812
2026-09-24 20:00:00,190.725,191.26130394836608
2026-09-24 21:00:00,190.69666666666663,192.66991197158455
2026-09-24 22:00:00,190.3766666666667,187.72164878185296
2026-09-24 23:00:00,190.4875,189.5508219905854
2026-09-25 00:00:00,192.91916666666663,195.23377686145668
2026-09-25 01:00:00,194.86,197.34535228958816
2026-09-25 02:00:00,195.87416666666667,197.36067443572176
2026-09-25 03:00:00,202.06916666666663,206.94926134117907
2026-09-25 04:00:00,199.3308333333333,197.3549862909242
2026-09-25 05:00:00,195.73416666666665,194.89614344692788
2026-09-25 06:00:00,206.3708333333333,209.70672329778387
2026-09-25 07:00:00,205.06833333333333,209.3816316519297
2026-09-25 08:00:00,197.82916666666668,198.50545109796428
2026-09-25 09:00:00,192.44833333333327,188.8400230888035
2026-09-25 10:00:00,190.135,189.59122416627008
2026-09-25 11:00:00,200.1125,200.49803904123266
2026-09-25 12:00:00,197.57166666666663,196.18473121276568
2026-09-25 13:00:00,200.07416666666668,200.19387827396972
2026-09-25 14:00:00,207.1891666666667,207.0932894030959
2026-09-25 15:00:00,208.5858333333333,212.64856043271658
2026-09-25 16:00:00,208.7333333333333,210.08883547927962
2026-09-25 17:00:00,199.23166666666663,201.20759247201502
2026-09-25 18:00:00,196.4358333333333,195.254311876537
2026-09-25 19:00:00,197.0175,197.2141245758812
2026-09-25 20:00:00,190.725,191.26130394836608
2026-09-25 21:00:00,190.69666666666663,192.66991197158455
2026-09-25 22:00:00,190.3766666666667,187.72164878185296
2026-09-25 23:00:00,190.4875,189.5508219905854
2026-09-26 00:00:00,192.91916666666663,195.23377686145668
2026-09-26 01:00:00,194.86,197.34535228958816
2026-09-26 02:00:00,195.87416666666667,197.36067443572176
2026-09-26 03:00:00,202.06916666666663,206.94926134117907
2026-09-26 04:00:00,199.3308333333333,197.3549862909242
2026-09-26 05:00:00,195.73416666666665,194.89614344692788
2026-09-26 06:00:00,206.3708333333333,209.70672329778387
2026-09-26 07:00:00,205.06833333333333,209.3816316519297
2026-09-26 08:00:00,197.82916666666668,198.50545109796428
2026-09-26 09:00:00,192.44833333333327,188.8400230888035
2026-09-26 10:00:00,190.135,189.59122416627008
2026-09-26 11:00:00,200.1125,200.49803904123266
2026-09-26 12:00:00,197.57166666666663,196.18473121276568
2026-09-26 13:00:00,200.07416666666668,200.19387827396972
2026-09-26 14:00:00,207.1891666666667,207.0932894030959
2026-09-26 15:00:00,208.5858333333333,212.64856043271658
2026-09-26 16:00:00,208.7333333333333,210.08883547927962
2026-09-26 17:00:00,199.23166666666663,201.20759247201502
2026-09-26 18:00:00,196.4358333333333,195.254311876537
2026-09-26 19:00:00,197.0175,197.2141245758812
2026-09-26 20:00:00,190.725,191.26130394836608
2026-09-26 21:00:00,190.69666666666663,192.66991197158455
2026-09-26 22:00:00,190.3766666666667,187.72164878185296
2026-09-26 23:00:00,190.4875,189.5508219905854
2026-09-27 00:00:00,192.91916666666663,195.23377686145668
2026-09-27 01:00:00,194.86,197.34535228958816
2026-09-27 02:00:00,195.87416666666667,197.36067443572176
2026-09-27 03:00:00,202.06916666666663,206.94926134117907
2026-09-27 04:00:00,199.3308333333333,197.3549862909242
2026-09-27 05:00:00,195.73416666666665,194.89614344692788
2026-09-27 06:00:00,206.3708333333333,209.70672329778387
2026-09-27 07:00:00,205.06833333333333,209.3816316519297
2026-09-27 08:00:00,197.82916666666668,198.50545109796428
2026-09-27 09:00:00,192.44833333333327,188.8400230888035
2026-09-27 10:00:00,190.135,189.59122416627008
2026-09-27 11:00:00,200.1125,200.49803904123266
2026-09-27 12:00:00,197.57166666666663,196.18473121276568
2026-09-27 13:00:00,200.07416666666668,200.19387827396972
2026-09-27 14:00:00,207.1891666666667,207.0932894030959
2026-09-27 15:00:00,208.5858333333333,212.64856043271658
2026-09-27 16:00:00,208.7333333333333,210.08883547927962
2026-09-27 17:00:00,199.23166666666663,201.20759247201502
2026-09-27 18:00:00,196.4358333333333,195.254311876537
2026-09-27 19:00:00,197.0175,197.2141245758812
2026-09-27 20:00:00,190.725,191.26130394836608
2026-09-27 21:00:00,190.69666666666663,192.66991197158455
2026-09-27 22:00:00,190.3766666666667,187.72164878185296
2026-09-27 23:00:00,190.4875,189.5508219905854
2026-09-28 00:00:00,192.91916666666663,195.23377686145668
2026-09-28 01:00:00,194.86,197.34535228958816
2026-09-28 02:00:00,195.87416666666667,197.36067443572176
2026-09-28 03:00:00,202.06916666666663,206.94926134117907
2026-09-28 04:00:00,199.3308333333333,197.3549862909242
2026-09-28 05:00:00,195.73416666666665,194.89614344692788
2026-09-28 06:00:00,206.3708333333333,209.70672329778387
2026-09-28 07:00:00,205.06833333333333,209.3816316519297
2026-09-28 08:00:00,197.82916666666668,198.50545109796428
2026-09-28 09:00:00,192.44833333333327,188.8400230888035
2026-09-28 10:00:00,190.135,189.59122416627008
2026-09-28 11:00:00,200.1125,200.49803904123266
2026-09-28 12:00:00,197.57166666666663,196.18473121276568
2026-09-28 13:00:00,200.07416666666668,200.19387827396972
2026-09-28 14:00:00,207.1891666666667,207.0932894030959
2026-09-28 15:00:00,208.5858333333333,212.64856043271658
2026-09-28 16:00:00,208.7333333333333,210.08883547927962
2026-09-28 17:00:00,199.23166666666663,201.20759247201502
2026-09-28 18:00:00,196.4358333333333,195.254311876537
2026-09-28 19:00:00,197.0175,197.2141245758812
2026-09-28 20:00:00,190.725,191.26130394836608
2026-09-28 21:00:00,190.69666666666663,192.66991197158455
2026-09-28 22:00:00,190.3766666666667,187.72164878185296
2026-09-28 23:00:00,190.4875,189.5508219905854
2026-09-29 00:00:00,192.91916666666663,195.23377686145668
2026-09-29 01:00:00,194.86,197.34535228958816
2026-09-29 02:00:00,195.87416666666667,197.36067443572176
2026-09-29 03:00:00,202.06916666666663,206.94926134117907
2026-09-29 04:00:00,199.3308333333333,197.3549862909242
2026-09-29 05:00:00,195.73416666666665,194.89614344692788
2026-09-29 06:00:00,206.3708333333333,209.70672329778387
2026-09-29 07:00:00,205.06833333333333,209.3816316519297
2026-09-29 08:00:00,197.82916666666668,198.50545109796428
2026-09-29 09:00:00,192.44833333333327,188.8400230888035
2026-09-29 10:00:00,190.135,189.59122416627008
2026-09-29 11:00:00,200.1125,200.49803904123266
2026-09-29 12:00:00,197.57166666666663,196.18473121276568
2026-09-29 13:00:00,200.07416666666668,200.19387827396972
2026-09-29 14:00:00,207.1891666666667,207.0932894030959
2026-09-29 15:00:00,208.5858333333333,212.64856043271658
2026-09-29 16:00:00,208.7333333333333,210.08883547927962
2026-09-29 17:00:00,199.23166666666663,201.20759247201502
2026-09-29 18:00:00,196.4358333333333,195.254311876537
2026-09-29 19:00:00,197.0175,197.2141245758812
2026-09-29 20:00:00,190.725,191.26130394836608
2026-09-29 21:00:00,190.69666666666663,192.66991197158455
2026-09-29 22:00:00,190.3766666666667,187.72164878185296
2026-09-29 23:00:00,190.4875,189.5508219905854
2026-09-30 00:00:00,192.91916666666663,195.23377686145668
2026-09-30 01:00:00,194.86,197.34535228958816
2026-09-30 02:00:00,195.87416666666667,197.36067443572176
2026-09-30 03:00:00,202.06916666666663,206.94926134117907
2026-09-30 04:00:00,199.3308333333333,197.3549862909242
2026-09-30 05:00:00,195.73416666666665,194.89614344692788
2026-09-30 06:00:00,206.3708333333333,209.70672329778387
2026-09-30 07:00:00,205.06833333333333,209.3816316519297
2026-09-30 08:00:00,197.82916666666668,198.50545109796428
2026-09-30 09:00:00,192.44833333333327,188.8400230888035
2026-09-30 10:00:00,190.135,189.59122416627008
2026-09-30 11:00:00,200.1125,200.49803904123266
2026-09-30 12:00:00,197.57166666666663,196.18473121276568
2026-09-30 13:00:00,200.07416666666668,200.19387827396972
2026-09-30 14:00:00,207.1891666666667,207.0932894030959
2026-09-30 15:00:00,208.5858333333333,212.64856043271658
2026-09-30 16:00:00,208.7333333333333,210.08883547927962
2026-09-30 17:00:00,199.23166666666663,201.20759247201502
2026-09-30 18:00:00,196.4358333333333,195.254311876537
2026-09-30 19:00:00,197.0175,197.2141245758812
2026-09-30 20:00:00,190.725,191.26130394836608
2026-09-30 21:00:00,190.69666666666663,192.66991197158455
2026-09-30 22:00:00,190.3766666666667,187.72164878185296
2026-09-30 23:00:00,190.4875,189.5508219905854
2026-10-01 00:00:00,146.44032258064516,148.6243981031697
2026-10-01 01:00:00,151.72016129032258,148.76795059639488
2026-10-01 02:00:00,149.8306451612903,155.45771330319792
2026-10-01 03:00:00,156.67419354838708,161.0894218204271
2026-10-01 04:00:00,156.24435483870968,161.37463700020476
2026-10-01 05:00:00,155.48387096774192,163.03794389186714
2026-10-01 06:00:00,164.0483870967742,167.49505040242366
2026-10-01 07:00:00,154.0991935483871,157.8081115859826
2026-10-01 08:00:00,152.13629032258066,152.7509957082559
2026-10-01 09:00:00,153.8524193548387,156.03137807906
2026-10-01 10:00:00,150.78790322580645,156.64747532658816
2026-10-01 11:00:00,160.38790322580644,162.29222527988395
2026-10-01 12:00:00,165.52983870967742,167.611141669223
2026-10-01 13:00:00,170.65806451612903,170.82892701681737
2026-10-01 14:00:00,178.07822580645163,176.5032445018477
2026-10-01 15:00:00,180.59596774193548,177.97294053418102
2026-10-01 16:00:00,181.6274193548387,184.7306626518995
2026-10-01 17:00:00,170.1733870967742,176.73623501583847
2026-10-01 18:00:00,149.05806451612904,154.47537711854886
2026-10-01 19:00:00,140.73467741935482,140.89950167183719
2026-10-01 20:00:00,137.18306451612904,139.43300092291747
2026-10-01 21:00:00,137.4774193548387,142.23997416885732
2026-10-01 22:00:00,141.43790322580645,145.72848694899403
2026-10-01 23:00:00,149.34193548387097,153.4073479145228
2026-10-02 00:00:00,146.44032258064516,150.50159940910777
2026-10-02 01:00:00,151.72016129032258,154.90956599927813
2026-10-02 02:00:00,149.8306451612903,154.0696246203654
2026-10-02 03:00:00,156.67419354838708,161.42209194966586
2026-10-02 04:00:00,156.24435483870968,161.60283886818854
2026-10-02 05:00:00,155.48387096774192,161.1293617454595
2026-10-02 06:00:00,164.0483870967742,166.6202155267606
2026-10-02 07:00:00,154.0991935483871,156.85709612648725
2026-10-02 08:00:00,152.13629032258066,151.90068681895713
2026-10-02 09:00:00,153.8524193548387,154.85043342685003
2026-10-02 10:00:00,150.78790322580645,154.90661206500874
2026-10-02 11:00:00,160.38790322580644,162.4600943000105
2026-10-02 12:00:00,165.52983870967742,167.611141669223
2026-10-02 13:00:00,170.65806451612903,170.82892701681737
2026-10-02 14:00:00,178.07822580645163,176.5032445018477
2026-10-02 15:00:00,180.59596774193548,177.97294053418102
2026-10-02 16:00:00,181.6274193548387,184.7306626518995
2026-10-02 17:00:00,170.1733870967742,176.73623501583847
2026-10-02 18:00:00,149.05806451612904,154.47537711854886
2026-10-02 19:00:00,140.73467741935482,140.89950167183719
2026-10-02 20:00:00,137.18306451612904,139.43300092291747
2026-10-02 21:00:00,137.4774193548387,142.23997416885732
2026-10-02 22:00:00,141.43790322580645,145.72848694899403
2026-10-02 23:00:00,149.34193548387097,153.4073479145228
2026-10-03 00:00:00,146.44032258064516,150.50159940910777
2026-10-03 01:00:00,151.72016129032258,154.90956599927813
2026-10-03 02:00:00,149.8306451612903,154.0696246203654
2026-10-03 03:00:00,156.67419354838708,161.42209194966586
2026-10-03 04:00:00,156.24435483870968,161.60283886818854
2026-10-03 05:00:00,155.48387096774192,161.1293617454595
2026-10-03 06:00:00,164.0483870967742,166.6202155267606
2026-10-03 07:00:00,154.0991935483871,156.85709612648725
2026-10-03 08:00:00,152.13629032258066,151.90068681895713
2026-10-03 09:00:00,153.8524193548387,154.85043342685003
2026-10-03 10:00:00,150.78790322580645,154.90661206500874
2026-10-03 11:00:00,160.38790322580644,162.4600943000105
2026-10-03 12:00:00,165.52983870967742,167.611141669223
2026-10-03 13:00:00,170.65806451612903,170.82892701681737
2026-10-03 14:00:00,178.07822580645163,176.5032445018477
2026-10-03 15:00:00,180.59596774193548,177.97294053418102
2026-10-03 16:00:00,181.6274193548387,184.7306626518995
2026-10-03 17:00:00,170.1733870967742,176.73623501583847
2026-10-03 18:00:00,149.05806451612904,154.47537711854886
2026-10-03 19:00:00,140.73467741935482,140.89950167183719
2026-10-03 20:00:00,137.18306451612904,139.43300092291747
2026-10-03 21:00:00,137.4774193548387,142.23997416885732
2026-10-03 22:00:00,141.43790322580645,145.72848694899403
2026-10-03 23:00:00,149.34193548387097,153.4073479145228
2026-10-04 00:00:00,146.44032258064516,150.50159940910777
2026-10-04 01:00:00,151.72016129032258,154.90956599927813
2026-10-04 02:00:00,149.8306451612903,154.0696246203654
2026-10-04 03:00:00,156.67419354838708,161.42209194966586
2026-10-04 04:00:00,156.24435483870968,161.60283886818854
2026-10-04 05:00:00,155.48387096774192,161.1293617454595
2026-10-04 06:00:00,164.0483870967742,166.6202155267606
2026-10-04 07:00:00,154.0991935483871,156.85709612648725
2026-10-04 08:00:00,152.13629032258066,151.90068681895713
2026-10-04 09:00:00,153.8524193548387,154.85043342685003
2026-10-04 10:00:00,150.78790322580645,154.90661206500874
2026-10-04 11:00:00,160.38790322580644,162.4600943000105
2026-10-04 12:00:00,165.52983870967742,167.611141669223
2026-10-04 13:00:00,170.65806451612903,170.82892701681737
2026-10-04 14:00:00,178.07822580645163,176.5032445018477
2026-10-04 15:00:00,180.59596774193548,177.97294053418102
2026-10-04 16:00:00,181.6274193548387,184.7306626518995
2026-10-04 17:00:00,170.1733870967742,176.73623501583847
2026-10-04 18:00:00,149.05806451612904,154.47537711854886
2026-10-04 19:00:00,140.73467741935482,140.89950167183719
2026-10-04 20:00:00,137.18306451612904,139.43300092291747
2026-10-04 21:00:00,137.4774193548387,142.23997416885732
2026-10-04 22:00:00,141.43790322580645,145.72848694899403
2026-10-04 23:00:00,149.34193548387097,153.4073479145228
2026-10-05 00:00:00,146.44032258064516,150.50159940910777
2026-10-05 01:00:00,151.72016129032258,154.90956599927813
2026-10-05 02:00:00,149.8306451612903,154.0696246203654
2026-10-05 03:00:00,156.67419354838708,161.42209194966586
2026-10-05 04:00:00,156.24435483870968,161.60283886818854
2026-10-05 05:00:00,155.48387096774192,161.1293617454595
2026-10-05 06:00:00,164.0483870967742,166.6202155267606
2026-10-05 07:00:00,154.0991935483871,156.85709612648725
2026-10-05 08:00:00,152.13629032258066,151.90068681895713
2026-10-05 09:00:00,153.8524193548387,154.85043342685003
2026-10-05 10:00:00,150.78790322580645,154.90661206500874
2026-10-05 11:00:00,160.38790322580644,162.4600943000105
2026-10-05 12:00:00,165.52983870967742,167.611141669223
2026-10-05 13:00:00,170.65806451612903,170.82892701681737
2026-10-05 14:00:00,178.07822580645163,176.5032445018477
2026-10-05 15:00:00,180.59596774193548,177.97294053418102
2026-10-05 16:00:00,181.6274193548387,184.7306626518995
2026-10-05 17:00:00,170.1733870967742,176.73623501583847
2026-10-05 18:00:00,149.05806451612904,154.47537711854886
2026-10-05 19:00:00,140.73467741935482,140.89950167183719
2026-10-05 20:00:00,137.18306451612904,139.43300092291747
2026-10-05 21:00:00,137.4774193548387,142.23997416885732
2026-10-05 22:00:00,141.43790322580645,145.72848694899403
2026-10-05 23:00:00,149.34193548387097,153.4073479145228
2026-10-06 00:00:00,146.44032258064516,150.50159940910777
2026-10-06 01:00:00,151.72016129032258,154.90956599927813
2026-10-06 02:00:00,149.8306451612903,154.0696246203654
2026-10-06 03:00:00,156.67419354838708,161.42209194966586
2026-10-06 04:00:00,156.24435483870968,161.60283886818854
2026-10-06 05:00:00,155.48387096774192,161.1293617454595
2026-10-06 06:00:00,164.0483870967742,166.6202155267606
2026-10-06 07:00:00,154.0991935483871,156.85709612648725
2026-10-06 08:00:00,152.13629032258066,151.90068681895713
2026-10-06 09:00:00,153.8524193548387,154.85043342685003
2026-10-06 10:00:00,150.78790322580645,154.90661206500874
2026-10-06 11:00:00,160.38790322580644,162.4600943000105
2026-10-06 12:00:00,165.52983870967742,167.611141669223
2026-10-06 13:00:00,170.65806451612903,170.82892701681737
2026-10-06 14:00:00,178.07822580645163,176.5032445018477
2026-10-06 15:00:00,180.59596774193548,177.97294053418102
2026-10-06 16:00:00,181.6274193548387,184.7306626518995
2026-10-06 17:00:00,170.1733870967742,176.73623501583847
2026-10-06 18:00:00,149.05806451612904,154.47537711854886
2026-10-06 19:00:00,140.73467741935482,140.89950167183719
2026-10-06 20:00:00,137.18306451612904,139.43300092291747
2026-10-06 21:00:00,137.4774193548387,142.23997416885732
2026-10-06 22:00:00,141.43790322580645,145.72848694899403
2026-10-06 23:00:00,149.34193548387097,153.4073479145228
2026-10-07 00:00:00,146.44032258064516,150.50159940910777
2026-10-07 01:00:00,151.72016129032258,154.90956599927813
2026-10-07 02:00:00,149.8306451612903,154.0696246203654
2026-10-07 03:00:00,156.67419354838708,161.42209194966586
2026-10-07 04:00:00,156.24435483870968,161.60283886818854
2026-10-07 05:00:00,155.48387096774192,161.1293617454595
2026-10-07 06:00:00,164.0483870967742,166.6202155267606
2026-10-07 07:00:00,154.0991935483871,156.85709612648725
2026-10-07 08:00:00,152.13629032258066,151.90068681895713
2026-10-07 09:00:00,153.8524193548387,154.85043342685003
2026-10-07 10:00:00,150.78790322580645,154.90661206500874
2026-10-07 11:00:00,160.38790322580644,162.4600943000105
2026-10-07 12:00:00,165.52983870967742,167.611141669223
2026-10-07 13:00:00,170.65806451612903,170.82892701681737
2026-10-07 14:00:00,178.07822580645163,176.5032445018477
2026-10-07 15:00:00,180.59596774193548,177.97294053418102
2026-10-07 16:00:00,181.6274193548387,184.7306626518995
2026-10-07 17:00:00,170.1733870967742,176.73623501583847
2026-10-07 18:00:00,149.05806451612904,154.47537711854886
2026-10-07 19:00:00,140.73467741935482,140.89950167183719
2026-10-07 20:00:00,137.18306451612904,139.43300092291747
2026-10-07 21:00:00,137.4774193548387,142.23997416885732
2026-10-07 22:00:00,141.43790322580645,145.72848694899403
2026-10-07 23:00:00,149.34193548387097,153.4073479145228
2026-10-08 00:00:00,146.44032258064516,150.50159940910777
2026-10-08 01:00:00,151.72016129032258,154.90956599927813
2026-10-08 02:00:00,149.8306451612903,154.0696246203654
2026-10-08 03:00:00,156.67419354838708,161.42209194966586
2026-10-08 04:00:00,156.24435483870968,161.60283886818854
2026-10-08 05:00:00,155.48387096774192,161.1293617454595
2026-10-08 06:00:00,164.0483870967742,166.6202155267606
2026-10-08 07:00:00,154.0991935483871,156.85709612648725
2026-10-08 08:00:00,152.13629032258066,151.90068681895713
2026-10-08 09:00:00,153.8524193548387,154.85043342685003
2026-10-08 10:00:00,150.78790322580645,154.90661206500874
2026-10-08 11:00:00,160.38790322580644,162.4600943000105
2026-10-08 12:00:00,165.52983870967742,167.611141669223
2026-10-08 13:00:00,170.65806451612903,170.82892701681737
2026-10-08 14:00:00,178.07822580645163,176.5032445018477
2026-10-08 15:00:00,180.59596774193548,177.97294053418102
2026-10-08 16:00:00,181.6274193548387,184.7306626518995
2026-10-08 17:00:00,170.1733870967742,176.73623501583847
2026-10-08 18:00:00,149.05806451612904,154.47537711854886
2026-10-08 19:00:00,140.73467741935482,140.89950167183719
2026-10-08 20:00:00,137.18306451612904,139.43300092291747
2026-10-08 21:00:00,137.4774193548387,142.23997416885732
2026-10-08 22:00:00,141.43790322580645,145.72848694899403
2026-10-08 23:00:00,149.34193548387097,153.4073479145228
2026-10-09 00:00:00,146.44032258064516,150.50159940910777
2026-10-09 01:00:00,151.72016129032258,154.90956599927813
2026-10-09 02:00:00,149.8306451612903,154.0696246203654
2026-10-09 03:00:00,156.67419354838708,161.42209194966586
2026-10-09 04:00:00,156.24435483870968,161.60283886818854
2026-10-09 05:00:00,155.48387096774192,161.1293617454595
2026-10-09 06:00:00,164.0483870967742,166.6202155267606
2026-10-09 07:00:00,154.0991935483871,156.85709612648725
2026-10-09 08:00:00,152.13629032258066,151.90068681895713
2026-10-09 09:00:00,153.8524193548387,154.85043342685003
2026-10-09 10:00:00,150.78790322580645,154.90661206500874
2026-10-09 11:00:00,160.38790322580644,162.4600943000105
2026-10-09 12:00:00,165.52983870967742,167.611141669223
2026-10-09 13:00:00,170.65806451612903,170.82892701681737
2026-10-09 14:00:00,178.07822580645163,176.5032445018477
2026-10-09 15:00:00,180.59596774193548,177.97294053418102
2026-10-09 16:00:00,181.6274193548387,184.7306626518995
2026-10-09 17:00:00,170.1733870967742,176.73623501583847
2026-10-09 18:00:00,149.05806451612904,154.47537711854886
2026-10-09 19:00:00,140.73467741935482,140.89950167183719
2026-10-09 20:00:00,137.18306451612904,139.43300092291747
2026-10-09 21:00:00,137.4774193548387,142.23997416885732
2026-10-09 22:00:00,141.43790322580645,145.72848694899403
2026-10-09 23:00:00,149.34193548387097,153.4073479145228
2026-10-10 00:00:00,146.44032258064516,150.50159940910777
2026-10-10 01:00:00,151.72016129032258,154.90956599927813
2026-10-10 02:00:00,149.8306451612903,154.0696246203654
2026-10-10 03:00:00,156.67419354838708,161.42209194966586
2026-10-10 04:00:00,156.24435483870968,161.60283886818854
2026-10-10 05:00:00,155.48387096774192,161.1293617454595
2026-10-10 06:00:00,164.0483870967742,166.6202155267606
2026-10-10 07:00:00,154.0991935483871,156.85709612648725
2026-10-10 08:00:00,152.13629032258066,151.90068681895713
2026-10-10 09:00:00,153.8524193548387,154.85043342685003
2026-10-10 10:00:00,150.78790322580645,154.90661206500874
2026-10-10 11:00:00,160.38790322580644,162.4600943000105
2026-10-10 12:00:00,165.52983870967742,167.611141669223
2026-10-10 13:00:00,170.65806451612903,170.82892701681737
2026-10-10 14:00:00,178.07822580645163,176.5032445018477
2026-10-10 15:00:00,180.59596774193548,177.97294053418102
2026-10-10 16:00:00,181.6274193548387,184.7306626518995
2026-10-10 17:00:00,170.1733870967742,176.73623501583847
2026-10-10 18:00:00,149.05806451612904,154.47537711854886
2026-10-10 19:00:00,140.73467741935482,140.89950167183719
2026-10-10 20:00:00,137.18306451612904,139.43300092291747
2026-10-10 21:00:00,137.4774193548387,142.23997416885732
2026-10-10 22:00:00,141.43790322580645,145.72848694899403
2026-10-10 23:00:00,149.34193548387097,153.4073479145228
2026-10-11 00:00:00,146.44032258064516,150.50159940910777
2026-10-11 01:00:00,151.72016129032258,154.90956599927813
2026-10-11 02:00:00,149.8306451612903,154.0696246203654
2026-10-11 03:00:00,156.67419354838708,161.42209194966586
2026-10-11 04:00:00,156.24435483870968,161.60283886818854
2026-10-11 05:00:00,155.48387096774192,161.1293617454595
2026-10-11 06:00:00,164.0483870967742,166.6202155267606
2026-10-11 07:00:00,154.0991935483871,156.85709612648725
2026-10-11 08:00:00,152.13629032258066,151.90068681895713
2026-10-11 09:00:00,153.8524193548387,154.85043342685003
2026-10-11 10:00:00,150.78790322580645,154.90661206500874
2026-10-11 11:00:00,160.38790322580644,162.4600943000105
2026-10-11 12:00:00,165.52983870967742,167.611141669223
2026-10-11 13:00:00,170.65806451612903,170.82892701681737
2026-10-11 14:00:00,178.07822580645163,176.5032445018477
2026-10-11 15:00:00,180.59596774193548,177.97294053418102
2026-10-11 16:00:00,181.6274193548387,184.7306626518995
2026-10-11 17:00:00,170.1733870967742,176.73623501583847
2026-10-11 18:00:00,149.05806451612904,154.47537711854886
2026-10-11 19:00:00,140.73467741935482,140.89950167183719
2026-10-11 20:00:00,137.18306451612904,139.43300092291747
2026-10-11 21:00:00,137.4774193548387,142.23997416885732
2026-10-11 22:00:00,141.43790322580645,145.72848694899403
2026-10-11 23:00:00,149.34193548387097,153.4073479145228
2026-10-12 00:00:00,146.44032258064516,150.50159940910777
2026-10-12 01:00:00,151.72016129032258,154.90956599927813
2026-10-12 02:00:00,149.8306451612903,154.0696246203654
2026-10-12 03:00:00,156.67419354838708,161.42209194966586
2026-10-12 04:00:00,156.24435483870968,161.60283886818854
2026-10-12 05:00:00,155.48387096774192,161.1293617454595
2026-10-12 06:00:00,164.0483870967742,166.6202155267606
2026-10-12 07:00:00,154.0991935483871,156.85709612648725
2026-10-12 08:00:00,152.13629032258066,151.90068681895713
2026-10-12 09:00:00,153.8524193548387,154.85043342685003
2026-10-12 10:00:00,150.78790322580645,154.90661206500874
2026-10-12 11:00:00,160.38790322580644,162.4600943000105
2026-10-12 12:00:00,165.52983870967742,167.611141669223
2026-10-12 13:00:00,170.65806451612903,170.82892701681737
2026-10-12 14:00:00,178.07822580645163,176.5032445018477
2026-10-12 15:00:00,180.59596774193548,177.97294053418102
2026-10-12 16:00:00,181.6274193548387,184.7306626518995
2026-10-12 17:00:00,170.1733870967742,176.73623501583847
2026-10-12 18:00:00,149.05806451612904,154.47537711854886
2026-10-12 19:00:00,140.73467741935482,140.89950167183719
2026-10-12 20:00:00,137.18306451612904,139.43300092291747
2026-10-12 21:00:00,137.4774193548387,142.23997416885732
2026-10-12 22:00:00,141.43790322580645,145.72848694899403
2026-10-12 23:00:00,149.34193548387097,153.4073479145228
2026-10-13 00:00:00,146.44032258064516,150.50159940910777
2026-10-13 01:00:00,151.72016129032258,154.90956599927813
2026-10-13 02:00:00,149.8306451612903,154.0696246203654
2026-10-13 03:00:00,156.67419354838708,161.42209194966586
2026-10-13 04:00:00,156.24435483870968,161.60283886818854
2026-10-13 05:00:00,155.48387096774192,161.1293617454595
2026-10-13 06:00:00,164.0483870967742,166.6202155267606
2026-10-13 07:00:00,154.0991935483871,156.85709612648725
2026-10-13 08:00:00,152.13629032258066,151.90068681895713
2026-10-13 09:00:00,153.8524193548387,154.85043342685003
2026-10-13 10:00:00,150.78790322580645,154.90661206500874
2026-10-13 11:00:00,160.38790322580644,162.4600943000105
2026-10-13 12:00:00,165.52983870967742,167.611141669223
2026-10-13 13:00:00,170.65806451612903,170.82892701681737
2026-10-13 14:00:00,178.07822580645163,176.5032445018477
2026-10-13 15:00:00,180.59596774193548,177.97294053418102
2026-10-13 16:00:00,181.6274193548387,184.7306626518995
2026-10-13 17:00:00,170.1733870967742,176.73623501583847
2026-10-13 18:00:00,149.05806451612904,154.47537711854886
2026-10-13 19:00:00,140.73467741935482,140.89950167183719
2026-10-13 20:00:00,137.18306451612904,139.43300092291747
2026-10-13 21:00:00,137.4774193548387,142.23997416885732
2026-10-13 22:00:00,141.43790322580645,145.72848694899403
2026-10-13 23:00:00,149.34193548387097,153.4073479145228
2026-10-14 00:00:00,146.44032258064516,150.50159940910777
2026-10-14 01:00:00,151.72016129032258,154.90956599927813
2026-10-14 02:00:00,149.8306451612903,154.0696246203654
2026-10-14 03:00:00,156.67419354838708,161.42209194966586
2026-10-14 04:00:00,156.24435483870968,161.60283886818854
2026-10-14 05:00:00,155.48387096774192,161.1293617454595
2026-10-14 06:00:00,164.0483870967742,166.6202155267606
2026-10-14 07:00:00,154.0991935483871,156.85709612648725
2026-10-14 08:00:00,152.13629032258066,151.90068681895713
2026-10-14 09:00:00,153.8524193548387,154.85043342685003
2026-10-14 10:00:00,150.78790322580645,154.90661206500874
2026-10-14 11:00:00,160.38790322580644,162.4600943000105
2026-10-14 12:00:00,165.52983870967742,167.611141669223
2026-10-14 13:00:00,170.65806451612903,170.82892701681737
2026-10-14 14:00:00,178.07822580645163,176.5032445018477
2026-10-14 15:00:00,180.59596774193548,177.97294053418102
2026-10-14 16:00:00,181.6274193548387,184.7306626518995
2026-10-14 17:00:00,170.1733870967742,176.73623501583847
2026-10-14 18:00:00,149.05806451612904,154.47537711854886
2026-10-14 19:00:00,140.73467741935482,140.89950167183719
2026-10-14 20:00:00,137.18306451612904,139.43300092291747
2026-10-14 21:00:00,137.4774193548387,142.23997416885732
2026-10-14 22:00:00,141.43790322580645,145.72848694899403
2026-10-14 23:00:00,149.34193548387097,153.4073479145228
2026-10-15 00:00:00,146.44032258064516,150.50159940910777
2026-10-15 01:00:00,151.72016129032258,154.90956599927813
2026-10-15 02:00:00,149.8306451612903,154.0696246203654
2026-10-15 03:00:00,156.67419354838708,161.42209194966586
2026-10-15 04:00:00,156.24435483870968,161.60283886818854
2026-10-15 05:00:00,155.48387096774192,161.1293617454595
2026-10-15 06:00:00,164.0483870967742,166.6202155267606
2026-10-15 07:00:00,154.0991935483871,156.85709612648725
2026-10-15 08:00:00,152.13629032258066,151.90068681895713
2026-10-15 09:00:00,153.8524193548387,154.85043342685003
2026-10-15 10:00:00,150.78790322580645,154.90661206500874
2026-10-15 11:00:00,160.38790322580644,162.4600943000105
2026-10-15 12:00:00,165.52983870967742,167.611141669223
2026-10-15 13:00:00,170.65806451612903,170.82892701681737
2026-10-15 14:00:00,178.07822580645163,176.5032445018477
2026-10-15 15:00:00,180.59596774193548,177.97294053418102
2026-10-15 16:00:00,181.6274193548387,184.7306626518995
2026-10-15 17:00:00,170.1733870967742,176.73623501583847
2026-10-15 18:00:00,149.05806451612904,154.47537711854886
2026-10-15 19:00:00,140.73467741935482,140.89950167183719
2026-10-15 20:00:00,137.18306451612904,139.43300092291747
2026-10-15 21:00:00,137.4774193548387,142.23997416885732
2026-10-15 22:00:00,141.43790322580645,145.72848694899403
2026-10-15 23:00:00,149.34193548387097,153.4073479145228
2026-10-16 00:00:00,146.44032258064516,150.50159940910777
2026-10-16 01:00:00,151.72016129032258,154.90956599927813
2026-10-16 02:00:00,149.8306451612903,154.0696246203654
2026-10-16 03:00:00,156.67419354838708,161.42209194966586
2026-10-16 04:00:00,156.24435483870968,161.60283886818854
2026-10-16 05:00:00,155.48387096774192,161.1293617454595
2026-10-16 06:00:00,164.0483870967742,166.6202155267606
2026-10-16 07:00:00,154.0991935483871,156.85709612648725
2026-10-16 08:00:00,152.13629032258066,151.90068681895713
2026-10-16 09:00:00,153.8524193548387,154.85043342685003
2026-10-16 10:00:00,150.78790322580645,154.90661206500874
2026-10-16 11:00:00,160.38790322580644,162.4600943000105
2026-10-16 12:00:00,165.52983870967742,167.611141669223
2026-10-16 13:00:00,170.65806451612903,170.82892701681737
2026-10-16 14:00:00,178.07822580645163,176.5032445018477
2026-10-16 15:00:00,180.59596774193548,177.97294053418102
2026-10-16 16:00:00,181.6274193548387,184.7306626518995
2026-10-16 17:00:00,170.1733870967742,176.73623501583847
2026-10-16 18:00:00,149.05806451612904,154.47537711854886
2026-10-16 19:00:00,140.73467741935482,140.89950167183719
2026-10-16 20:00:00,137.18306451612904,139.43300092291747
2026-10-16 21:00:00,137.4774193548387,142.23997416885732
2026-10-16 22:00:00,141.43790322580645,145.72848694899403
2026-10-16 23:00:00,149.34193548387097,153.4073479145228
2026-10-17 00:00:00,146.44032258064516,150.50159940910777
2026-10-17 01:00:00,151.72016129032258,154.90956599927813
2026-10-17 02:00:00,149.8306451612903,154.0696246203654
2026-10-17 03:00:00,156.67419354838708,161.42209194966586
2026-10-17 04:00:00,156.24435483870968,161.60283886818854
2026-10-17 05:00:00,155.48387096774192,161.1293617454595
2026-10-17 06:00:00,164.0483870967742,166.6202155267606
2026-10-17 07:00:00,154.0991935483871,156.85709612648725
2026-10-17 08:00:00,152.13629032258066,151.90068681895713
2026-10-17 09:00:00,153.8524193548387,154.85043342685003
2026-10-17 10:00:00,150.78790322580645,154.90661206500874
2026-10-17 11:00:00,160.38790322580644,162.4600943000105
2026-10-17 12:00:00,165.52983870967742,167.611141669223
2026-10-17 13:00:00,170.65806451612903,170.82892701681737
2026-10-17 14:00:00,178.07822580645163,176.5032445018477
2026-10-17 15:00:00,180.59596774193548,177.97294053418102
2026-10-17 16:00:00,181.6274193548387,184.7306626518995
2026-10-17 17:00:00,170.1733870967742,176.73623501583847
2026-10-17 18:00:00,149.05806451612904,154.47537711854886
2026-10-17 19:00:00,140.73467741935482,140.89950167183719
2026-10-17 20:00:00,137.18306451612904,139.43300092291747
2026-10-17 21:00:00,137.4774193548387,142.23997416885732
2026-10-17 22:00:00,141.43790322580645,145.72848694899403
2026-10-17 23:00:00,149.34193548387097,153.4073479145228
2026-10-18 00:00:00,146.44032258064516,150.50159940910777
2026-10-18 01:00:00,151.72016129032258,154.90956599927813
2026-10-18 02:00:00,149.8306451612903,154.0696246203654
2026-10-18 03:00:00,156.67419354838708,161.42209194966586
2026-10-18 04:00:00,156.24435483870968,161.60283886818854
2026-10-18 05:00:00,155.48387096774192,161.1293617454595
2026-10-18 06:00:00,164.0483870967742,166.6202155267606
2026-10-18 07:00:00,154.0991935483871,156.85709612648725
2026-10-18 08:00:00,152.13629032258066,151.90068681895713
2026-10-18 09:00:00,153.8524193548387,154.85043342685003
2026-10-18 10:00:00,150.78790322580645,154.90661206500874
2026-10-18 11:00:00,160.38790322580644,162.4600943000105
2026-10-18 12:00:00,165.52983870967742,167.611141669223
2026-10-18 13:00:00,170.65806451612903,170.82892701681737
2026-10-18 14:00:00,178.07822580645163,176.5032445018477
2026-10-18 15:00:00,180.59596774193548,177.97294053418102
2026-10-18 16:00:00,181.6274193548387,184.7306626518995
2026-10-18 17:00:00,170.1733870967742,176.73623501583847
2026-10-18 18:00:00,149.05806451612904,154.47537711854886
2026-10-18 19:00:00,140.73467741935482,140.89950167183719
2026-10-18 20:00:00,137.18306451612904,139.43300092291747
2026-10-18 21:00:00,137.4774193548387,142.23997416885732
2026-10-18 22:00:00,141.43790322580645,145.72848694899403
2026-10-18 23:00:00,149.34193548387097,153.4073479145228
2026-10-19 00:00:00,146.44032258064516,150.50159940910777
2026-10-19 01:00:00,151.72016129032258,154.90956599927813
2026-10-19 02:00:00,149.8306451612903,154.0696246203654
2026-10-19 03:00:00,156.67419354838708,161.42209194966586
2026-10-19 04:00:00,156.24435483870968,161.60283886818854
2026-10-19 05:00:00,155.48387096774192,161.1293617454595
2026-10-19 06:00:00,164.0483870967742,166.6202155267606
2026-10-19 07:00:00,154.0991935483871,156.85709612648725
2026-10-19 08:00:00,152.13629032258066,151.90068681895713
2026-10-19 09:00:00,153.8524193548387,154.85043342685003
2026-10-19 10:00:00,150.78790322580645,154.90661206500874
2026-10-19 11:00:00,160.38790322580644,162.4600943000105
2026-10-19 12:00:00,165.52983870967742,167.611141669223
2026-10-19 13:00:00,170.65806451612903,170.82892701681737
2026-10-19 14:00:00,178.07822580645163,176.5032445018477
2026-10-19 15:00:00,180.59596774193548,177.97294053418102
2026-10-19 16:00:00,181.6274193548387,184.7306626518995
2026-10-19 17:00:00,170.1733870967742,176.73623501583847
2026-10-19 18:00:00,149.05806451612904,154.47537711854886
2026-10-19 19:00:00,140.73467741935482,140.89950167183719
2026-10-19 20:00:00,137.18306451612904,139.43300092291747
2026-10-19 21:00:00,137.4774193548387,142.23997416885732
2026-10-19 22:00:00,141.43790322580645,145.72848694899403
2026-10-19 23:00:00,149.34193548387097,153.4073479145228
2026-10-20 00:00:00,146.44032258064516,150.50159940910777
2026-10-20 01:00:00,151.72016129032258,154.90956599927813
2026-10-20 02:00:00,149.8306451612903,154.0696246203654
2026-10-20 03:00:00,156.67419354838708,161.42209194966586
2026-10-20 04:00:00,156.24435483870968,161.60283886818854
2026-10-20 05:00:00,155.48387096774192,161.1293617454595
2026-10-20 06:00:00,164.0483870967742,166.6202155267606
2026-10-20 07:00:00,154.0991935483871,156.85709612648725
2026-10-20 08:00:00,152.13629032258066,151.90068681895713
2026-10-20 09:00:00,153.8524193548387,154.85043342685003
2026-10-20 10:00:00,150.78790322580645,154.90661206500874
2026-10-20 11:00:00,160.38790322580644,162.4600943000105
2026-10-20 12:00:00,165.52983870967742,167.611141669223
2026-10-20 13:00:00,170.65806451612903,170.82892701681737
2026-10-20 14:00:00,178.07822580645163,176.5032445018477
2026-10-20 15:00:00,180.59596774193548,177.97294053418102
2026-10-20 16:00:00,181.6274193548387,184.7306626518995
2026-10-20 17:00:00,170.1733870967742,176.73623501583847
2026-10-20 18:00:00,149.05806451612904,154.47537711854886
2026-10-20 19:00:00,140.73467741935482,140.89950167183719
2026-10-20 20:00:00,137.18306451612904,139.43300092291747
2026-10-20 21:00:00,137.4774193548387,142.23997416885732
2026-10-20 22:00:00,141.43790322580645,145.72848694899403
2026-10-20 23:00:00,149.34193548387097,153.4073479145228
2026-10-21 00:00:00,146.44032258064516,150.50159940910777
2026-10-21 01:00:00,151.72016129032258,154.90956599927813
2026-10-21 02:00:00,149.8306451612903,154.0696246203654
2026-10-21 03:00:00,156.67419354838708,161.42209194966586
2026-10-21 04:00:00,156.24435483870968,161.60283886818854
2026-10-21 05:00:00,155.48387096774192,161.1293617454595
2026-10-21 06:00:00,164.0483870967742,166.6202155267606
2026-10-21 07:00:00,154.0991935483871,156.85709612648725
2026-10-21 08:00:00,152.13629032258066,151.90068681895713
2026-10-21 09:00:00,153.8524193548387,154.85043342685003
2026-10-21 10:00:00,150.78790322580645,154.90661206500874
2026-10-21 11:00:00,160.38790322580644,162.4600943000105
2026-10-21 12:00:00,165.52983870967742,167.611141669223
2026-10-21 13:00:00,170.65806451612903,170.82892701681737
2026-10-21 14:00:00,178.07822580645163,176.5032445018477
2026-10-21 15:00:00,180.59596774193548,177.97294053418102
2026-10-21 16:00:00,181.6274193548387,184.7306626518995
2026-10-21 17:00:00,170.1733870967742,176.73623501583847
2026-10-21 18:00:00,149.05806451612904,154.47537711854886
2026-10-21 19:00:00,140.73467741935482,140.89950167183719
2026-10-21 20:00:00,137.18306451612904,139.43300092291747
2026-10-21 21:00:00,137.4774193548387,142.23997416885732
2026-10-21 22:00:00,141.43790322580645,145.72848694899403
2026-10-21 23:00:00,149.34193548387097,153.4073479145228
2026-10-22 00:00:00,146.44032258064516,150.50159940910777
2026-10-22 01:00:00,151.72016129032258,154.90956599927813
2026-10-22 02:00:00,149.8306451612903,154.0696246203654
2026-10-22 03:00:00,156.67419354838708,161.42209194966586
2026-10-22 04:00:00,156.24435483870968,161.60283886818854
2026-10-22 05:00:00,155.48387096774192,161.1293617454595
2026-10-22 06:00:00,164.0483870967742,166.6202155267606
2026-10-22 07:00:00,154.0991935483871,156.85709612648725
2026-10-22 08:00:00,152.13629032258066,151.90068681895713
2026-10-22 09:00:00,153.8524193548387,154.85043342685003
2026-10-22 10:00:00,150.78790322580645,154.90661206500874
2026-10-22 11:00:00,160.38790322580644,162.4600943000105
2026-10-22 12:00:00,165.52983870967742,167.611141669223
2026-10-22 13:00:00,170.65806451612903,170.82892701681737
2026-10-22 14:00:00,178.07822580645163,176.5032445018477
2026-10-22 15:00:00,180.59596774193548,177.97294053418102
2026-10-22 16:00:00,181.6274193548387,184.7306626518995
2026-10-22 17:00:00,170.1733870967742,176.73623501583847
2026-10-22 18:00:00,149.05806451612904,154.47537711854886
2026-10-22 19:00:00,140.73467741935482,140.89950167183719
2026-10-22 20:00:00,137.18306451612904,139.43300092291747
2026-10-22 21:00:00,137.4774193548387,142.23997416885732
2026-10-22 22:00:00,141.43790322580645,145.72848694899403
2026-10-22 23:00:00,149.34193548387097,153.4073479145228
2026-10-23 00:00:00,146.44032258064516,150.50159940910777
2026-10-23 01:00:00,151.72016129032258,154.90956599927813
2026-10-23 02:00:00,149.8306451612903,154.0696246203654
2026-10-23 03:00:00,156.67419354838708,161.42209194966586
2026-10-23 04:00:00,156.24435483870968,161.60283886818854
2026-10-23 05:00:00,155.48387096774192,161.1293617454595
2026-10-23 06:00:00,164.0483870967742,166.6202155267606
2026-10-23 07:00:00,154.0991935483871,156.85709612648725
2026-10-23 08:00:00,152.13629032258066,151.90068681895713
2026-10-23 09:00:00,153.8524193548387,154.85043342685003
2026-10-23 10:00:00,150.78790322580645,154.90661206500874
2026-10-23 11:00:00,160.38790322580644,162.4600943000105
2026-10-23 12:00:00,165.52983870967742,167.611141669223
2026-10-23 13:00:00,170.65806451612903,170.82892701681737
2026-10-23 14:00:00,178.07822580645163,176.5032445018477
2026-10-23 15:00:00,180.59596774193548,177.97294053418102
2026-10-23 16:00:00,181.6274193548387,184.7306626518995
2026-10-23 17:00:00,170.1733870967742,176.73623501583847
2026-10-23 18:00:00,149.05806451612904,154.47537711854886
2026-10-23 19:00:00,140.73467741935482,140.89950167183719
2026-10-23 20:00:00,137.18306451612904,139.43300092291747
2026-10-23 21:00:00,137.4774193548387,142.23997416885732
2026-10-23 22:00:00,141.43790322580645,145.72848694899403
2026-10-23 23:00:00,149.34193548387097,153.4073479145228
2026-10-24 00:00:00,146.44032258064516,150.50159940910777
2026-10-24 01:00:00,151.72016129032258,154.90956599927813
2026-10-24 02:00:00,149.8306451612903,154.0696246203654
2026-10-24 03:00:00,156.67419354838708,161.42209194966586
2026-10-24 04:00:00,156.24435483870968,161.60283886818854
2026-10-24 05:00:00,155.48387096774192,161.1293617454595
2026-10-24 06:00:00,164.0483870967742,166.6202155267606
2026-10-24 07:00:00,154.0991935483871,156.85709612648725
2026-10-24 08:00:00,152.13629032258066,151.90068681895713
2026-10-24 09:00:00,153.8524193548387,154.85043342685003
2026-10-24 10:00:00,150.78790322580645,154.90661206500874
2026-10-24 11:00:00,160.38790322580644,162.4600943000105
2026-10-24 12:00:00,165.52983870967742,167.611141669223
2026-10-24 13:00:00,170.65806451612903,170.82892701681737
2026-10-24 14:00:00,178.07822580645163,176.5032445018477
2026-10-24 15:00:00,180.59596774193548,177.97294053418102
2026-10-24 16:00:00,181.6274193548387,184.7306626518995
2026-10-24 17:00:00,170.1733870967742,176.73623501583847
2026-10-24 18:00:00,149.05806451612904,154.47537711854886
2026-10-24 19:00:00,140.73467741935482,140.89950167183719
2026-10-24 20:00:00,137.18306451612904,139.43300092291747
2026-10-24 21:00:00,137.4774193548387,142.23997416885732
2026-10-24 22:00:00,141.43790322580645,145.72848694899403
2026-10-24 23:00:00,149.34193548387097,153.4073479145228
2026-10-25 00:00:00,146.44032258064516,150.50159940910777
2026-10-25 01:00:00,151.72016129032258,154.90956599927813
2026-10-25 02:00:00,149.8306451612903,154.0696246203654
2026-10-25 03:00:00,156.67419354838708,161.42209194966586
2026-10-25 04:00:00,156.24435483870968,161.60283886818854
2026-10-25 05:00:00,155.48387096774192,161.1293617454595
2026-10-25 06:00:00,164.0483870967742,166.6202155267606
2026-10-25 07:00:00,154.0991935483871,156.85709612648725
2026-10-25 08:00:00,152.13629032258066,151.90068681895713
2026-10-25 09:00:00,153.8524193548387,154.85043342685003
2026-10-25 10:00:00,150.78790322580645,154.90661206500874
2026-10-25 11:00:00,160.38790322580644,162.4600943000105
2026-10-25 12:00:00,165.52983870967742,167.611141669223
2026-10-25 13:00:00,170.65806451612903,170.82892701681737
2026-10-25 14:00:00,178.07822580645163,176.5032445018477
2026-10-25 15:00:00,180.59596774193548,177.97294053418102
2026-10-25 16:00:00,181.6274193548387,184.7306626518995
2026-10-25 17:00:00,170.1733870967742,176.73623501583847
2026-10-25 18:00:00,149.05806451612904,154.47537711854886
2026-10-25 19:00:00,140.73467741935482,140.89950167183719
2026-10-25 20:00:00,137.18306451612904,139.43300092291747
2026-10-25 21:00:00,137.4774193548387,142.23997416885732
2026-10-25 22:00:00,141.43790322580645,145.72848694899403
2026-10-25 23:00:00,149.34193548387097,153.4073479145228
2026-10-26 00:00:00,146.44032258064516,150.50159940910777
2026-10-26 01:00:00,151.72016129032258,154.90956599927813
2026-10-26 02:00:00,149.8306451612903,154.0696246203654
2026-10-26 03:00:00,156.67419354838708,161.42209194966586
2026-10-26 04:00:00,156.24435483870968,161.60283886818854
2026-10-26 05:00:00,155.48387096774192,161.1293617454595
2026-10-26 06:00:00,164.0483870967742,166.6202155267606
2026-10-26 07:00:00,154.0991935483871,156.85709612648725
2026-10-26 08:00:00,152.13629032258066,151.90068681895713
2026-10-26 09:00:00,153.8524193548387,154.85043342685003
2026-10-26 10:00:00,150.78790322580645,154.90661206500874
2026-10-26 11:00:00,160.38790322580644,162.4600943000105
2026-10-26 12:00:00,165.52983870967742,167.611141669223
2026-10-26 13:00:00,170.65806451612903,170.82892701681737
2026-10-26 14:00:00,178.07822580645163,176.5032445018477
2026-10-26 15:00:00,180.59596774193548,177.97294053418102
2026-10-26 16:00:00,181.6274193548387,184.7306626518995
2026-10-26 17:00:00,170.1733870967742,176.73623501583847
2026-10-26 18:00:00,149.05806451612904,154.47537711854886
2026-10-26 19:00:00,140.73467741935482,140.89950167183719
2026-10-26 20:00:00,137.18306451612904,139.43300092291747
2026-10-26 21:00:00,137.4774193548387,142.23997416885732
2026-10-26 22:00:00,141.43790322580645,145.72848694899403
2026-10-26 23:00:00,149.34193548387097,153.4073479145228
2026-10-27 00:00:00,146.44032258064516,150.50159940910777
2026-10-27 01:00:00,151.72016129032258,154.90956599927813
2026-10-27 02:00:00,149.8306451612903,154.0696246203654
2026-10-27 03:00:00,156.67419354838708,161.42209194966586
2026-10-27 04:00:00,156.24435483870968,161.60283886818854
2026-10-27 05:00:00,155.48387096774192,161.1293617454595
2026-10-27 06:00:00,164.0483870967742,166.6202155267606
2026-10-27 07:00:00,154.0991935483871,156.85709612648725
2026-10-27 08:00:00,152.13629032258066,151.90068681895713
2026-10-27 09:00:00,153.8524193548387,154.85043342685003
2026-10-27 10:00:00,150.78790322580645,154.90661206500874
2026-10-27 11:00:00,160.38790322580644,162.4600943000105
2026-10-27 12:00:00,165.52983870967742,167.611141669223
2026-10-27 13:00:00,170.65806451612903,170.82892701681737
2026-10-27 14:00:00,178.07822580645163,176.5032445018477
2026-10-27 15:00:00,180.59596774193548,177.97294053418102
2026-10-27 16:00:00,181.6274193548387,184.7306626518995
2026-10-27 17:00:00,170.1733870967742,176.73623501583847
2026-10-27 18:00:00,149.05806451612904,154.47537711854886
2026-10-27 19:00:00,140.73467741935482,140.89950167183719
2026-10-27 20:00:00,137.18306451612904,139.43300092291747
2026-10-27 21:00:00,137.4774193548387,142.23997416885732
2026-10-27 22:00:00,141.43790322580645,145.72848694899403
2026-10-27 23:00:00,149.34193548387097,153.4073479145228
2026-10-28 00:00:00,146.44032258064516,150.50159940910777
2026-10-28 01:00:00,151.72016129032258,154.90956599927813
2026-10-28 02:00:00,149.8306451612903,154.0696246203654
2026-10-28 03:00:00,156.67419354838708,161.42209194966586
2026-10-28 04:00:00,156.24435483870968,161.60283886818854
2026-10-28 05:00:00,155.48387096774192,161.1293617454595
2026-10-28 06:00:00,164.0483870967742,166.6202155267606
2026-10-28 07:00:00,154.0991935483871,156.85709612648725
2026-10-28 08:00:00,152.13629032258066,151.90068681895713
2026-10-28 09:00:00,153.8524193548387,154.85043342685003
2026-10-28 10:00:00,150.78790322580645,154.90661206500874
2026-10-28 11:00:00,160.38790322580644,162.4600943000105
2026-10-28 12:00:00,165.52983870967742,167.611141669223
2026-10-28 13:00:00,170.65806451612903,170.82892701681737
2026-10-28 14:00:00,178.07822580645163,176.5032445018477
2026-10-28 15:00:00,180.59596774193548,177.97294053418102
2026-10-28 16:00:00,181.6274193548387,184.7306626518995
2026-10-28 17:00:00,170.1733870967742,176.73623501583847
2026-10-28 18:00:00,149.05806451612904,154.47537711854886
2026-10-28 19:00:00,140.73467741935482,140.89950167183719
2026-10-28 20:00:00,137.18306451612904,139.43300092291747
2026-10-28 21:00:00,137.4774193548387,142.23997416885732
2026-10-28 22:00:00,141.43790322580645,145.72848694899403
2026-10-28 23:00:00,149.34193548387097,153.4073479145228
2026-10-29 00:00:00,146.44032258064516,150.50159940910777
2026-10-29 01:00:00,151.72016129032258,154.90956599927813
2026-10-29 02:00:00,149.8306451612903,154.0696246203654
2026-10-29 03:00:00,156.67419354838708,161.42209194966586
2026-10-29 04:00:00,156.24435483870968,161.60283886818854
2026-10-29 05:00:00,155.48387096774192,161.1293617454595
2026-10-29 06:00:00,164.0483870967742,166.6202155267606
2026-10-29 07:00:00,154.0991935483871,156.85709612648725
2026-10-29 08:00:00,152.13629032258066,151.90068681895713
2026-10-29 09:00:00,153.8524193548387,154.85043342685003
2026-10-29 10:00:00,150.78790322580645,154.90661206500874
2026-10-29 11:00:00,160.38790322580644,162.4600943000105
2026-10-29 12:00:00,165.52983870967742,167.611141669223
2026-10-29 13:00:00,170.65806451612903,170.82892701681737
2026-10-29 14:00:00,178.07822580645163,176.5032445018477
2026-10-29 15:00:00,180.59596774193548,177.97294053418102
2026-10-29 16:00:00,181.6274193548387,184.7306626518995
2026-10-29 17:00:00,170.1733870967742,176.73623501583847
2026-10-29 18:00:00,149.05806451612904,154.47537711854886
2026-10-29 19:00:00,140.73467741935482,140.89950167183719
2026-10-29 20:00:00,137.18306451612904,139.43300092291747
2026-10-29 21:00:00,137.4774193548387,142.23997416885732
2026-10-29 22:00:00,141.43790322580645,145.72848694899403
2026-10-29 23:00:00,149.34193548387097,153.4073479145228
2026-10-30 00:00:00,146.44032258064516,150.50159940910777
2026-10-30 01:00:00,151.72016129032258,154.90956599927813
2026-10-30 02:00:00,149.8306451612903,154.0696246203654
2026-10-30 03:00:00,156.67419354838708,161.42209194966586
2026-10-30 04:00:00,156.24435483870968,161.60283886818854
2026-10-30 05:00:00,155.48387096774192,161.1293617454595
2026-10-30 06:00:00,164.0483870967742,166.6202155267606
2026-10-30 07:00:00,154.0991935483871,156.85709612648725
2026-10-30 08:00:00,152.13629032258066,151.90068681895713
2026-10-30 09:00:00,153.8524193548387,154.85043342685003
2026-10-30 10:00:00,150.78790322580645,154.90661206500874
2026-10-30 11:00:00,160.38790322580644,162.4600943000105
2026-10-30 12:00:00,165.52983870967742,167.611141669223
2026-10-30 13:00:00,170.65806451612903,170.82892701681737
2026-10-30 14:00:00,178.07822580645163,176.5032445018477
2026-10-30 15:00:00,180.59596774193548,177.97294053418102
2026-10-30 16:00:00,181.6274193548387,184.7306626518995
2026-10-30 17:00:00,170.1733870967742,176.73623501583847
2026-10-30 18:00:00,149.05806451612904,154.47537711854886
2026-10-30 19:00:00,140.73467741935482,140.89950167183719
2026-10-30 20:00:00,137.18306451612904,139.43300092291747
2026-10-30 21:00:00,137.4774193548387,142.23997416885732
2026-10-30 22:00:00,141.43790322580645,145.72848694899403
2026-10-30 23:00:00,149.34193548387097,153.4073479145228
2026-10-31 00:00:00,146.44032258064516,150.50159940910777
2026-10-31 01:00:00,151.72016129032258,154.90956599927813
2026-10-31 02:00:00,149.8306451612903,154.0696246203654
2026-10-31 03:00:00,156.67419354838708,161.42209194966586
2026-10-31 04:00:00,156.24435483870968,161.60283886818854
2026-10-31 05:00:00,155.48387096774192,161.1293617454595
2026-10-31 06:00:00,164.0483870967742,166.6202155267606
2026-10-31 07:00:00,154.0991935483871,156.85709612648725
2026-10-31 08:00:00,152.13629032258066,151.90068681895713
2026-10-31 09:00:00,153.8524193548387,154.85043342685003
2026-10-31 10:00:00,150.78790322580645,154.90661206500874
2026-10-31 11:00:00,160.38790322580644,162.4600943000105
2026-10-31 12:00:00,165.52983870967742,167.611141669223
2026-10-31 13:00:00,170.65806451612903,170.82892701681737
2026-10-31 14:00:00,178.07822580645163,176.5032445018477
2026-10-31 15:00:00,180.59596774193548,177.97294053418102
2026-10-31 16:00:00,181.6274193548387,184.7306626518995
2026-10-31 17:00:00,170.1733870967742,176.73623501583847
2026-10-31 18:00:00,149.05806451612904,154.47537711854886
2026-10-31 19:00:00,140.73467741935482,140.89950167183719
2026-10-31 20:00:00,137.18306451612904,139.43300092291747
2026-10-31 21:00:00,137.4774193548387,142.23997416885732
2026-10-31 22:00:00,141.43790322580645,145.72848694899403
2026-10-31 23:00:00,149.34193548387097,153.4073479145228
2026-11-01 00:00:00,96.01166666666668,100.67682975189985
2026-11-01 01:00:00,104.615,108.05139713658406
2026-11-01 02:00:00,94.65083333333334,97.64773421943437
2026-11-01 03:00:00,109.11583333333331,116.5259226287942
2026-11-01 04:00:00,104.4575,105.79888026970036
2026-11-01 05:00:00,101.73833333333332,98.38568261325952
2026-11-01 06:00:00,100.42416666666666,102.35938416877275
2026-11-01 07:00:00,98.22166666666666,98.57976649047328
2026-11-01 08:00:00,89.7525,90.36229551061137
2026-11-01 09:00:00,89.19166666666666,88.98017215683348
2026-11-01 10:00:00,88.85416666666667,87.58974139584842
2026-11-01 11:00:00,93.19,90.49558493460086
2026-11-01 12:00:00,91.865,90.84551156668738
2026-11-01 13:00:00,87.56,87.56058221690881
2026-11-01 14:00:00,92.46916666666668,92.69397306950827
2026-11-01 15:00:00,84.25166666666668,84.20237603636139
2026-11-01 16:00:00,91.575,90.56165505171492
2026-11-01 17:00:00,90.60666666666664,89.53991270660663
2026-11-01 18:00:00,84.23833333333333,84.16786627668915
2026-11-01 19:00:00,79.66833333333334,78.4041083152203
2026-11-01 20:00:00,74.4625,73.10842178402692
2026-11-01 21:00:00,81.01,83.15578017023302
2026-11-01 22:00:00,90.87666666666668,92.84849330608273
2026-11-01 23:00:00,86.40416666666667,87.04761472422808
2026-11-02 00:00:00,96.01166666666668,94.10060711559265
2026-11-02 01:00:00,104.615,106.27710364506595
2026-11-02 02:00:00,94.65083333333334,93.92072890227615
2026-11-02 03:00:00,109.11583333333331,110.13614396701234
2026-11-02 04:00:00,104.4575,100.58190305425137
2026-11-02 05:00:00,101.73833333333332,95.26932310051586
2026-11-02 06:00:00,100.42416666666666,100.38799426672875
2026-11-02 07:00:00,98.22166666666666,97.95498372721744
2026-11-02 08:00:00,89.7525,89.865644791607
2026-11-02 09:00:00,89.19166666666666,88.39307651586586
2026-11-02 10:00:00,88.85416666666667,86.99669334405928
2026-11-02 11:00:00,93.19,89.662233154788
2026-11-02 12:00:00,91.865,90.84551156668738
2026-11-02 13:00:00,87.56,87.56058221690881
2026-11-02 14:00:00,92.46916666666668,92.69397306950827
2026-11-02 15:00:00,84.25166666666668,84.20237603636139
2026-11-02 16:00:00,91.575,90.56165505171492
2026-11-02 17:00:00,90.60666666666664,89.53991270660663
2026-11-02 18:00:00,84.23833333333333,84.16786627668915
2026-11-02 19:00:00,79.66833333333334,78.4041083152203
2026-11-02 20:00:00,74.4625,73.10842178402692
2026-11-02 21:00:00,81.01,83.15578017023302
2026-11-02 22:00:00,90.87666666666668,92.84849330608273
2026-11-02 23:00:00,86.40416666666667,87.04761472422808
2026-11-03 00:00:00,96.01166666666668,94.10060711559265
2026-11-03 01:00:00,104.615,106.27710364506595
2026-11-03 02:00:00,94.65083333333334,93.92072890227615
2026-11-03 03:00:00,109.11583333333331,110.13614396701234
2026-11-03 04:00:00,104.4575,100.58190305425137
2026-11-03 05:00:00,101.73833333333332,95.26932310051586
2026-11-03 06:00:00,100.42416666666666,100.38799426672875
2026-11-03 07:00:00,98.22166666666666,97.95498372721744
2026-11-03 08:00:00,89.7525,89.865644791607
2026-11-03 09:00:00,89.19166666666666,88.39307651586586
2026-11-03 10:00:00,88.85416666666667,86.99669334405928
2026-11-03 11:00:00,93.19,89.662233154788
2026-11-03 12:00:00,91.865,90.84551156668738
2026-11-03 13:00:00,87.56,87.56058221690881
2026-11-03 14:00:00,92.46916666666668,92.69397306950827
2026-11-03 15:00:00,84.25166666666668,84.20237603636139
2026-11-03 16:00:00,91.575,90.56165505171492
2026-11-03 17:00:00,90.60666666666664,89.53991270660663
2026-11-03 18:00:00,84.23833333333333,84.16786627668915
2026-11-03 19:00:00,79.66833333333334,78.4041083152203
2026-11-03 20:00:00,74.4625,73.10842178402692
2026-11-03 21:00:00,81.01,83.15578017023302
2026-11-03 22:00:00,90.87666666666668,92.84849330608273
2026-11-03 23:00:00,86.40416666666667,87.04761472422808
2026-11-04 00:00:00,96.01166666666668,94.10060711559265
2026-11-04 01:00:00,104.615,106.27710364506595
2026-11-04 02:00:00,94.65083333333334,93.92072890227615
2026-11-04 03:00:00,109.11583333333331,110.13614396701234
2026-11-04 04:00:00,104.4575,100.58190305425137
2026-11-04 05:00:00,101.73833333333332,95.26932310051586
2026-11-04 06:00:00,100.42416666666666,100.38799426672875
2026-11-04 07:00:00,98.22166666666666,97.95498372721744
2026-11-04 08:00:00,89.7525,89.865644791607
2026-11-04 09:00:00,89.19166666666666,88.39307651586586
2026-11-04 10:00:00,88.85416666666667,86.99669334405928
2026-11-04 11:00:00,93.19,89.662233154788
2026-11-04 12:00:00,91.865,90.84551156668738
2026-11-04 13:00:00,87.56,87.56058221690881
2026-11-04 14:00:00,92.46916666666668,92.69397306950827
2026-11-04 15:00:00,84.25166666666668,84.20237603636139
2026-11-04 16:00:00,91.575,90.56165505171492
2026-11-04 17:00:00,90.60666666666664,89.53991270660663
2026-11-04 18:00:00,84.23833333333333,84.16786627668915
2026-11-04 19:00:00,79.66833333333334,78.4041083152203
2026-11-04 20:00:00,74.4625,73.10842178402692
2026-11-04 21:00:00,81.01,83.15578017023302
2026-11-04 22:00:00,90.87666666666668,92.84849330608273
2026-11-04 23:00:00,86.40416666666667,87.04761472422808
2026-11-05 00:00:00,96.01166666666668,94.10060711559265
2026-11-05 01:00:00,104.615,106.27710364506595
2026-11-05 02:00:00,94.65083333333334,93.92072890227615
2026-11-05 03:00:00,109.11583333333331,110.13614396701234
2026-11-05 04:00:00,104.4575,100.58190305425137
2026-11-05 05:00:00,101.73833333333332,95.26932310051586
2026-11-05 06:00:00,100.42416666666666,100.38799426672875
2026-11-05 07:00:00,98.22166666666666,97.95498372721744
2026-11-05 08:00:00,89.7525,89.865644791607
2026-11-05 09:00:00,89.19166666666666,88.39307651586586
2026-11-05 10:00:00,88.85416666666667,86.99669334405928
2026-11-05 11:00:00,93.19,89.662233154788
2026-11-05 12:00:00,91.865,90.84551156668738
2026-11-05 13:00:00,87.56,87.56058221690881
2026-11-05 14:00:00,92.46916666666668,92.69397306950827
2026-11-05 15:00:00,84.25166666666668,84.20237603636139
2026-11-05 16:00:00,91.575,90.56165505171492
2026-11-05 17:00:00,90.60666666666664,89.53991270660663
2026-11-05 18:00:00,84.23833333333333,84.16786627668915
2026-11-05 19:00:00,79.66833333333334,78.4041083152203
2026-11-05 20:00:00,74.4625,73.10842178402692
2026-11-05 21:00:00,81.01,83.15578017023302
2026-11-05 22:00:00,90.87666666666668,92.84849330608273
2026-11-05 23:00:00,86.40416666666667,87.04761472422808
2026-11-06 00:00:00,96.01166666666668,94.10060711559265
2026-11-06 01:00:00,104.615,106.27710364506595
2026-11-06 02:00:00,94.65083333333334,93.92072890227615
2026-11-06 03:00:00,109.11583333333331,110.13614396701234
2026-11-06 04:00:00,104.4575,100.58190305425137
2026-11-06 05:00:00,101.73833333333332,95.26932310051586
2026-11-06 06:00:00,100.42416666666666,100.38799426672875
2026-11-06 07:00:00,98.22166666666666,97.95498372721744
2026-11-06 08:00:00,89.7525,89.865644791607
2026-11-06 09:00:00,89.19166666666666,88.39307651586586
2026-11-06 10:00:00,88.85416666666667,86.99669334405928
2026-11-06 11:00:00,93.19,89.662233154788
2026-11-06 12:00:00,91.865,90.84551156668738
2026-11-06 13:00:00,87.56,87.56058221690881
2026-11-06 14:00:00,92.46916666666668,92.69397306950827
2026-11-06 15:00:00,84.25166666666668,84.20237603636139
2026-11-06 16:00:00,91.575,90.56165505171492
2026-11-06 17:00:00,90.60666666666664,89.53991270660663
2026-11-06 18:00:00,84.23833333333333,84.16786627668915
2026-11-06 19:00:00,79.66833333333334,78.4041083152203
2026-11-06 20:00:00,74.4625,73.10842178402692
2026-11-06 21:00:00,81.01,83.15578017023302
2026-11-06 22:00:00,90.87666666666668,92.84849330608273
2026-11-06 23:00:00,86.40416666666667,87.04761472422808
2026-11-07 00:00:00,96.01166666666668,94.10060711559265
2026-11-07 01:00:00,104.615,106.27710364506595
2026-11-07 02:00:00,94.65083333333334,93.92072890227615
2026-11-07 03:00:00,109.11583333333331,110.13614396701234
2026-11-07 04:00:00,104.4575,100.58190305425137
2026-11-07 05:00:00,101.73833333333332,95.26932310051586
2026-11-07 06:00:00,100.42416666666666,100.38799426672875
2026-11-07 07:00:00,98.22166666666666,97.95498372721744
2026-11-07 08:00:00,89.7525,89.865644791607
2026-11-07 09:00:00,89.19166666666666,88.39307651586586
2026-11-07 10:00:00,88.85416666666667,86.99669334405928
2026-11-07 11:00:00,93.19,89.662233154788
2026-11-07 12:00:00,91.865,90.84551156668738
2026-11-07 13:00:00,87.56,87.56058221690881
2026-11-07 14:00:00,92.46916666666668,92.69397306950827
2026-11-07 15:00:00,84.25166666666668,84.20237603636139
2026-11-07 16:00:00,91.575,90.56165505171492
2026-11-07 17:00:00,90.60666666666664,89.53991270660663
2026-11-07 18:00:00,84.23833333333333,84.16786627668915
2026-11-07 19:00:00,79.66833333333334,78.4041083152203
2026-11-07 20:00:00,74.4625,73.10842178402692
2026-11-07 21:00:00,81.01,83.15578017023302
2026-11-07 22:00:00,90.87666666666668,92.84849330608273
2026-11-07 23:00:00,86.40416666666667,87.04761472422808
2026-11-08 00:00:00,96.01166666666668,94.10060711559265
2026-11-08 01:00:00,104.615,106.27710364506595
2026-11-08 02:00:00,94.65083333333334,93.92072890227615
2026-11-08 03:00:00,109.11583333333331,110.13614396701234
2026-11-08 04:00:00,104.4575,100.58190305425137
2026-11-08 05:00:00,101.73833333333332,95.26932310051586
2026-11-08 06:00:00,100.42416666666666,100.38799426672875
2026-11-08 07:00:00,98.22166666666666,97.95498372721744
2026-11-08 08:00:00,89.7525,89.865644791607
2026-11-08 09:00:00,89.19166666666666,88.39307651586586
2026-11-08 10:00:00,88.85416666666667,86.99669334405928
2026-11-08 11:00:00,93.19,89.662233154788
2026-11-08 12:00:00,91.865,90.84551156668738
2026-11-08 13:00:00,87.56,87.56058221690881
2026-11-08 14:00:00,92.46916666666668,92.69397306950827
2026-11-08 15:00:00,84.25166666666668,84.20237603636139
2026-11-08 16:00:00,91.575,90.56165505171492
2026-11-08 17:00:00,90.60666666666664,89.53991270660663
2026-11-08 18:00:00,84.23833333333333,84.16786627668915
2026-11-08 19:00:00,79.66833333333334,78.4041083152203
2026-11-08 20:00:00,74.4625,73.10842178402692
2026-11-08 21:00:00,81.01,83.15578017023302
2026-11-08 22:00:00,90.87666666666668,92.84849330608273
2026-11-08 23:00:00,86.40416666666667,87.04761472422808
2026-11-09 00:00:00,96.01166666666668,94.10060711559265
2026-11-09 01:00:00,104.615,106.27710364506595
2026-11-09 02:00:00,94.65083333333334,93.92072890227615
2026-11-09 03:00:00,109.11583333333331,110.13614396701234
2026-11-09 04:00:00,104.4575,100.58190305425137
2026-11-09 05:00:00,101.73833333333332,95.26932310051586
2026-11-09 06:00:00,100.42416666666666,100.38799426672875
2026-11-09 07:00:00,98.22166666666666,97.95498372721744
2026-11-09 08:00:00,89.7525,89.865644791607
2026-11-09 09:00:00,89.19166666666666,88.39307651586586
2026-11-09 10:00:00,88.85416666666667,86.99669334405928
2026-11-09 11:00:00,93.19,89.662233154788
2026-11-09 12:00:00,91.865,90.84551156668738
2026-11-09 13:00:00,87.56,87.56058221690881
2026-11-09 14:00:00,92.46916666666668,92.69397306950827
2026-11-09 15:00:00,84.25166666666668,84.20237603636139
2026-11-09 16:00:00,91.575,90.56165505171492
2026-11-09 17:00:00,90.60666666666664,89.53991270660663
2026-11-09 18:00:00,84.23833333333333,84.16786627668915
2026-11-09 19:00:00,79.66833333333334,78.4041083152203
2026-11-09 20:00:00,74.4625,73.10842178402692
2026-11-09 21:00:00,81.01,83.15578017023302
2026-11-09 22:00:00,90.87666666666668,92.84849330608273
2026-11-09 23:00:00,86.40416666666667,87.04761472422808
2026-11-10 00:00:00,96.01166666666668,94.10060711559265
2026-11-10 01:00:00,104.615,106.27710364506595
2026-11-10 02:00:00,94.65083333333334,93.92072890227615
2026-11-10 03:00:00,109.11583333333331,110.13614396701234
2026-11-10 04:00:00,104.4575,100.58190305425137
2026-11-10 05:00:00,101.73833333333332,95.26932310051586
2026-11-10 06:00:00,100.42416666666666,100.38799426672875
2026-11-10 07:00:00,98.22166666666666,97.95498372721744
2026-11-10 08:00:00,89.7525,89.865644791607
2026-11-10 09:00:00,89.19166666666666,88.39307651586586
2026-11-10 10:00:00,88.85416666666667,86.99669334405928
2026-11-10 11:00:00,93.19,89.662233154788
2026-11-10 12:00:00,91.865,90.84551156668738
2026-11-10 13:00:00,87.56,87.56058221690881
2026-11-10 14:00:00,92.46916666666668,92.69397306950827
2026-11-10 15:00:00,84.25166666666668,84.20237603636139
2026-11-10 16:00:00,91.575,90.56165505171492
2026-11-10 17:00:00,90.60666666666664,89.53991270660663
2026-11-10 18:00:00,84.23833333333333,84.16786627668915
2026-11-10 19:00:00,79.66833333333334,78.4041083152203
2026-11-10 20:00:00,74.4625,73.10842178402692
2026-11-10 21:00:00,81.01,83.15578017023302
2026-11-10 22:00:00,90.87666666666668,92.84849330608273
2026-11-10 23:00:00,86.40416666666667,87.04761472422808
2026-11-11 00:00:00,96.01166666666668,94.10060711559265
2026-11-11 01:00:00,104.615,106.27710364506595
2026-11-11 02:00:00,94.65083333333334,93.92072890227615
2026-11-11 03:00:00,109.11583333333331,110.13614396701234
2026-11-11 04:00:00,104.4575,100.58190305425137
2026-11-11 05:00:00,101.73833333333332,95.26932310051586
2026-11-11 06:00:00,100.42416666666666,100.38799426672875
2026-11-11 07:00:00,98.22166666666666,97.95498372721744
2026-11-11 08:00:00,89.7525,89.865644791607
2026-11-11 09:00:00,89.19166666666666,88.39307651586586
2026-11-11 10:00:00,88.85416666666667,86.99669334405928
2026-11-11 11:00:00,93.19,89.662233154788
2026-11-11 12:00:00,91.865,90.84551156668738
2026-11-11 13:00:00,87.56,87.56058221690881
2026-11-11 14:00:00,92.46916666666668,92.69397306950827
2026-11-11 15:00:00,84.25166666666668,84.20237603636139
2026-11-11 16:00:00,91.575,90.56165505171492
2026-11-11 17:00:00,90.60666666666664,89.53991270660663
2026-11-11 18:00:00,84.23833333333333,84.16786627668915
2026-11-11 19:00:00,79.66833333333334,78.4041083152203
2026-11-11 20:00:00,74.4625,73.10842178402692
2026-11-11 21:00:00,81.01,83.15578017023302
2026-11-11 22:00:00,90.87666666666668,92.84849330608273
2026-11-11 23:00:00,86.40416666666667,87.04761472422808
2026-11-12 00:00:00,96.01166666666668,94.10060711559265
2026-11-12 01:00:00,104.615,106.27710364506595
2026-11-12 02:00:00,94.65083333333334,93.92072890227615
2026-11-12 03:00:00,109.11583333333331,110.13614396701234
2026-11-12 04:00:00,104.4575,100.58190305425137
2026-11-12 05:00:00,101.73833333333332,95.26932310051586
2026-11-12 06:00:00,100.42416666666666,100.38799426672875
2026-11-12 07:00:00,98.22166666666666,97.95498372721744
2026-11-12 08:00:00,89.7525,89.865644791607
2026-11-12 09:00:00,89.19166666666666,88.39307651586586
2026-11-12 10:00:00,88.85416666666667,86.99669334405928
2026-11-12 11:00:00,93.19,89.662233154788
2026-11-12 12:00:00,91.865,90.84551156668738
2026-11-12 13:00:00,87.56,87.56058221690881
2026-11-12 14:00:00,92.46916666666668,92.69397306950827
2026-11-12 15:00:00,84.25166666666668,84.20237603636139
2026-11-12 16:00:00,91.575,90.56165505171492
2026-11-12 17:00:00,90.60666666666664,89.53991270660663
2026-11-12 18:00:00,84.23833333333333,84.16786627668915
2026-11-12 19:00:00,79.66833333333334,78.4041083152203
2026-11-12 20:00:00,74.4625,73.10842178402692
2026-11-12 21:00:00,81.01,83.15578017023302
2026-11-12 22:00:00,90.87666666666668,92.84849330608273
2026-11-12 23:00:00,86.40416666666667,87.04761472422808
2026-11-13 00:00:00,96.01166666666668,94.10060711559265
2026-11-13 01:00:00,104.615,106.27710364506595
2026-11-13 02:00:00,94.65083333333334,93.92072890227615
2026-11-13 03:00:00,109.11583333333331,110.13614396701234
2026-11-13 04:00:00,104.4575,100.58190305425137
2026-11-13 05:00:00,101.73833333333332,95.26932310051586
2026-11-13 06:00:00,100.42416666666666,100.38799426672875
2026-11-13 07:00:00,98.22166666666666,97.95498372721744
2026-11-13 08:00:00,89.7525,89.865644791607
2026-11-13 09:00:00,89.19166666666666,88.39307651586586
2026-11-13 10:00:00,88.85416666666667,86.99669334405928
2026-11-13 11:00:00,93.19,89.662233154788
2026-11-13 12:00:00,91.865,90.84551156668738
2026-11-13 13:00:00,87.56,87.56058221690881
2026-11-13 14:00:00,92.46916666666668,92.69397306950827
2026-11-13 15:00:00,84.25166666666668,84.20237603636139
2026-11-13 16:00:00,91.575,90.56165505171492
2026-11-13 17:00:00,90.60666666666664,89.53991270660663
2026-11-13 18:00:00,84.23833333333333,84.16786627668915
2026-11-13 19:00:00,79.66833333333334,78.4041083152203
2026-11-13 20:00:00,74.4625,73.10842178402692
2026-11-13 21:00:00,81.01,83.15578017023302
2026-11-13 22:00:00,90.87666666666668,92.84849330608273
2026-11-13 23:00:00,86.40416666666667,87.04761472422808
2026-11-14 00:00:00,96.01166666666668,94.10060711559265
2026-11-14 01:00:00,104.615,106.27710364506595
2026-11-14 02:00:00,94.65083333333334,93.92072890227615
2026-11-14 03:00:00,109.11583333333331,110.13614396701234
2026-11-14 04:00:00,104.4575,100.58190305425137
2026-11-14 05:00:00,101.73833333333332,95.26932310051586
2026-11-14 06:00:00,100.42416666666666,100.38799426672875
2026-11-14 07:00:00,98.22166666666666,97.95498372721744
2026-11-14 08:00:00,89.7525,89.865644791607
2026-11-14 09:00:00,89.19166666666666,88.39307651586586
2026-11-14 10:00:00,88.85416666666667,86.99669334405928
2026-11-14 11:00:00,93.19,89.662233154788
2026-11-14 12:00:00,91.865,90.84551156668738
2026-11-14 13:00:00,87.56,87.56058221690881
2026-11-14 14:00:00,92.46916666666668,92.69397306950827
2026-11-14 15:00:00,84.25166666666668,84.20237603636139
2026-11-14 16:00:00,91.575,90.56165505171492
2026-11-14 17:00:00,90.60666666666664,89.53991270660663
2026-11-14 18:00:00,84.23833333333333,84.16786627668915
2026-11-14 19:00:00,79.66833333333334,78.4041083152203
2026-11-14 20:00:00,74.4625,73.10842178402692
2026-11-14 21:00:00,81.01,83.15578017023302
2026-11-14 22:00:00,90.87666666666668,92.84849330608273
2026-11-14 23:00:00,86.40416666666667,87.04761472422808
2026-11-15 00:00:00,96.01166666666668,94.10060711559265
2026-11-15 01:00:00,104.615,106.27710364506595
2026-11-15 02:00:00,94.65083333333334,93.92072890227615
2026-11-15 03:00:00,109.11583333333331,110.13614396701234
2026-11-15 04:00:00,104.4575,100.58190305425137
2026-11-15 05:00:00,101.73833333333332,95.26932310051586
2026-11-15 06:00:00,100.42416666666666,100.38799426672875
2026-11-15 07:00:00,98.22166666666666,97.95498372721744
2026-11-15 08:00:00,89.7525,89.865644791607
2026-11-15 09:00:00,89.19166666666666,88.39307651586586
2026-11-15 10:00:00,88.85416666666667,86.99669334405928
2026-11-15 11:00:00,93.19,89.662233154788
2026-11-15 12:00:00,91.865,90.84551156668738
2026-11-15 13:00:00,87.56,87.56058221690881
2026-11-15 14:00:00,92.46916666666668,92.69397306950827
2026-11-15 15:00:00,84.25166666666668,84.20237603636139
2026-11-15 16:00:00,91.575,90.56165505171492
2026-11-15 17:00:00,90.60666666666664,89.53991270660663
2026-11-15 18:00:00,84.23833333333333,84.16786627668915
2026-11-15 19:00:00,79.66833333333334,78.4041083152203
2026-11-15 20:00:00,74.4625,73.10842178402692
2026-11-15 21:00:00,81.01,83.15578017023302
2026-11-15 22:00:00,90.87666666666668,92.84849330608273
2026-11-15 23:00:00,86.40416666666667,87.04761472422808
2026-11-16 00:00:00,96.01166666666668,94.10060711559265
2026-11-16 01:00:00,104.615,106.27710364506595
2026-11-16 02:00:00,94.65083333333334,93.92072890227615
2026-11-16 03:00:00,109.11583333333331,110.13614396701234
2026-11-16 04:00:00,104.4575,100.58190305425137
2026-11-16 05:00:00,101.73833333333332,95.26932310051586
2026-11-16 06:00:00,100.42416666666666,100.38799426672875
2026-11-16 07:00:00,98.22166666666666,97.95498372721744
2026-11-16 08:00:00,89.7525,89.865644791607
2026-11-16 09:00:00,89.19166666666666,88.39307651586586
2026-11-16 10:00:00,88.85416666666667,86.99669334405928
2026-11-16 11:00:00,93.19,89.662233154788
2026-11-16 12:00:00,91.865,90.84551156668738
2026-11-16 13:00:00,87.56,87.56058221690881
2026-11-16 14:00:00,92.46916666666668,92.69397306950827
2026-11-16 15:00:00,84.25166666666668,84.20237603636139
2026-11-16 16:00:00,91.575,90.56165505171492
2026-11-16 17:00:00,90.60666666666664,89.53991270660663
2026-11-16 18:00:00,84.23833333333333,84.16786627668915
2026-11-16 19:00:00,79.66833333333334,78.4041083152203
2026-11-16 20:00:00,74.4625,73.10842178402692
2026-11-16 21:00:00,81.01,83.15578017023302
2026-11-16 22:00:00,90.87666666666668,92.84849330608273
2026-11-16 23:00:00,86.40416666666667,87.04761472422808
2026-11-17 00:00:00,96.01166666666668,94.10060711559265
2026-11-17 01:00:00,104.615,106.27710364506595
2026-11-17 02:00:00,94.65083333333334,93.92072890227615
2026-11-17 03:00:00,109.11583333333331,110.13614396701234
2026-11-17 04:00:00,104.4575,100.58190305425137
2026-11-17 05:00:00,101.73833333333332,95.26932310051586
2026-11-17 06:00:00,100.42416666666666,100.38799426672875
2026-11-17 07:00:00,98.22166666666666,97.95498372721744
2026-11-17 08:00:00,89.7525,89.865644791607
2026-11-17 09:00:00,89.19166666666666,88.39307651586586
2026-11-17 10:00:00,88.85416666666667,86.99669334405928
2026-11-17 11:00:00,93.19,89.662233154788
2026-11-17 12:00:00,91.865,90.84551156668738
2026-11-17 13:00:00,87.56,87.56058221690881
2026-11-17 14:00:00,92.46916666666668,92.69397306950827
2026-11-17 15:00:00,84.25166666666668,84.20237603636139
2026-11-17 16:00:00,91.575,90.56165505171492
2026-11-17 17:00:00,90.60666666666664,89.53991270660663
2026-11-17 18:00:00,84.23833333333333,84.16786627668915
2026-11-17 19:00:00,79.66833333333334,78.4041083152203
2026-11-17 20:00:00,74.4625,73.10842178402692
2026-11-17 21:00:00,81.01,83.15578017023302
2026-11-17 22:00:00,90.87666666666668,92.84849330608273
2026-11-17 23:00:00,86.40416666666667,87.04761472422808
2026-11-18 00:00:00,96.01166666666668,94.10060711559265
2026-11-18 01:00:00,104.615,106.27710364506595
2026-11-18 02:00:00,94.65083333333334,93.92072890227615
2026-11-18 03:00:00,109.11583333333331,110.13614396701234
2026-11-18 04:00:00,104.4575,100.58190305425137
2026-11-18 05:00:00,101.73833333333332,95.26932310051586
2026-11-18 06:00:00,100.42416666666666,100.38799426672875
2026-11-18 07:00:00,98.22166666666666,97.95498372721744
2026-11-18 08:00:00,89.7525,89.865644791607
2026-11-18 09:00:00,89.19166666666666,88.39307651586586
2026-11-18 10:00:00,88.85416666666667,86.99669334405928
2026-11-18 11:00:00,93.19,89.662233154788
2026-11-18 12:00:00,91.865,90.84551156668738
2026-11-18 13:00:00,87.56,87.56058221690881
2026-11-18 14:00:00,92.46916666666668,92.69397306950827
2026-11-18 15:00:00,84.25166666666668,84.20237603636139
2026-11-18 16:00:00,91.575,90.56165505171492
2026-11-18 17:00:00,90.60666666666664,89.53991270660663
2026-11-18 18:00:00,84.23833333333333,84.16786627668915
2026-11-18 19:00:00,79.66833333333334,78.4041083152203
2026-11-18 20:00:00,74.4625,73.10842178402692
2026-11-18 21:00:00,81.01,83.15578017023302
2026-11-18 22:00:00,90.87666666666668,92.84849330608273
2026-11-18 23:00:00,86.40416666666667,87.04761472422808
2026-11-19 00:00:00,96.01166666666668,94.10060711559265
2026-11-19 01:00:00,104.615,106.27710364506595
2026-11-19 02:00:00,94.65083333333334,93.92072890227615
2026-11-19 03:00:00,109.11583333333331,110.13614396701234
2026-11-19 04:00:00,104.4575,100.58190305425137
2026-11-19 05:00:00,101.73833333333332,95.26932310051586
2026-11-19 06:00:00,100.42416666666666,100.38799426672875
2026-11-19 07:00:00,98.22166666666666,97.95498372721744
2026-11-19 08:00:00,89.7525,89.865644791607
2026-11-19 09:00:00,89.19166666666666,88.39307651586586
2026-11-19 10:00:00,88.85416666666667,86.99669334405928
2026-11-19 11:00:00,93.19,89.662233154788
2026-11-19 12:00:00,91.865,90.84551156668738
2026-11-19 13:00:00,87.56,87.56058221690881
2026-11-19 14:00:00,92.46916666666668,92.69397306950827
2026-11-19 15:00:00,84.25166666666668,84.20237603636139
2026-11-19 16:00:00,91.575,90.56165505171492
2026-11-19 17:00:00,90.60666666666664,89.53991270660663
2026-11-19 18:00:00,84.23833333333333,84.16786627668915
2026-11-19 19:00:00,79.66833333333334,78.4041083152203
2026-11-19 20:00:00,74.4625,73.10842178402692
2026-11-19 21:00:00,81.01,83.15578017023302
2026-11-19 22:00:00,90.87666666666668,92.84849330608273
2026-11-19 23:00:00,86.40416666666667,87.04761472422808
2026-11-20 00:00:00,96.01166666666668,94.10060711559265
2026-11-20 01:00:00,104.615,106.27710364506595
2026-11-20 02:00:00,94.65083333333334,93.92072890227615
2026-11-20 03:00:00,109.11583333333331,110.13614396701234
2026-11-20 04:00:00,104.4575,100.58190305425137
2026-11-20 05:00:00,101.73833333333332,95.26932310051586
2026-11-20 06:00:00,100.42416666666666,100.38799426672875
2026-11-20 07:00:00,98.22166666666666,97.95498372721744
2026-11-20 08:00:00,89.7525,89.865644791607
2026-11-20 09:00:00,89.19166666666666,88.39307651586586
2026-11-20 10:00:00,88.85416666666667,86.99669334405928
2026-11-20 11:00:00,93.19,89.662233154788
2026-11-20 12:00:00,91.865,90.84551156668738
2026-11-20 13:00:00,87.56,87.56058221690881
2026-11-20 14:00:00,92.46916666666668,92.69397306950827
2026-11-20 15:00:00,84.25166666666668,84.20237603636139
2026-11-20 16:00:00,91.575,90.56165505171492
2026-11-20 17:00:00,90.60666666666664,89.53991270660663
2026-11-20 18:00:00,84.23833333333333,84.16786627668915
2026-11-20 19:00:00,79.66833333333334,78.4041083152203
2026-11-20 20:00:00,74.4625,73.10842178402692
2026-11-20 21:00:00,81.01,83.15578017023302
2026-11-20 22:00:00,90.87666666666668,92.84849330608273
2026-11-20 23:00:00,86.40416666666667,87.04761472422808
2026-11-21 00:00:00,96.01166666666668,94.10060711559265
2026-11-21 01:00:00,104.615,106.27710364506595
2026-11-21 02:00:00,94.65083333333334,93.92072890227615
2026-11-21 03:00:00,109.11583333333331,110.13614396701234
2026-11-21 04:00:00,104.4575,100.58190305425137
2026-11-21 05:00:00,101.73833333333332,95.26932310051586
2026-11-21 06:00:00,100.42416666666666,100.38799426672875
2026-11-21 07:00:00,98.22166666666666,97.95498372721744
2026-11-21 08:00:00,89.7525,89.865644791607
2026-11-21 09:00:00,89.19166666666666,88.39307651586586
2026-11-21 10:00:00,88.85416666666667,86.99669334405928
2026-11-21 11:00:00,93.19,89.662233154788
2026-11-21 12:00:00,91.865,90.84551156668738
2026-11-21 13:00:00,87.56,87.56058221690881
2026-11-21 14:00:00,92.46916666666668,92.69397306950827
2026-11-21 15:00:00,84.25166666666668,84.20237603636139
2026-11-21 16:00:00,91.575,90.56165505171492
2026-11-21 17:00:00,90.60666666666664,89.53991270660663
2026-11-21 18:00:00,84.23833333333333,84.16786627668915
2026-11-21 19:00:00,79.66833333333334,78.4041083152203
2026-11-21 20:00:00,74.4625,73.10842178402692
2026-11-21 21:00:00,81.01,83.15578017023302
2026-11-21 22:00:00,90.87666666666668,92.84849330608273
2026-11-21 23:00:00,86.40416666666667,87.04761472422808
2026-11-22 00:00:00,96.01166666666668,94.10060711559265
2026-11-22 01:00:00,104.615,106.27710364506595
2026-11-22 02:00:00,94.65083333333334,93.92072890227615
2026-11-22 03:00:00,109.11583333333331,110.13614396701234
2026-11-22 04:00:00,104.4575,100.58190305425137
2026-11-22 05:00:00,101.73833333333332,95.26932310051586
2026-11-22 06:00:00,100.42416666666666,100.38799426672875
2026-11-22 07:00:00,98.22166666666666,97.95498372721744
2026-11-22 08:00:00,89.7525,89.865644791607
2026-11-22 09:00:00,89.19166666666666,88.39307651586586
2026-11-22 10:00:00,88.85416666666667,86.99669334405928
2026-11-22 11:00:00,93.19,89.662233154788
2026-11-22 12:00:00,91.865,90.84551156668738
2026-11-22 13:00:00,87.56,87.56058221690881
2026-11-22 14:00:00,92.46916666666668,92.69397306950827
2026-11-22 15:00:00,84.25166666666668,84.20237603636139
2026-11-22 16:00:00,91.575,90.56165505171492
2026-11-22 17:00:00,90.60666666666664,89.53991270660663
2026-11-22 18:00:00,84.23833333333333,84.16786627668915
2026-11-22 19:00:00,79.66833333333334,78.4041083152203
2026-11-22 20:00:00,74.4625,73.10842178402692
2026-11-22 21:00:00,81.01,83.15578017023302
2026-11-22 22:00:00,90.87666666666668,92.84849330608273
2026-11-22 23:00:00,86.40416666666667,87.04761472422808
2026-11-23 00:00:00,96.01166666666668,94.10060711559265
2026-11-23 01:00:00,104.615,106.27710364506595
2026-11-23 02:00:00,94.65083333333334,93.92072890227615
2026-11-23 03:00:00,109.11583333333331,110.13614396701234
2026-11-23 04:00:00,104.4575,100.58190305425137
2026-11-23 05:00:00,101.73833333333332,95.26932310051586
2026-11-23 06:00:00,100.42416666666666,100.38799426672875
2026-11-23 07:00:00,98.22166666666666,97.95498372721744
2026-11-23 08:00:00,89.7525,89.865644791607
2026-11-23 09:00:00,89.19166666666666,88.39307651586586
2026-11-23 10:00:00,88.85416666666667,86.99669334405928
2026-11-23 11:00:00,93.19,89.662233154788
2026-11-23 12:00:00,91.865,90.84551156668738
2026-11-23 13:00:00,87.56,87.56058221690881
2026-11-23 14:00:00,92.46916666666668,92.69397306950827
2026-11-23 15:00:00,84.25166666666668,84.20237603636139
2026-11-23 16:00:00,91.575,90.56165505171492
2026-11-23 17:00:00,90.60666666666664,89.53991270660663
2026-11-23 18:00:00,84.23833333333333,84.16786627668915
2026-11-23 19:00:00,79.66833333333334,78.4041083152203
2026-11-23 20:00:00,74.4625,73.10842178402692
2026-11-23 21:00:00,81.01,83.15578017023302
2026-11-23 22:00:00,90.87666666666668,92.84849330608273
2026-11-23 23:00:00,86.40416666666667,87.04761472422808
2026-11-24 00:00:00,96.01166666666668,94.10060711559265
2026-11-24 01:00:00,104.615,106.27710364506595
2026-11-24 02:00:00,94.65083333333334,93.92072890227615
2026-11-24 03:00:00,109.11583333333331,110.13614396701234
2026-11-24 04:00:00,104.4575,100.58190305425137
2026-11-24 05:00:00,101.73833333333332,95.26932310051586
2026-11-24 06:00:00,100.42416666666666,100.38799426672875
2026-11-24 07:00:00,98.22166666666666,97.95498372721744
2026-11-24 08:00:00,89.7525,89.865644791607
2026-11-24 09:00:00,89.19166666666666,88.39307651586586
2026-11-24 10:00:00,88.85416666666667,86.99669334405928
2026-11-24 11:00:00,93.19,89.662233154788
2026-11-24 12:00:00,91.865,90.84551156668738
2026-11-24 13:00:00,87.56,87.56058221690881
2026-11-24 14:00:00,92.46916666666668,92.69397306950827
2026-11-24 15:00:00,84.25166666666668,84.20237603636139
2026-11-24 16:00:00,91.575,90.56165505171492
2026-11-24 17:00:00,90.60666666666664,89.53991270660663
2026-11-24 18:00:00,84.23833333333333,84.16786627668915
2026-11-24 19:00:00,79.66833333333334,78.4041083152203
2026-11-24 20:00:00,74.4625,73.10842178402692
2026-11-24 21:00:00,81.01,83.15578017023302
2026-11-24 22:00:00,90.87666666666668,92.84849330608273
2026-11-24 23:00:00,86.40416666666667,87.04761472422808
2026-11-25 00:00:00,96.01166666666668,94.10060711559265
2026-11-25 01:00:00,104.615,106.27710364506595
2026-11-25 02:00:00,94.65083333333334,93.92072890227615
2026-11-25 03:00:00,109.11583333333331,110.13614396701234
2026-11-25 04:00:00,104.4575,100.58190305425137
2026-11-25 05:00:00,101.73833333333332,95.26932310051586
2026-11-25 06:00:00,100.42416666666666,100.38799426672875
2026-11-25 07:00:00,98.22166666666666,97.95498372721744
2026-11-25 08:00:00,89.7525,89.865644791607
2026-11-25 09:00:00,89.19166666666666,88.39307651586586
2026-11-25 10:00:00,88.85416666666667,86.99669334405928
2026-11-25 11:00:00,93.19,89.662233154788
2026-11-25 12:00:00,91.865,90.84551156668738
2026-11-25 13:00:00,87.56,87.56058221690881
2026-11-25 14:00:00,92.46916666666668,92.69397306950827
2026-11-25 15:00:00,84.25166666666668,84.20237603636139
2026-11-25 16:00:00,91.575,90.56165505171492
2026-11-25 17:00:00,90.60666666666664,89.53991270660663
2026-11-25 18:00:00,84.23833333333333,84.16786627668915
2026-11-25 19:00:00,79.66833333333334,78.4041083152203
2026-11-25 20:00:00,74.4625,73.10842178402692
2026-11-25 21:00:00,81.01,83.15578017023302
2026-11-25 22:00:00,90.87666666666668,92.84849330608273
2026-11-25 23:00:00,86.40416666666667,87.04761472422808
2026-11-26 00:00:00,96.01166666666668,94.10060711559265
2026-11-26 01:00:00,104.615,106.27710364506595
2026-11-26 02:00:00,94.65083333333334,93.92072890227615
2026-11-26 03:00:00,109.11583333333331,110.13614396701234
2026-11-26 04:00:00,104.4575,100.58190305425137
2026-11-26 05:00:00,101.73833333333332,95.26932310051586
2026-11-26 06:00:00,100.42416666666666,100.38799426672875
2026-11-26 07:00:00,98.22166666666666,97.95498372721744
2026-11-26 08:00:00,89.7525,89.865644791607
2026-11-26 09:00:00,89.19166666666666,88.39307651586586
2026-11-26 10:00:00,88.85416666666667,86.99669334405928
2026-11-26 11:00:00,93.19,89.662233154788
2026-11-26 12:00:00,91.865,90.84551156668738
2026-11-26 13:00:00,87.56,87.56058221690881
2026-11-26 14:00:00,92.46916666666668,92.69397306950827
2026-11-26 15:00:00,84.25166666666668,84.20237603636139
2026-11-26 16:00:00,91.575,90.56165505171492
2026-11-26 17:00:00,90.60666666666664,89.53991270660663
2026-11-26 18:00:00,84.23833333333333,84.16786627668915
2026-11-26 19:00:00,79.66833333333334,78.4041083152203
2026-11-26 20:00:00,74.4625,73.10842178402692
2026-11-26 21:00:00,81.01,83.15578017023302
2026-11-26 22:00:00,90.87666666666668,92.84849330608273
2026-11-26 23:00:00,86.40416666666667,87.04761472422808
2026-11-27 00:00:00,96.01166666666668,94.10060711559265
2026-11-27 01:00:00,104.615,106.27710364506595
2026-11-27 02:00:00,94.65083333333334,93.92072890227615
2026-11-27 03:00:00,109.11583333333331,110.13614396701234
2026-11-27 04:00:00,104.4575,100.58190305425137
2026-11-27 05:00:00,101.73833333333332,95.26932310051586
2026-11-27 06:00:00,100.42416666666666,100.38799426672875
2026-11-27 07:00:00,98.22166666666666,97.95498372721744
2026-11-27 08:00:00,89.7525,89.865644791607
2026-11-27 09:00:00,89.19166666666666,88.39307651586586
2026-11-27 10:00:00,88.85416666666667,86.99669334405928
2026-11-27 11:00:00,93.19,89.662233154788
2026-11-27 12:00:00,91.865,90.84551156668738
2026-11-27 13:00:00,87.56,87.56058221690881
2026-11-27 14:00:00,92.46916666666668,92.69397306950827
2026-11-27 15:00:00,84.25166666666668,84.20237603636139
2026-11-27 16:00:00,91.575,90.56165505171492
2026-11-27 17:00:00,90.60666666666664,89.53991270660663
2026-11-27 18:00:00,84.23833333333333,84.16786627668915
2026-11-27 19:00:00,79.66833333333334,78.4041083152203
2026-11-27 20:00:00,74.4625,73.10842178402692
2026-11-27 21:00:00,81.01,83.15578017023302
2026-11-27 22:00:00,90.87666666666668,92.84849330608273
2026-11-27 23:00:00,86.40416666666667,87.04761472422808
2026-11-28 00:00:00,96.01166666666668,94.10060711559265
2026-11-28 01:00:00,104.615,106.27710364506595
2026-11-28 02:00:00,94.65083333333334,93.92072890227615
2026-11-28 03:00:00,109.11583333333331,110.13614396701234
2026-11-28 04:00:00,104.4575,100.58190305425137
2026-11-28 05:00:00,101.73833333333332,95.26932310051586
2026-11-28 06:00:00,100.42416666666666,100.38799426672875
2026-11-28 07:00:00,98.22166666666666,97.95498372721744
2026-11-28 08:00:00,89.7525,89.865644791607
2026-11-28 09:00:00,89.19166666666666,88.39307651586586
2026-11-28 10:00:00,88.85416666666667,86.99669334405928
2026-11-28 11:00:00,93.19,89.662233154788
2026-11-28 12:00:00,91.865,90.84551156668738
2026-11-28 13:00:00,87.56,87.56058221690881
2026-11-28 14:00:00,92.46916666666668,92.69397306950827
2026-11-28 15:00:00,84.25166666666668,84.20237603636139
2026-11-28 16:00:00,91.575,90.56165505171492
2026-11-28 17:00:00,90.60666666666664,89.53991270660663
2026-11-28 18:00:00,84.23833333333333,84.16786627668915
2026-11-28 19:00:00,79.66833333333334,78.4041083152203
2026-11-28 20:00:00,74.4625,73.10842178402692
2026-11-28 21:00:00,81.01,83.15578017023302
2026-11-28 22:00:00,90.87666666666668,92.84849330608273
2026-11-28 23:00:00,86.40416666666667,87.04761472422808
2026-11-29 00:00:00,96.01166666666668,94.10060711559265
2026-11-29 01:00:00,104.615,106.27710364506595
2026-11-29 02:00:00,94.65083333333334,93.92072890227615
2026-11-29 03:00:00,109.11583333333331,110.13614396701234
2026-11-29 04:00:00,104.4575,100.58190305425137
2026-11-29 05:00:00,101.73833333333332,95.26932310051586
2026-11-29 06:00:00,100.42416666666666,100.38799426672875
2026-11-29 07:00:00,98.22166666666666,97.95498372721744
2026-11-29 08:00:00,89.7525,89.865644791607
2026-11-29 09:00:00,89.19166666666666,88.39307651586586
2026-11-29 10:00:00,88.85416666666667,86.99669334405928
2026-11-29 11:00:00,93.19,89.662233154788
2026-11-29 12:00:00,91.865,90.84551156668738
2026-11-29 13:00:00,87.56,87.56058221690881
2026-11-29 14:00:00,92.46916666666668,92.69397306950827
2026-11-29 15:00:00,84.25166666666668,84.20237603636139
2026-11-29 16:00:00,91.575,90.56165505171492
2026-11-29 17:00:00,90.60666666666664,89.53991270660663
2026-11-29 18:00:00,84.23833333333333,84.16786627668915
2026-11-29 19:00:00,79.66833333333334,78.4041083152203
2026-11-29 20:00:00,74.4625,73.10842178402692
2026-11-29 21:00:00,81.01,83.15578017023302
2026-11-29 22:00:00,90.87666666666668,92.84849330608273
2026-11-29 23:00:00,86.40416666666667,87.04761472422808
2026-11-30 00:00:00,96.01166666666668,94.10060711559265
2026-11-30 01:00:00,104.615,106.27710364506595
2026-11-30 02:00:00,94.65083333333334,93.92072890227615
2026-11-30 03:00:00,109.11583333333331,110.13614396701234
2026-11-30 04:00:00,104.4575,100.58190305425137
2026-11-30 05:00:00,101.73833333333332,95.26932310051586
2026-11-30 06:00:00,100.42416666666666,100.38799426672875
2026-11-30 07:00:00,98.22166666666666,97.95498372721744
2026-11-30 08:00:00,89.7525,89.865644791607
2026-11-30 09:00:00,89.19166666666666,88.39307651586586
2026-11-30 10:00:00,88.85416666666667,86.99669334405928
2026-11-30 11:00:00,93.19,89.662233154788
2026-11-30 12:00:00,91.865,90.84551156668738
2026-11-30 13:00:00,87.56,87.56058221690881
2026-11-30 14:00:00,92.46916666666668,92.69397306950827
2026-11-30 15:00:00,84.25166666666668,84.20237603636139
2026-11-30 16:00:00,91.575,90.56165505171492
2026-11-30 17:00:00,90.60666666666664,89.53991270660663
2026-11-30 18:00:00,84.23833333333333,84.16786627668915
2026-11-30 19:00:00,79.66833333333334,78.4041083152203
2026-11-30 20:00:00,74.4625,73.10842178402692
2026-11-30 21:00:00,81.01,83.15578017023302
2026-11-30 22:00:00,90.87666666666668,92.84849330608273
2026-11-30 23:00:00,86.40416666666667,87.04761472422808
2026-12-01 00:00:00,105.33629032258064,103.55194930829111
2026-12-01 01:00:00,105.90645161290324,112.04067498826896
2026-12-01 02:00:00,103.45483870967742,100.45444070851966
2026-12-01 03:00:00,109.43064516129031,108.39637956515361
2026-12-01 04:00:00,112.7967741935484,113.96772237915582
2026-12-01 05:00:00,111.1241935483871,103.20882831453588
2026-12-01 06:00:00,93.39193548387097,92.80134099996917
2026-12-01 07:00:00,103.7967741935484,99.02591547775228
2026-12-01 08:00:00,61.89435483870968,69.3248443276596
2026-12-01 09:00:00,59.89516129032258,62.39525831930462
2026-12-01 10:00:00,60.42177419354839,60.009529964475746
2026-12-01 11:00:00,57.49919354838709,54.839927259194155
2026-12-01 12:00:00,58.39516129032258,54.81972826248733
2026-12-01 13:00:00,62.60725806451613,60.53449861105355
2026-12-01 14:00:00,63.95322580645161,62.43078052229657
2026-12-01 15:00:00,69.93306451612904,70.79930940413851
2026-12-01 16:00:00,59.83306451612904,59.26718076810914
2026-12-01 17:00:00,53.59435483870968,51.756043958288785
2026-12-01 18:00:00,63.93790322580645,62.56482378788587
2026-12-01 19:00:00,67.94596774193548,69.08931843893168
2026-12-01 20:00:00,71.82661290322581,71.78747042064208
2026-12-01 21:00:00,83.56451612903226,85.64731532393625
2026-12-01 22:00:00,95.47741935483872,96.5497259978219
2026-12-01 23:00:00,103.83790322580644,106.06595254392272
2026-12-02 00:00:00,105.33629032258064,103.51262206678263
2026-12-02 01:00:00,105.90645161290324,102.3464648035569
2026-12-02 02:00:00,103.45483870967742,99.62163312226187
2026-12-02 03:00:00,109.43064516129031,108.31253112206548
2026-12-02 04:00:00,112.7967741935484,114.51496842859734
2026-12-02 05:00:00,111.1241935483871,108.65167490684206
2026-12-02 06:00:00,93.39193548387097,93.00510416861192
2026-12-02 07:00:00,103.7967741935484,98.86275367011763
2026-12-02 08:00:00,61.89435483870968,69.25030036673758
2026-12-02 09:00:00,59.89516129032258,62.42091992214239
2026-12-02 10:00:00,60.42177419354839,59.13875309958206
2026-12-02 11:00:00,57.49919354838709,54.874389812569234
2026-12-02 12:00:00,58.39516129032258,54.81972826248733
2026-12-02 13:00:00,62.60725806451613,60.53449861105355
2026-12-02 14:00:00,63.95322580645161,62.43078052229657
2026-12-02 15:00:00,69.93306451612904,70.79930940413851
2026-12-02 16:00:00,59.83306451612904,59.26718076810914
2026-12-02 17:00:00,53.59435483870968,51.756043958288785
2026-12-02 18:00:00,63.93790322580645,62.56482378788587
2026-12-02 19:00:00,67.94596774193548,69.08931843893168
2026-12-02 20:00:00,71.82661290322581,71.78747042064208
2026-12-02 21:00:00,83.56451612903226,85.64731532393625
2026-12-02 22:00:00,95.47741935483872,96.5497259978219
2026-12-02 23:00:00,103.83790322580644,106.06595254392272
2026-12-03 00:00:00,105.33629032258064,103.51262206678263
2026-12-03 01:00:00,105.90645161290324,102.3464648035569
2026-12-03 02:00:00,103.45483870967742,99.62163312226187
2026-12-03 03:00:00,109.43064516129031,108.31253112206548
2026-12-03 04:00:00,112.7967741935484,114.51496842859734
2026-12-03 05:00:00,111.1241935483871,108.65167490684206
2026-12-03 06:00:00,93.39193548387097,93.00510416861192
2026-12-03 07:00:00,103.7967741935484,98.86275367011763
2026-12-03 08:00:00,61.89435483870968,69.25030036673758
2026-12-03 09:00:00,59.89516129032258,62.42091992214239
2026-12-03 10:00:00,60.42177419354839,59.13875309958206
2026-12-03 11:00:00,57.49919354838709,54.874389812569234
2026-12-03 12:00:00,58.39516129032258,54.81972826248733
2026-12-03 13:00:00,62.60725806451613,60.53449861105355
2026-12-03 14:00:00,63.95322580645161,62.43078052229657
2026-12-03 15:00:00,69.93306451612904,70.79930940413851
2026-12-03 16:00:00,59.83306451612904,59.26718076810914
2026-12-03 17:00:00,53.59435483870968,51.756043958288785
2026-12-03 18:00:00,63.93790322580645,62.56482378788587
2026-12-03 19:00:00,67.94596774193548,69.08931843893168
2026-12-03 20:00:00,71.82661290322581,71.78747042064208
2026-12-03 21:00:00,83.56451612903226,85.64731532393625
2026-12-03 22:00:00,95.47741935483872,96.5497259978219
2026-12-03 23:00:00,103.83790322580644,106.06595254392272
2026-12-04 00:00:00,105.33629032258064,103.51262206678263
2026-12-04 01:00:00,105.90645161290324,102.3464648035569
2026-12-04 02:00:00,103.45483870967742,99.62163312226187
2026-12-04 03:00:00,109.43064516129031,108.31253112206548
2026-12-04 04:00:00,112.7967741935484,114.51496842859734
2026-12-04 05:00:00,111.1241935483871,108.65167490684206
2026-12-04 06:00:00,93.39193548387097,93.00510416861192
2026-12-04 07:00:00,103.7967741935484,98.86275367011763
2026-12-04 08:00:00,61.89435483870968,69.25030036673758
2026-12-04 09:00:00,59.89516129032258,62.42091992214239
2026-12-04 10:00:00,60.42177419354839,59.13875309958206
2026-12-04 11:00:00,57.49919354838709,54.874389812569234
2026-12-04 12:00:00,58.39516129032258,54.81972826248733
2026-12-04 13:00:00,62.60725806451613,60.53449861105355
2026-12-04 14:00:00,63.95322580645161,62.43078052229657
2026-12-04 15:00:00,69.93306451612904,70.79930940413851
2026-12-04 16:00:00,59.83306451612904,59.26718076810914
2026-12-04 17:00:00,53.59435483870968,51.756043958288785
2026-12-04 18:00:00,63.93790322580645,62.56482378788587
2026-12-04 19:00:00,67.94596774193548,69.08931843893168
2026-12-04 20:00:00,71.82661290322581,71.78747042064208
2026-12-04 21:00:00,83.56451612903226,85.64731532393625
2026-12-04 22:00:00,95.47741935483872,96.5497259978219
2026-12-04 23:00:00,103.83790322580644,106.06595254392272
2026-12-05 00:00:00,105.33629032258064,103.51262206678263
2026-12-05 01:00:00,105.90645161290324,102.3464648035569
2026-12-05 02:00:00,103.45483870967742,99.62163312226187
2026-12-05 03:00:00,109.43064516129031,108.31253112206548
2026-12-05 04:00:00,112.7967741935484,114.51496842859734
2026-12-05 05:00:00,111.1241935483871,108.65167490684206
2026-12-05 06:00:00,93.39193548387097,93.00510416861192
2026-12-05 07:00:00,103.7967741935484,98.86275367011763
2026-12-05 08:00:00,61.89435483870968,69.25030036673758
2026-12-05 09:00:00,59.89516129032258,62.42091992214239
2026-12-05 10:00:00,60.42177419354839,59.13875309958206
2026-12-05 11:00:00,57.49919354838709,54.874389812569234
2026-12-05 12:00:00,58.39516129032258,54.81972826248733
2026-12-05 13:00:00,62.60725806451613,60.53449861105355
2026-12-05 14:00:00,63.95322580645161,62.43078052229657
2026-12-05 15:00:00,69.93306451612904,70.79930940413851
2026-12-05 16:00:00,59.83306451612904,59.26718076810914
2026-12-05 17:00:00,53.59435483870968,51.756043958288785
2026-12-05 18:00:00,63.93790322580645,62.56482378788587
2026-12-05 19:00:00,67.94596774193548,69.08931843893168
2026-12-05 20:00:00,71.82661290322581,71.78747042064208
2026-12-05 21:00:00,83.56451612903226,85.64731532393625
2026-12-05 22:00:00,95.47741935483872,96.5497259978219
2026-12-05 23:00:00,103.83790322580644,106.06595254392272
2026-12-06 00:00:00,105.33629032258064,103.51262206678263
2026-12-06 01:00:00,105.90645161290324,102.3464648035569
2026-12-06 02:00:00,103.45483870967742,99.62163312226187
2026-12-06 03:00:00,109.43064516129031,108.31253112206548
2026-12-06 04:00:00,112.7967741935484,114.51496842859734
2026-12-06 05:00:00,111.1241935483871,108.65167490684206
2026-12-06 06:00:00,93.39193548387097,93.00510416861192
2026-12-06 07:00:00,103.7967741935484,98.86275367011763
2026-12-06 08:00:00,61.89435483870968,69.25030036673758
2026-12-06 09:00:00,59.89516129032258,62.42091992214239
2026-12-06 10:00:00,60.42177419354839,59.13875309958206
2026-12-06 11:00:00,57.49919354838709,54.874389812569234
2026-12-06 12:00:00,58.39516129032258,54.81972826248733
2026-12-06 13:00:00,62.60725806451613,60.53449861105355
2026-12-06 14:00:00,63.95322580645161,62.43078052229657
2026-12-06 15:00:00,69.93306451612904,70.79930940413851
2026-12-06 16:00:00,59.83306451612904,59.26718076810914
2026-12-06 17:00:00,53.59435483870968,51.756043958288785
2026-12-06 18:00:00,63.93790322580645,62.56482378788587
2026-12-06 19:00:00,67.94596774193548,69.08931843893168
2026-12-06 20:00:00,71.82661290322581,71.78747042064208
2026-12-06 21:00:00,83.56451612903226,85.64731532393625
2026-12-06 22:00:00,95.47741935483872,96.5497259978219
2026-12-06 23:00:00,103.83790322580644,106.06595254392272
2026-12-07 00:00:00,105.33629032258064,103.51262206678263
2026-12-07 01:00:00,105.90645161290324,102.3464648035569
2026-12-07 02:00:00,103.45483870967742,99.62163312226187
2026-12-07 03:00:00,109.43064516129031,108.31253112206548
2026-12-07 04:00:00,112.7967741935484,114.51496842859734
2026-12-07 05:00:00,111.1241935483871,108.65167490684206
2026-12-07 06:00:00,93.39193548387097,93.00510416861192
2026-12-07 07:00:00,103.7967741935484,98.86275367011763
2026-12-07 08:00:00,61.89435483870968,69.25030036673758
2026-12-07 09:00:00,59.89516129032258,62.42091992214239
2026-12-07 10:00:00,60.42177419354839,59.13875309958206
2026-12-07 11:00:00,57.49919354838709,54.874389812569234
2026-12-07 12:00:00,58.39516129032258,54.81972826248733
2026-12-07 13:00:00,62.60725806451613,60.53449861105355
2026-12-07 14:00:00,63.95322580645161,62.43078052229657
2026-12-07 15:00:00,69.93306451612904,70.79930940413851
2026-12-07 16:00:00,59.83306451612904,59.26718076810914
2026-12-07 17:00:00,53.59435483870968,51.756043958288785
2026-12-07 18:00:00,63.93790322580645,62.56482378788587
2026-12-07 19:00:00,67.94596774193548,69.08931843893168
2026-12-07 20:00:00,71.82661290322581,71.78747042064208
2026-12-07 21:00:00,83.56451612903226,85.64731532393625
2026-12-07 22:00:00,95.47741935483872,96.5497259978219
2026-12-07 23:00:00,103.83790322580644,106.06595254392272
2026-12-08 00:00:00,105.33629032258064,103.51262206678263
2026-12-08 01:00:00,105.90645161290324,102.3464648035569
2026-12-08 02:00:00,103.45483870967742,99.62163312226187
2026-12-08 03:00:00,109.43064516129031,108.31253112206548
2026-12-08 04:00:00,112.7967741935484,114.51496842859734
2026-12-08 05:00:00,111.1241935483871,108.65167490684206
2026-12-08 06:00:00,93.39193548387097,93.00510416861192
2026-12-08 07:00:00,103.7967741935484,98.86275367011763
2026-12-08 08:00:00,61.89435483870968,69.25030036673758
2026-12-08 09:00:00,59.89516129032258,62.42091992214239
2026-12-08 10:00:00,60.42177419354839,59.13875309958206
2026-12-08 11:00:00,57.49919354838709,54.874389812569234
2026-12-08 12:00:00,58.39516129032258,54.81972826248733
2026-12-08 13:00:00,62.60725806451613,60.53449861105355
2026-12-08 14:00:00,63.95322580645161,62.43078052229657
2026-12-08 15:00:00,69.93306451612904,70.79930940413851
2026-12-08 16:00:00,59.83306451612904,59.26718076810914
2026-12-08 17:00:00,53.59435483870968,51.756043958288785
2026-12-08 18:00:00,63.93790322580645,62.56482378788587
2026-12-08 19:00:00,67.94596774193548,69.08931843893168
2026-12-08 20:00:00,71.82661290322581,71.78747042064208
2026-12-08 21:00:00,83.56451612903226,85.64731532393625
2026-12-08 22:00:00,95.47741935483872,96.5497259978219
2026-12-08 23:00:00,103.83790322580644,106.06595254392272
2026-12-09 00:00:00,105.33629032258064,103.51262206678263
2026-12-09 01:00:00,105.90645161290324,102.3464648035569
2026-12-09 02:00:00,103.45483870967742,99.62163312226187
2026-12-09 03:00:00,109.43064516129031,108.31253112206548
2026-12-09 04:00:00,112.7967741935484,114.51496842859734
2026-12-09 05:00:00,111.1241935483871,108.65167490684206
2026-12-09 06:00:00,93.39193548387097,93.00510416861192
2026-12-09 07:00:00,103.7967741935484,98.86275367011763
2026-12-09 08:00:00,61.89435483870968,69.25030036673758
2026-12-09 09:00:00,59.89516129032258,62.42091992214239
2026-12-09 10:00:00,60.42177419354839,59.13875309958206
2026-12-09 11:00:00,57.49919354838709,54.874389812569234
2026-12-09 12:00:00,58.39516129032258,54.81972826248733
2026-12-09 13:00:00,62.60725806451613,60.53449861105355
2026-12-09 14:00:00,63.95322580645161,62.43078052229657
2026-12-09 15:00:00,69.93306451612904,70.79930940413851
2026-12-09 16:00:00,59.83306451612904,59.26718076810914
2026-12-09 17:00:00,53.59435483870968,51.756043958288785
2026-12-09 18:00:00,63.93790322580645,62.56482378788587
2026-12-09 19:00:00,67.94596774193548,69.08931843893168
2026-12-09 20:00:00,71.82661290322581,71.78747042064208
2026-12-09 21:00:00,83.56451612903226,85.64731532393625
2026-12-09 22:00:00,95.47741935483872,96.5497259978219
2026-12-09 23:00:00,103.83790322580644,106.06595254392272
2026-12-10 00:00:00,105.33629032258064,103.51262206678263
2026-12-10 01:00:00,105.90645161290324,102.3464648035569
2026-12-10 02:00:00,103.45483870967742,99.62163312226187
2026-12-10 03:00:00,109.43064516129031,108.31253112206548
2026-12-10 04:00:00,112.7967741935484,114.51496842859734
2026-12-10 05:00:00,111.1241935483871,108.65167490684206
2026-12-10 06:00:00,93.39193548387097,93.00510416861192
2026-12-10 07:00:00,103.7967741935484,98.86275367011763
2026-12-10 08:00:00,61.89435483870968,69.25030036673758
2026-12-10 09:00:00,59.89516129032258,62.42091992214239
2026-12-10 10:00:00,60.42177419354839,59.13875309958206
2026-12-10 11:00:00,57.49919354838709,54.874389812569234
2026-12-10 12:00:00,58.39516129032258,54.81972826248733
2026-12-10 13:00:00,62.60725806451613,60.53449861105355
2026-12-10 14:00:00,63.95322580645161,62.43078052229657
2026-12-10 15:00:00,69.93306451612904,70.79930940413851
2026-12-10 16:00:00,59.83306451612904,59.26718076810914
2026-12-10 17:00:00,53.59435483870968,51.756043958288785
2026-12-10 18:00:00,63.93790322580645,62.56482378788587
2026-12-10 19:00:00,67.94596774193548,69.08931843893168
2026-12-10 20:00:00,71.82661290322581,71.78747042064208
2026-12-10 21:00:00,83.56451612903226,85.64731532393625
2026-12-10 22:00:00,95.47741935483872,96.5497259978219
2026-12-10 23:00:00,103.83790322580644,106.06595254392272
2026-12-11 00:00:00,105.33629032258064,103.51262206678263
2026-12-11 01:00:00,105.90645161290324,102.3464648035569
2026-12-11 02:00:00,103.45483870967742,99.62163312226187
2026-12-11 03:00:00,109.43064516129031,108.31253112206548
2026-12-11 04:00:00,112.7967741935484,114.51496842859734
2026-12-11 05:00:00,111.1241935483871,108.65167490684206
2026-12-11 06:00:00,93.39193548387097,93.00510416861192
2026-12-11 07:00:00,103.7967741935484,98.86275367011763
2026-12-11 08:00:00,61.89435483870968,69.25030036673758
2026-12-11 09:00:00,59.89516129032258,62.42091992214239
2026-12-11 10:00:00,60.42177419354839,59.13875309958206
2026-12-11 11:00:00,57.49919354838709,54.874389812569234
2026-12-11 12:00:00,58.39516129032258,54.81972826248733
2026-12-11 13:00:00,62.60725806451613,60.53449861105355
2026-12-11 14:00:00,63.95322580645161,62.43078052229657
2026-12-11 15:00:00,69.93306451612904,70.79930940413851
2026-12-11 16:00:00,59.83306451612904,59.26718076810914
2026-12-11 17:00:00,53.59435483870968,51.756043958288785
2026-12-11 18:00:00,63.93790322580645,62.56482378788587
2026-12-11 19:00:00,67.94596774193548,69.08931843893168
2026-12-11 20:00:00,71.82661290322581,71.78747042064208
2026-12-11 21:00:00,83.56451612903226,85.64731532393625
2026-12-11 22:00:00,95.47741935483872,96.5497259978219
2026-12-11 23:00:00,103.83790322580644,106.06595254392272
2026-12-12 00:00:00,105.33629032258064,103.51262206678263
2026-12-12 01:00:00,105.90645161290324,102.3464648035569
2026-12-12 02:00:00,103.45483870967742,99.62163312226187
2026-12-12 03:00:00,109.43064516129031,108.31253112206548
2026-12-12 04:00:00,112.7967741935484,114.51496842859734
2026-12-12 05:00:00,111.1241935483871,108.65167490684206
2026-12-12 06:00:00,93.39193548387097,93.00510416861192
2026-12-12 07:00:00,103.7967741935484,98.86275367011763
2026-12-12 08:00:00,61.89435483870968,69.25030036673758
2026-12-12 09:00:00,59.89516129032258,62.42091992214239
2026-12-12 10:00:00,60.42177419354839,59.13875309958206
2026-12-12 11:00:00,57.49919354838709,54.874389812569234
2026-12-12 12:00:00,58.39516129032258,54.81972826248733
2026-12-12 13:00:00,62.60725806451613,60.53449861105355
2026-12-12 14:00:00,63.95322580645161,62.43078052229657
2026-12-12 15:00:00,69.93306451612904,70.79930940413851
2026-12-12 16:00:00,59.83306451612904,59.26718076810914
2026-12-12 17:00:00,53.59435483870968,51.756043958288785
2026-12-12 18:00:00,63.93790322580645,62.56482378788587
2026-12-12 19:00:00,67.94596774193548,69.08931843893168
2026-12-12 20:00:00,71.82661290322581,71.78747042064208
2026-12-12 21:00:00,83.56451612903226,85.64731532393625
2026-12-12 22:00:00,95.47741935483872,96.5497259978219
2026-12-12 23:00:00,103.83790322580644,106.06595254392272
2026-12-13 00:00:00,105.33629032258064,103.51262206678263
2026-12-13 01:00:00,105.90645161290324,102.3464648035569
2026-12-13 02:00:00,103.45483870967742,99.62163312226187
2026-12-13 03:00:00,109.43064516129031,108.31253112206548
2026-12-13 04:00:00,112.7967741935484,114.51496842859734
2026-12-13 05:00:00,111.1241935483871,108.65167490684206
2026-12-13 06:00:00,93.39193548387097,93.00510416861192
2026-12-13 07:00:00,103.7967741935484,98.86275367011763
2026-12-13 08:00:00,61.89435483870968,69.25030036673758
2026-12-13 09:00:00,59.89516129032258,62.42091992214239
2026-12-13 10:00:00,60.42177419354839,59.13875309958206
2026-12-13 11:00:00,57.49919354838709,54.874389812569234
2026-12-13 12:00:00,58.39516129032258,54.81972826248733
2026-12-13 13:00:00,62.60725806451613,60.53449861105355
2026-12-13 14:00:00,63.95322580645161,62.43078052229657
2026-12-13 15:00:00,69.93306451612904,70.79930940413851
2026-12-13 16:00:00,59.83306451612904,59.26718076810914
2026-12-13 17:00:00,53.59435483870968,51.756043958288785
2026-12-13 18:00:00,63.93790322580645,62.56482378788587
2026-12-13 19:00:00,67.94596774193548,69.08931843893168
2026-12-13 20:00:00,71.82661290322581,71.78747042064208
2026-12-13 21:00:00,83.56451612903226,85.64731532393625
2026-12-13 22:00:00,95.47741935483872,96.5497259978219
2026-12-13 23:00:00,103.83790322580644,106.06595254392272
2026-12-14 00:00:00,105.33629032258064,103.51262206678263
2026-12-14 01:00:00,105.90645161290324,102.3464648035569
2026-12-14 02:00:00,103.45483870967742,99.62163312226187
2026-12-14 03:00:00,109.43064516129031,108.31253112206548
2026-12-14 04:00:00,112.7967741935484,114.51496842859734
2026-12-14 05:00:00,111.1241935483871,108.65167490684206
2026-12-14 06:00:00,93.39193548387097,93.00510416861192
2026-12-14 07:00:00,103.7967741935484,98.86275367011763
2026-12-14 08:00:00,61.89435483870968,69.25030036673758
2026-12-14 09:00:00,59.89516129032258,62.42091992214239
2026-12-14 10:00:00,60.42177419354839,59.13875309958206
2026-12-14 11:00:00,57.49919354838709,54.874389812569234
2026-12-14 12:00:00,58.39516129032258,54.81972826248733
2026-12-14 13:00:00,62.60725806451613,60.53449861105355
2026-12-14 14:00:00,63.95322580645161,62.43078052229657
2026-12-14 15:00:00,69.93306451612904,70.79930940413851
2026-12-14 16:00:00,59.83306451612904,59.26718076810914
2026-12-14 17:00:00,53.59435483870968,51.756043958288785
2026-12-14 18:00:00,63.93790322580645,62.56482378788587
2026-12-14 19:00:00,67.94596774193548,69.08931843893168
2026-12-14 20:00:00,71.82661290322581,71.78747042064208
2026-12-14 21:00:00,83.56451612903226,85.64731532393625
2026-12-14 22:00:00,95.47741935483872,96.5497259978219
2026-12-14 23:00:00,103.83790322580644,106.06595254392272
2026-12-15 00:00:00,105.33629032258064,103.51262206678263
2026-12-15 01:00:00,105.90645161290324,102.3464648035569
2026-12-15 02:00:00,103.45483870967742,99.62163312226187
2026-12-15 03:00:00,109.43064516129031,108.31253112206548
2026-12-15 04:00:00,112.7967741935484,114.51496842859734
2026-12-15 05:00:00,111.1241935483871,108.65167490684206
2026-12-15 06:00:00,93.39193548387097,93.00510416861192
2026-12-15 07:00:00,103.7967741935484,98.86275367011763
2026-12-15 08:00:00,61.89435483870968,69.25030036673758
2026-12-15 09:00:00,59.89516129032258,62.42091992214239
2026-12-15 10:00:00,60.42177419354839,59.13875309958206
2026-12-15 11:00:00,57.49919354838709,54.874389812569234
2026-12-15 12:00:00,58.39516129032258,54.81972826248733
2026-12-15 13:00:00,62.60725806451613,60.53449861105355
2026-12-15 14:00:00,63.95322580645161,62.43078052229657
2026-12-15 15:00:00,69.93306451612904,70.79930940413851
2026-12-15 16:00:00,59.83306451612904,59.26718076810914
2026-12-15 17:00:00,53.59435483870968,51.756043958288785
2026-12-15 18:00:00,63.93790322580645,62.56482378788587
2026-12-15 19:00:00,67.94596774193548,69.08931843893168
2026-12-15 20:00:00,71.82661290322581,71.78747042064208
2026-12-15 21:00:00,83.56451612903226,85.64731532393625
2026-12-15 22:00:00,95.47741935483872,96.5497259978219
2026-12-15 23:00:00,103.83790322580644,106.06595254392272
2026-12-16 00:00:00,105.33629032258064,103.51262206678263
2026-12-16 01:00:00,105.90645161290324,102.3464648035569
2026-12-16 02:00:00,103.45483870967742,99.62163312226187
2026-12-16 03:00:00,109.43064516129031,108.31253112206548
2026-12-16 04:00:00,112.7967741935484,114.51496842859734
2026-12-16 05:00:00,111.1241935483871,108.65167490684206
2026-12-16 06:00:00,93.39193548387097,93.00510416861192
2026-12-16 07:00:00,103.7967741935484,98.86275367011763
2026-12-16 08:00:00,61.89435483870968,69.25030036673758
2026-12-16 09:00:00,59.89516129032258,62.42091992214239
2026-12-16 10:00:00,60.42177419354839,59.13875309958206
2026-12-16 11:00:00,57.49919354838709,54.874389812569234
2026-12-16 12:00:00,58.39516129032258,54.81972826248733
2026-12-16 13:00:00,62.60725806451613,60.53449861105355
2026-12-16 14:00:00,63.95322580645161,62.43078052229657
2026-12-16 15:00:00,69.93306451612904,70.79930940413851
2026-12-16 16:00:00,59.83306451612904,59.26718076810914
2026-12-16 17:00:00,53.59435483870968,51.756043958288785
2026-12-16 18:00:00,63.93790322580645,62.56482378788587
2026-12-16 19:00:00,67.94596774193548,69.08931843893168
2026-12-16 20:00:00,71.82661290322581,71.78747042064208
2026-12-16 21:00:00,83.56451612903226,85.64731532393625
2026-12-16 22:00:00,95.47741935483872,96.5497259978219
2026-12-16 23:00:00,103.83790322580644,106.06595254392272
2026-12-17 00:00:00,105.33629032258064,103.51262206678263
2026-12-17 01:00:00,105.90645161290324,102.3464648035569
2026-12-17 02:00:00,103.45483870967742,99.62163312226187
2026-12-17 03:00:00,109.43064516129031,108.31253112206548
2026-12-17 04:00:00,112.7967741935484,114.51496842859734
2026-12-17 05:00:00,111.1241935483871,108.65167490684206
2026-12-17 06:00:00,93.39193548387097,93.00510416861192
2026-12-17 07:00:00,103.7967741935484,98.86275367011763
2026-12-17 08:00:00,61.89435483870968,69.25030036673758
2026-12-17 09:00:00,59.89516129032258,62.42091992214239
2026-12-17 10:00:00,60.42177419354839,59.13875309958206
2026-12-17 11:00:00,57.49919354838709,54.874389812569234
2026-12-17 12:00:00,58.39516129032258,54.81972826248733
2026-12-17 13:00:00,62.60725806451613,60.53449861105355
2026-12-17 14:00:00,63.95322580645161,62.43078052229657
2026-12-17 15:00:00,69.93306451612904,70.79930940413851
2026-12-17 16:00:00,59.83306451612904,59.26718076810914
2026-12-17 17:00:00,53.59435483870968,51.756043958288785
2026-12-17 18:00:00,63.93790322580645,62.56482378788587
2026-12-17 19:00:00,67.94596774193548,69.08931843893168
2026-12-17 20:00:00,71.82661290322581,71.78747042064208
2026-12-17 21:00:00,83.56451612903226,85.64731532393625
2026-12-17 22:00:00,95.47741935483872,96.5497259978219
2026-12-17 23:00:00,103.83790322580644,106.06595254392272
2026-12-18 00:00:00,105.33629032258064,103.51262206678263
2026-12-18 01:00:00,105.90645161290324,102.3464648035569
2026-12-18 02:00:00,103.45483870967742,99.62163312226187
2026-12-18 03:00:00,109.43064516129031,108.31253112206548
2026-12-18 04:00:00,112.7967741935484,114.51496842859734
2026-12-18 05:00:00,111.1241935483871,108.65167490684206
2026-12-18 06:00:00,93.39193548387097,93.00510416861192
2026-12-18 07:00:00,103.7967741935484,98.86275367011763
2026-12-18 08:00:00,61.89435483870968,69.25030036673758
2026-12-18 09:00:00,59.89516129032258,62.42091992214239
2026-12-18 10:00:00,60.42177419354839,59.13875309958206
2026-12-18 11:00:00,57.49919354838709,54.874389812569234
2026-12-18 12:00:00,58.39516129032258,54.81972826248733
2026-12-18 13:00:00,62.60725806451613,60.53449861105355
2026-12-18 14:00:00,63.95322580645161,62.43078052229657
2026-12-18 15:00:00,69.93306451612904,70.79930940413851
2026-12-18 16:00:00,59.83306451612904,59.26718076810914
2026-12-18 17:00:00,53.59435483870968,51.756043958288785
2026-12-18 18:00:00,63.93790322580645,62.56482378788587
2026-12-18 19:00:00,67.94596774193548,69.08931843893168
2026-12-18 20:00:00,71.82661290322581,71.78747042064208
2026-12-18 21:00:00,83.56451612903226,85.64731532393625
2026-12-18 22:00:00,95.47741935483872,96.5497259978219
2026-12-18 23:00:00,103.83790322580644,106.06595254392272
2026-12-19 00:00:00,105.33629032258064,103.51262206678263
2026-12-19 01:00:00,105.90645161290324,102.3464648035569
2026-12-19 02:00:00,103.45483870967742,99.62163312226187
2026-12-19 03:00:00,109.43064516129031,108.31253112206548
2026-12-19 04:00:00,112.7967741935484,114.51496842859734
2026-12-19 05:00:00,111.1241935483871,108.65167490684206
2026-12-19 06:00:00,93.39193548387097,93.00510416861192
2026-12-19 07:00:00,103.7967741935484,98.86275367011763
2026-12-19 08:00:00,61.89435483870968,69.25030036673758
2026-12-19 09:00:00,59.89516129032258,62.42091992214239
2026-12-19 10:00:00,60.42177419354839,59.13875309958206
2026-12-19 11:00:00,57.49919354838709,54.874389812569234
2026-12-19 12:00:00,58.39516129032258,54.81972826248733
2026-12-19 13:00:00,62.60725806451613,60.53449861105355
2026-12-19 14:00:00,63.95322580645161,62.43078052229657
2026-12-19 15:00:00,69.93306451612904,70.79930940413851
2026-12-19 16:00:00,59.83306451612904,59.26718076810914
2026-12-19 17:00:00,53.59435483870968,51.756043958288785
2026-12-19 18:00:00,63.93790322580645,62.56482378788587
2026-12-19 19:00:00,67.94596774193548,69.08931843893168
2026-12-19 20:00:00,71.82661290322581,71.78747042064208
2026-12-19 21:00:00,83.56451612903226,85.64731532393625
2026-12-19 22:00:00,95.47741935483872,96.5497259978219
2026-12-19 23:00:00,103.83790322580644,106.06595254392272
2026-12-20 00:00:00,105.33629032258064,103.51262206678263
2026-12-20 01:00:00,105.90645161290324,102.3464648035569
2026-12-20 02:00:00,103.45483870967742,99.62163312226187
2026-12-20 03:00:00,109.43064516129031,108.31253112206548
2026-12-20 04:00:00,112.7967741935484,114.51496842859734
2026-12-20 05:00:00,111.1241935483871,108.65167490684206
2026-12-20 06:00:00,93.39193548387097,93.00510416861192
2026-12-20 07:00:00,103.7967741935484,98.86275367011763
2026-12-20 08:00:00,61.89435483870968,69.25030036673758
2026-12-20 09:00:00,59.89516129032258,62.42091992214239
2026-12-20 10:00:00,60.42177419354839,59.13875309958206
2026-12-20 11:00:00,57.49919354838709,54.874389812569234
2026-12-20 12:00:00,58.39516129032258,54.81972826248733
2026-12-20 13:00:00,62.60725806451613,60.53449861105355
2026-12-20 14:00:00,63.95322580645161,62.43078052229657
2026-12-20 15:00:00,69.93306451612904,70.79930940413851
2026-12-20 16:00:00,59.83306451612904,59.26718076810914
2026-12-20 17:00:00,53.59435483870968,51.756043958288785
2026-12-20 18:00:00,63.93790322580645,62.56482378788587
2026-12-20 19:00:00,67.94596774193548,69.08931843893168
2026-12-20 20:00:00,71.82661290322581,71.78747042064208
2026-12-20 21:00:00,83.56451612903226,85.64731532393625
2026-12-20 22:00:00,95.47741935483872,96.5497259978219
2026-12-20 23:00:00,103.83790322580644,106.06595254392272
2026-12-21 00:00:00,105.33629032258064,103.51262206678263
2026-12-21 01:00:00,105.90645161290324,102.3464648035569
2026-12-21 02:00:00,103.45483870967742,99.62163312226187
2026-12-21 03:00:00,109.43064516129031,108.31253112206548
2026-12-21 04:00:00,112.7967741935484,114.51496842859734
2026-12-21 05:00:00,111.1241935483871,108.65167490684206
2026-12-21 06:00:00,93.39193548387097,93.00510416861192
2026-12-21 07:00:00,103.7967741935484,98.86275367011763
2026-12-21 08:00:00,61.89435483870968,69.25030036673758
2026-12-21 09:00:00,59.89516129032258,62.42091992214239
2026-12-21 10:00:00,60.42177419354839,59.13875309958206
2026-12-21 11:00:00,57.49919354838709,54.874389812569234
2026-12-21 12:00:00,58.39516129032258,54.81972826248733
2026-12-21 13:00:00,62.60725806451613,60.53449861105355
2026-12-21 14:00:00,63.95322580645161,62.43078052229657
2026-12-21 15:00:00,69.93306451612904,70.79930940413851
2026-12-21 16:00:00,59.83306451612904,59.26718076810914
2026-12-21 17:00:00,53.59435483870968,51.756043958288785
2026-12-21 18:00:00,63.93790322580645,62.56482378788587
2026-12-21 19:00:00,67.94596774193548,69.08931843893168
2026-12-21 20:00:00,71.82661290322581,71.78747042064208
2026-12-21 21:00:00,83.56451612903226,85.64731532393625
2026-12-21 22:00:00,95.47741935483872,96.5497259978219
2026-12-21 23:00:00,103.83790322580644,106.06595254392272
2026-12-22 00:00:00,105.33629032258064,103.51262206678263
2026-12-22 01:00:00,105.90645161290324,102.3464648035569
2026-12-22 02:00:00,103.45483870967742,99.62163312226187
2026-12-22 03:00:00,109.43064516129031,108.31253112206548
2026-12-22 04:00:00,112.7967741935484,114.51496842859734
2026-12-22 05:00:00,111.1241935483871,108.65167490684206
2026-12-22 06:00:00,93.39193548387097,93.00510416861192
2026-12-22 07:00:00,103.7967741935484,98.86275367011763
2026-12-22 08:00:00,61.89435483870968,69.25030036673758
2026-12-22 09:00:00,59.89516129032258,62.42091992214239
2026-12-22 10:00:00,60.42177419354839,59.13875309958206
2026-12-22 11:00:00,57.49919354838709,54.874389812569234
2026-12-22 12:00:00,58.39516129032258,54.81972826248733
2026-12-22 13:00:00,62.60725806451613,60.53449861105355
2026-12-22 14:00:00,63.95322580645161,62.43078052229657
2026-12-22 15:00:00,69.93306451612904,70.79930940413851
2026-12-22 16:00:00,59.83306451612904,59.26718076810914
2026-12-22 17:00:00,53.59435483870968,51.756043958288785
2026-12-22 18:00:00,63.93790322580645,62.56482378788587
2026-12-22 19:00:00,67.94596774193548,69.08931843893168
2026-12-22 20:00:00,71.82661290322581,71.78747042064208
2026-12-22 21:00:00,83.56451612903226,85.64731532393625
2026-12-22 22:00:00,95.47741935483872,96.5497259978219
2026-12-22 23:00:00,103.83790322580644,106.06595254392272
2026-12-23 00:00:00,105.33629032258064,103.51262206678263
2026-12-23 01:00:00,105.90645161290324,102.3464648035569
2026-12-23 02:00:00,103.45483870967742,99.62163312226187
2026-12-23 03:00:00,109.43064516129031,108.31253112206548
2026-12-23 04:00:00,112.7967741935484,114.51496842859734
2026-12-23 05:00:00,111.1241935483871,108.65167490684206
2026-12-23 06:00:00,93.39193548387097,93.00510416861192
2026-12-23 07:00:00,103.7967741935484,98.86275367011763
2026-12-23 08:00:00,61.89435483870968,69.25030036673758
2026-12-23 09:00:00,59.89516129032258,62.42091992214239
2026-12-23 10:00:00,60.42177419354839,59.13875309958206
2026-12-23 11:00:00,57.49919354838709,54.874389812569234
2026-12-23 12:00:00,58.39516129032258,54.81972826248733
2026-12-23 13:00:00,62.60725806451613,60.53449861105355
2026-12-23 14:00:00,63.95322580645161,62.43078052229657
2026-12-23 15:00:00,69.93306451612904,70.79930940413851
2026-12-23 16:00:00,59.83306451612904,59.26718076810914
2026-12-23 17:00:00,53.59435483870968,51.756043958288785
2026-12-23 18:00:00,63.93790322580645,62.56482378788587
2026-12-23 19:00:00,67.94596774193548,69.08931843893168
2026-12-23 20:00:00,71.82661290322581,71.78747042064208
2026-12-23 21:00:00,83.56451612903226,85.64731532393625
2026-12-23 22:00:00,95.47741935483872,96.5497259978219
2026-12-23 23:00:00,103.83790322580644,106.06595254392272
2026-12-24 00:00:00,105.33629032258064,103.51262206678263
2026-12-24 01:00:00,105.90645161290324,102.3464648035569
2026-12-24 02:00:00,103.45483870967742,99.62163312226187
2026-12-24 03:00:00,109.43064516129031,108.31253112206548
2026-12-24 04:00:00,112.7967741935484,114.51496842859734
2026-12-24 05:00:00,111.1241935483871,108.65167490684206
2026-12-24 06:00:00,93.39193548387097,93.00510416861192
2026-12-24 07:00:00,103.7967741935484,98.86275367011763
2026-12-24 08:00:00,61.89435483870968,69.25030036673758
2026-12-24 09:00:00,59.89516129032258,62.42091992214239
2026-12-24 10:00:00,60.42177419354839,59.13875309958206
2026-12-24 11:00:00,57.49919354838709,54.874389812569234
2026-12-24 12:00:00,58.39516129032258,54.81972826248733
2026-12-24 13:00:00,62.60725806451613,60.53449861105355
2026-12-24 14:00:00,63.95322580645161,62.43078052229657
2026-12-24 15:00:00,69.93306451612904,70.79930940413851
2026-12-24 16:00:00,59.83306451612904,59.26718076810914
2026-12-24 17:00:00,53.59435483870968,51.756043958288785
2026-12-24 18:00:00,63.93790322580645,62.56482378788587
2026-12-24 19:00:00,67.94596774193548,69.08931843893168
2026-12-24 20:00:00,71.82661290322581,71.78747042064208
2026-12-24 21:00:00,83.56451612903226,85.64731532393625
2026-12-24 22:00:00,95.47741935483872,96.5497259978219
2026-12-24 23:00:00,103.83790322580644,106.06595254392272
2026-12-25 00:00:00,105.33629032258064,103.51262206678263
2026-12-25 01:00:00,105.90645161290324,102.3464648035569
2026-12-25 02:00:00,103.45483870967742,99.62163312226187
2026-12-25 03:00:00,109.43064516129031,108.31253112206548
2026-12-25 04:00:00,112.7967741935484,114.51496842859734
2026-12-25 05:00:00,111.1241935483871,108.65167490684206
2026-12-25 06:00:00,93.39193548387097,93.00510416861192
2026-12-25 07:00:00,103.7967741935484,98.86275367011763
2026-12-25 08:00:00,61.89435483870968,69.25030036673758
2026-12-25 09:00:00,59.89516129032258,62.42091992214239
2026-12-25 10:00:00,60.42177419354839,59.13875309958206
2026-12-25 11:00:00,57.49919354838709,54.874389812569234
2026-12-25 12:00:00,58.39516129032258,54.81972826248733
2026-12-25 13:00:00,62.60725806451613,60.53449861105355
2026-12-25 14:00:00,63.95322580645161,62.43078052229657
2026-12-25 15:00:00,69.93306451612904,70.79930940413851
2026-12-25 16:00:00,59.83306451612904,59.26718076810914
2026-12-25 17:00:00,53.59435483870968,51.756043958288785
2026-12-25 18:00:00,63.93790322580645,62.56482378788587
2026-12-25 19:00:00,67.94596774193548,69.08931843893168
2026-12-25 20:00:00,71.82661290322581,71.78747042064208
2026-12-25 21:00:00,83.56451612903226,85.64731532393625
2026-12-25 22:00:00,95.47741935483872,96.5497259978219
2026-12-25 23:00:00,103.83790322580644,106.06595254392272
2026-12-26 00:00:00,105.33629032258064,103.51262206678263
2026-12-26 01:00:00,105.90645161290324,102.3464648035569
2026-12-26 02:00:00,103.45483870967742,99.62163312226187
2026-12-26 03:00:00,109.43064516129031,108.31253112206548
2026-12-26 04:00:00,112.7967741935484,114.51496842859734
2026-12-26 05:00:00,111.1241935483871,108.65167490684206
2026-12-26 06:00:00,93.39193548387097,93.00510416861192
2026-12-26 07:00:00,103.7967741935484,98.86275367011763
2026-12-26 08:00:00,61.89435483870968,69.25030036673758
2026-12-26 09:00:00,59.89516129032258,62.42091992214239
2026-12-26 10:00:00,60.42177419354839,59.13875309958206
2026-12-26 11:00:00,57.49919354838709,54.874389812569234
2026-12-26 12:00:00,58.39516129032258,54.81972826248733
2026-12-26 13:00:00,62.60725806451613,60.53449861105355
2026-12-26 14:00:00,63.95322580645161,62.43078052229657
2026-12-26 15:00:00,69.93306451612904,70.79930940413851
2026-12-26 16:00:00,59.83306451612904,59.26718076810914
2026-12-26 17:00:00,53.59435483870968,51.756043958288785
2026-12-26 18:00:00,63.93790322580645,62.56482378788587
2026-12-26 19:00:00,67.94596774193548,69.08931843893168
2026-12-26 20:00:00,71.82661290322581,71.78747042064208
2026-12-26 21:00:00,83.56451612903226,85.64731532393625
2026-12-26 22:00:00,95.47741935483872,96.5497259978219
2026-12-26 23:00:00,103.83790322580644,106.06595254392272
2026-12-27 00:00:00,105.33629032258064,103.51262206678263
2026-12-27 01:00:00,105.90645161290324,102.3464648035569
2026-12-27 02:00:00,103.45483870967742,99.62163312226187
2026-12-27 03:00:00,109.43064516129031,108.31253112206548
2026-12-27 04:00:00,112.7967741935484,114.51496842859734
2026-12-27 05:00:00,111.1241935483871,108.65167490684206
2026-12-27 06:00:00,93.39193548387097,93.00510416861192
2026-12-27 07:00:00,103.7967741935484,98.86275367011763
2026-12-27 08:00:00,61.89435483870968,69.25030036673758
2026-12-27 09:00:00,59.89516129032258,62.42091992214239
2026-12-27 10:00:00,60.42177419354839,59.13875309958206
2026-12-27 11:00:00,57.49919354838709,54.874389812569234
2026-12-27 12:00:00,58.39516129032258,54.81972826248733
2026-12-27 13:00:00,62.60725806451613,60.53449861105355
2026-12-27 14:00:00,63.95322580645161,62.43078052229657
2026-12-27 15:00:00,69.93306451612904,70.79930940413851
2026-12-27 16:00:00,59.83306451612904,59.26718076810914
2026-12-27 17:00:00,53.59435483870968,51.756043958288785
2026-12-27 18:00:00,63.93790322580645,62.56482378788587
2026-12-27 19:00:00,67.94596774193548,69.08931843893168
2026-12-27 20:00:00,71.82661290322581,71.78747042064208
2026-12-27 21:00:00,83.56451612903226,85.64731532393625
2026-12-27 22:00:00,95.47741935483872,96.5497259978219
2026-12-27 23:00:00,103.83790322580644,106.06595254392272
2026-12-28 00:00:00,105.33629032258064,103.51262206678263
2026-12-28 01:00:00,105.90645161290324,102.3464648035569
2026-12-28 02:00:00,103.45483870967742,99.62163312226187
2026-12-28 03:00:00,109.43064516129031,108.31253112206548
2026-12-28 04:00:00,112.7967741935484,114.51496842859734
2026-12-28 05:00:00,111.1241935483871,108.65167490684206
2026-12-28 06:00:00,93.39193548387097,93.00510416861192
2026-12-28 07:00:00,103.7967741935484,98.86275367011763
2026-12-28 08:00:00,61.89435483870968,69.25030036673758
2026-12-28 09:00:00,59.89516129032258,62.42091992214239
2026-12-28 10:00:00,60.42177419354839,59.13875309958206
2026-12-28 11:00:00,57.49919354838709,54.874389812569234
2026-12-28 12:00:00,58.39516129032258,54.81972826248733
2026-12-28 13:00:00,62.60725806451613,60.53449861105355
2026-12-28 14:00:00,63.95322580645161,62.43078052229657
2026-12-28 15:00:00,69.93306451612904,70.79930940413851
2026-12-28 16:00:00,59.83306451612904,59.26718076810914
2026-12-28 17:00:00,53.59435483870968,51.756043958288785
2026-12-28 18:00:00,63.93790322580645,62.56482378788587
2026-12-28 19:00:00,67.94596774193548,69.08931843893168
2026-12-28 20:00:00,71.82661290322581,71.78747042064208
2026-12-28 21:00:00,83.56451612903226,85.64731532393625
2026-12-28 22:00:00,95.47741935483872,96.5497259978219
2026-12-28 23:00:00,103.83790322580644,106.06595254392272
2026-12-29 00:00:00,105.33629032258064,103.51262206678263
2026-12-29 01:00:00,105.90645161290324,102.3464648035569
2026-12-29 02:00:00,103.45483870967742,99.62163312226187
2026-12-29 03:00:00,109.43064516129031,108.31253112206548
2026-12-29 04:00:00,112.7967741935484,114.51496842859734
2026-12-29 05:00:00,111.1241935483871,108.65167490684206
2026-12-29 06:00:00,93.39193548387097,93.00510416861192
2026-12-29 07:00:00,103.7967741935484,98.86275367011763
2026-12-29 08:00:00,61.89435483870968,69.25030036673758
2026-12-29 09:00:00,59.89516129032258,62.42091992214239
2026-12-29 10:00:00,60.42177419354839,59.13875309958206
2026-12-29 11:00:00,57.49919354838709,54.874389812569234
2026-12-29 12:00:00,58.39516129032258,54.81972826248733
2026-12-29 13:00:00,62.60725806451613,60.53449861105355
2026-12-29 14:00:00,63.95322580645161,62.43078052229657
2026-12-29 15:00:00,69.93306451612904,70.79930940413851
2026-12-29 16:00:00,59.83306451612904,59.26718076810914
2026-12-29 17:00:00,53.59435483870968,51.756043958288785
2026-12-29 18:00:00,63.93790322580645,62.56482378788587
2026-12-29 19:00:00,67.94596774193548,69.08931843893168
2026-12-29 20:00:00,71.82661290322581,71.78747042064208
2026-12-29 21:00:00,83.56451612903226,85.64731532393625
2026-12-29 22:00:00,95.47741935483872,96.5497259978219
2026-12-29 23:00:00,103.83790322580644,106.06595254392272
2026-12-30 00:00:00,105.33629032258064,103.51262206678263
2026-12-30 01:00:00,105.90645161290324,102.3464648035569
2026-12-30 02:00:00,103.45483870967742,99.62163312226187
2026-12-30 03:00:00,109.43064516129031,108.31253112206548
2026-12-30 04:00:00,112.7967741935484,114.51496842859734
2026-12-30 05:00:00,111.1241935483871,108.65167490684206
2026-12-30 06:00:00,93.39193548387097,93.00510416861192
2026-12-30 07:00:00,103.7967741935484,98.86275367011763
2026-12-30 08:00:00,61.89435483870968,69.25030036673758
2026-12-30 09:00:00,59.89516129032258,62.42091992214239
2026-12-30 10:00:00,60.42177419354839,59.13875309958206
2026-12-30 11:00:00,57.49919354838709,54.874389812569234
2026-12-30 12:00:00,58.39516129032258,54.81972826248733
2026-12-30 13:00:00,62.60725806451613,60.53449861105355
2026-12-30 14:00:00,63.95322580645161,62.43078052229657
2026-12-30 15:00:00,69.93306451612904,70.79930940413851
2026-12-30 16:00:00,59.83306451612904,59.26718076810914
2026-12-30 17:00:00,53.59435483870968,51.756043958288785
2026-12-30 18:00:00,63.93790322580645,62.56482378788587
2026-12-30 19:00:00,67.94596774193548,69.08931843893168
2026-12-30 20:00:00,71.82661290322581,71.78747042064208
2026-12-30 21:00:00,83.56451612903226,85.64731532393625
2026-12-30 22:00:00,95.47741935483872,96.5497259978219
2026-12-30 23:00:00,103.83790322580644,106.06595254392272
2026-12-31 00:00:00,105.33629032258064,103.51262206678263
2026-12-31 01:00:00,105.90645161290324,102.3464648035569
2026-12-31 02:00:00,103.45483870967742,99.62163312226187
2026-12-31 03:00:00,109.43064516129031,108.31253112206548
2026-12-31 04:00:00,112.7967741935484,114.51496842859734
2026-12-31 05:00:00,111.1241935483871,108.65167490684206
2026-12-31 06:00:00,93.39193548387097,93.00510416861192
2026-12-31 07:00:00,103.7967741935484,98.86275367011763
2026-12-31 08:00:00,61.89435483870968,69.25030036673758
2026-12-31 09:00:00,59.89516129032258,62.42091992214239
2026-12-31 10:00:00,60.42177419354839,59.13875309958206
2026-12-31 11:00:00,57.49919354838709,54.874389812569234
2026-12-31 12:00:00,58.39516129032258,54.81972826248733
2026-12-31 13:00:00,62.60725806451613,60.53449861105355
2026-12-31 14:00:00,63.95322580645161,62.43078052229657
2026-12-31 15:00:00,69.93306451612904,70.79930940413851
2026-12-31 16:00:00,59.83306451612904,59.26718076810914
2026-12-31 17:00:00,53.59435483870968,51.756043958288785
2026-12-31 18:00:00,63.93790322580645,62.56482378788587
2026-12-31 19:00:00,67.94596774193548,69.08931843893168
2026-12-31 20:00:00,71.82661290322581,71.78747042064208
2026-12-31 21:00:00,83.56451612903226,85.64731532393625
2026-12-31 22:00:00,95.47741935483872,96.5497259978219
2026-12-31 23:00:00,103.83790322580644,106.06595254392272
